customer_id,acquisition_channel,state,email_opt_in,first_order,last_order,orders,lifetime_value,avg_order_value,lifetime_gross_profit,segment
C-00001,eBay,TN,0,2025-01-01,2025-01-01,1,253.23,253.23,34.23,Hibernating
C-00002,eBay,CA,0,2025-01-01,2025-01-01,1,198.33,198.33,29.33,Hibernating
C-00003,eBay,TX,0,2025-01-01,2025-01-01,1,174.06,174.06,26.06,Hibernating
C-00004,Shopify,NV,1,2025-01-01,2025-05-22,5,61.93,12.39,48.18,At risk
C-00005,Shopify,FL,0,2025-01-01,2025-01-01,1,200.65,200.65,30.65,Hibernating
C-00006,Shopify,CO,1,2025-01-01,2025-07-22,2,42.95,21.48,34.1,At risk
C-00007,Shopify,NY,0,2025-01-01,2025-01-01,1,20.98,20.98,16.78,Hibernating
C-00008,eBay,TX,0,2025-01-01,2025-01-01,1,92.22,92.22,16.22,Hibernating
C-00009,Shopify,CA,1,2025-01-02,2025-03-18,6,97.89,16.32,75.44,At risk
C-00010,eBay,NY,0,2025-01-02,2025-01-02,1,94.17,94.17,18.17,Hibernating
C-00011,Shopify,OR,0,2025-01-02,2025-07-27,5,126.86,25.37,100.51,At risk
C-00012,eBay,CA,0,2025-01-03,2025-04-12,2,40.95,20.48,32.3,At risk
C-00013,Shopify,VA,0,2025-01-03,2025-01-19,2,13.98,6.99,10.58,At risk
C-00014,eBay,NY,0,2025-01-03,2025-01-03,1,188.14,188.14,40.14,Hibernating
C-00015,Shopify,WA,0,2025-01-03,2025-01-03,1,24.98,24.98,19.28,Hibernating
C-00016,eBay,MD,0,2025-01-04,2025-01-04,1,164.29,164.29,31.29,Hibernating
C-00017,Shopify,NY,1,2025-01-04,2025-01-04,1,207.15,207.15,37.15,Hibernating
C-00018,eBay,FL,0,2025-01-05,2025-01-05,1,59.03,59.03,13.03,Hibernating
C-00019,Shopify,MI,1,2025-01-05,2025-01-05,1,112.35,112.35,19.35,Hibernating
C-00020,Shopify,IL,1,2025-01-05,2025-09-09,3,45.95,15.32,35.8,At risk
C-00021,Shopify,TX,1,2025-01-05,2025-01-05,1,184.48,184.48,36.48,Hibernating
C-00022,eBay,NC,0,2025-01-05,2025-01-05,1,60.6,60.6,14.6,Hibernating
C-00023,Shopify,GA,1,2025-01-06,2025-01-06,1,94.33,94.33,18.33,Hibernating
C-00024,eBay,GA,0,2025-01-06,2025-03-16,3,47.95,15.98,38.5,At risk
C-00025,eBay,FL,0,2025-01-07,2025-06-22,2,211.32,105.66,42.32,At risk
C-00026,eBay,MD,0,2025-01-07,2025-01-07,1,293.75,293.75,47.75,Hibernating
C-00027,eBay,CA,0,2025-01-07,2025-01-07,1,104.63,104.63,22.63,Hibernating
C-00028,eBay,FL,0,2025-01-07,2025-01-07,1,211.09,211.09,41.09,Hibernating
C-00029,Shopify,CA,1,2025-01-07,2025-01-25,3,37.95,12.65,28.6,At risk
C-00030,eBay,CA,0,2025-01-07,2025-01-07,1,107.45,107.45,25.45,Hibernating
C-00031,eBay,NY,0,2025-01-07,2025-01-07,1,24.97,24.97,19.47,Hibernating
C-00032,Shopify,CA,0,2025-01-08,2025-01-08,1,7.99,7.99,5.64,Hibernating
C-00033,Shopify,TN,1,2025-01-08,2025-03-23,7,98.89,14.13,76.24,At risk
C-00034,Shopify,VA,0,2025-01-08,2025-01-25,2,22.98,11.49,17.48,At risk
C-00035,eBay,CA,0,2025-01-08,2025-01-08,2,212.06,106.03,43.06,At risk
C-00036,Shopify,NY,0,2025-01-08,2025-01-08,1,97.07,97.07,21.07,Hibernating
C-00037,Shopify,OR,0,2025-01-09,2025-09-05,7,141.87,20.27,110.87,At risk
C-00038,eBay,CA,0,2025-01-09,2025-02-18,2,277.05,138.53,53.05,At risk
C-00039,Shopify,WA,1,2025-01-09,2025-01-09,1,28.97,28.97,22.42,Hibernating
C-00040,Shopify,CO,0,2025-01-09,2025-01-09,1,10.99,10.99,8.89,Hibernating
C-00041,eBay,CA,0,2025-01-09,2025-01-10,2,350.42,175.21,60.42,At risk
C-00042,Shopify,IL,1,2025-01-09,2025-01-09,1,37.96,37.96,30.61,Hibernating
C-00043,Shopify,WA,0,2025-01-10,2025-12-20,4,44.94,11.23,36.09,Champions
C-00044,Shopify,CA,1,2025-01-10,2025-01-10,1,26.97,26.97,21.27,Hibernating
C-00045,Shopify,CA,0,2025-01-10,2025-06-29,5,88.9,17.78,71.65,At risk
C-00046,Shopify,CA,1,2025-01-10,2025-01-10,1,188.38,188.38,40.38,Hibernating
C-00047,eBay,CA,0,2025-01-10,2025-01-10,1,37.96,37.96,30.61,Hibernating
C-00048,eBay,OR,0,2025-01-11,2025-01-11,1,62.78,62.78,16.78,Hibernating
C-00049,eBay,NY,0,2025-01-11,2025-01-11,1,210.8,210.8,41.8,Hibernating
C-00050,eBay,GA,0,2025-01-11,2025-02-27,2,161.82,80.91,39.82,At risk
C-00051,Shopify,WA,1,2025-01-11,2025-01-11,1,250.24,250.24,31.24,Hibernating
C-00052,Shopify,TN,0,2025-01-12,2025-09-03,6,79.92,13.32,62.17,At risk
C-00053,Shopify,TN,0,2025-01-12,2025-01-12,1,187.69,187.69,39.69,Hibernating
C-00054,Shopify,NV,0,2025-01-12,2025-01-12,1,296.86,296.86,52.86,Hibernating
C-00055,Shopify,CO,1,2025-01-12,2025-01-12,2,13.98,6.99,10.58,At risk
C-00056,eBay,PA,0,2025-01-13,2025-01-13,1,94.32,94.32,18.32,Hibernating
C-00057,Shopify,TX,1,2025-01-13,2025-04-14,2,50.95,25.48,40.2,At risk
C-00058,Shopify,CA,0,2025-01-13,2025-01-13,1,7.99,7.99,5.64,Hibernating
C-00059,eBay,FL,0,2025-01-13,2025-01-13,1,61.41,61.41,15.41,Hibernating
C-00060,eBay,FL,0,2025-01-13,2025-01-13,1,202.66,202.66,32.66,Hibernating
C-00061,Shopify,WA,0,2025-01-13,2025-01-17,2,19.98,9.99,14.88,At risk
C-00062,Shopify,FL,1,2025-01-13,2025-03-08,3,27.96,9.32,21.16,At risk
C-00063,Shopify,MI,0,2025-01-14,2025-01-14,1,97.81,97.81,21.81,Hibernating
C-00064,Shopify,CA,1,2025-01-14,2025-04-20,4,104.88,26.22,83.38,At risk
C-00065,Shopify,CA,1,2025-01-14,2025-01-17,2,57.93,28.96,46.13,At risk
C-00066,eBay,CA,0,2025-01-14,2025-01-14,1,101.45,101.45,19.45,Hibernating
C-00067,eBay,FL,0,2025-01-14,2025-01-14,1,118.87,118.87,25.87,Hibernating
C-00068,eBay,CA,0,2025-01-14,2025-01-14,1,100.84,100.84,24.84,Hibernating
C-00069,eBay,MD,0,2025-01-14,2025-01-26,5,88.9,17.78,69.9,At risk
C-00070,Shopify,IL,1,2025-01-15,2025-01-15,1,58.5,58.5,12.5,Hibernating
C-00071,Shopify,CA,0,2025-01-15,2025-01-15,1,107.3,107.3,25.3,Hibernating
C-00072,Shopify,FL,1,2025-01-15,2025-01-16,2,72.93,36.47,57.98,At risk
C-00073,Shopify,CA,1,2025-01-15,2025-03-18,2,29.96,14.98,22.96,At risk
C-00074,Shopify,TN,1,2025-01-15,2025-01-15,1,98.12,98.12,22.12,Hibernating
C-00075,eBay,AZ,0,2025-01-15,2025-01-20,2,303.5,151.75,62.5,At risk
C-00076,eBay,FL,0,2025-01-15,2025-07-05,2,466.52,233.26,74.52,At risk
C-00077,eBay,FL,0,2025-01-16,2025-01-21,2,373.51,186.75,61.51,At risk
C-00078,eBay,TX,0,2025-01-16,2025-01-16,1,282.77,282.77,38.77,Hibernating
C-00079,Shopify,TX,1,2025-01-17,2025-05-22,4,83.92,20.98,66.67,At risk
C-00080,eBay,FL,0,2025-01-17,2025-02-06,3,52.93,17.64,40.63,At risk
C-00081,eBay,MA,0,2025-01-17,2025-01-17,1,189.21,189.21,41.21,Hibernating
C-00082,Shopify,CA,1,2025-01-17,2025-01-17,1,113.73,113.73,20.73,Hibernating
C-00083,Shopify,WA,1,2025-01-18,2025-04-17,5,82.92,16.58,64.12,At risk
C-00084,Shopify,MI,1,2025-01-18,2025-01-18,1,11.98,11.98,9.88,Hibernating
C-00085,eBay,IL,0,2025-01-18,2025-01-18,1,190.1,190.1,42.1,Hibernating
C-00086,Shopify,WA,1,2025-01-19,2025-03-03,2,42.96,21.48,34.56,At risk
C-00087,eBay,MD,0,2025-01-19,2025-01-25,2,273.01,136.5,49.01,At risk
C-00088,eBay,VA,0,2025-01-19,2025-01-20,2,206.1,103.05,43.1,At risk
C-00089,eBay,FL,0,2025-01-19,2025-01-19,1,92.29,92.29,16.29,Hibernating
C-00090,Shopify,PA,0,2025-01-20,2025-01-20,1,15.98,15.98,12.38,Hibernating
C-00091,eBay,CA,0,2025-01-20,2025-02-17,2,465.17,232.58,88.17,At risk
C-00092,eBay,OH,0,2025-01-20,2025-01-20,1,297.51,297.51,53.51,Hibernating
C-00093,Shopify,CA,1,2025-01-20,2025-01-20,1,14.99,14.99,11.84,Hibernating
C-00094,eBay,NY,0,2025-01-20,2025-01-21,2,70.94,35.47,55.99,At risk
C-00095,Shopify,MA,1,2025-01-20,2025-01-20,1,31.97,31.97,25.67,Hibernating
C-00096,Shopify,TX,1,2025-01-21,2025-01-27,2,43.96,21.98,34.26,At risk
C-00097,Shopify,VA,0,2025-01-21,2025-01-21,1,63.21,63.21,17.21,Hibernating
C-00098,Shopify,CA,0,2025-01-21,2025-02-20,3,72.93,24.31,57.98,At risk
C-00099,Shopify,NY,0,2025-01-21,2025-01-21,1,40.96,40.96,32.31,Hibernating
C-00100,Shopify,TN,1,2025-01-21,2025-01-21,1,113.4,113.4,26.4,Hibernating
C-00101,Shopify,MA,1,2025-01-22,2025-01-23,2,58.94,29.47,46.94,At risk
C-00102,Shopify,NY,1,2025-01-22,2025-02-15,2,34.96,17.48,26.91,At risk
C-00103,eBay,CO,0,2025-01-22,2025-01-22,1,100.8,100.8,24.8,Hibernating
C-00104,eBay,OR,0,2025-01-23,2025-01-23,1,253.55,253.55,34.55,Hibernating
C-00105,Shopify,CA,0,2025-01-24,2025-01-24,1,16.98,16.98,13.83,Hibernating
C-00106,eBay,MD,0,2025-01-24,2025-01-24,1,287.91,287.91,43.91,Hibernating
C-00107,Shopify,TN,0,2025-01-24,2025-01-29,2,400.74,200.37,69.74,At risk
C-00108,Shopify,WA,1,2025-01-24,2025-08-25,3,83.91,27.97,66.41,At risk
C-00109,Shopify,VA,0,2025-01-25,2025-01-25,1,99.5,99.5,17.5,Hibernating
C-00110,eBay,PA,0,2025-01-25,2025-06-07,2,42.95,21.48,33.65,At risk
C-00111,Shopify,AZ,0,2025-01-25,2025-02-24,5,82.9,16.58,65.6,At risk
C-00112,Shopify,MA,1,2025-01-26,2025-01-26,1,24.98,24.98,19.28,Hibernating
C-00113,Shopify,NY,1,2025-01-26,2025-01-26,1,62.56,62.56,16.56,Hibernating
C-00114,eBay,CA,0,2025-01-26,2025-01-26,1,94.89,94.89,18.89,Hibernating
C-00115,eBay,NC,0,2025-01-26,2025-01-26,1,178.18,178.18,30.18,Hibernating
C-00116,eBay,AZ,0,2025-01-27,2025-01-27,1,115.71,115.71,22.71,Hibernating
C-00117,Shopify,CA,0,2025-01-27,2025-02-02,2,21.97,10.98,17.32,At risk
C-00118,eBay,MI,0,2025-01-27,2025-01-27,1,7.99,7.99,5.64,Hibernating
C-00119,eBay,CA,0,2025-01-27,2025-01-27,1,255.36,255.36,36.36,Hibernating
C-00120,eBay,CA,0,2025-01-28,2025-04-06,3,44.94,14.98,34.99,At risk
C-00121,Shopify,CA,1,2025-01-28,2025-01-28,1,14.99,14.99,11.84,Hibernating
C-00122,Shopify,CA,0,2025-01-28,2025-07-22,3,59.93,19.98,46.83,At risk
C-00123,Shopify,TX,0,2025-01-29,2025-01-29,2,30.96,15.48,24.41,At risk
C-00124,Shopify,FL,0,2025-01-29,2025-01-29,1,24.98,24.98,19.28,Hibernating
C-00125,eBay,CA,0,2025-01-29,2025-01-29,1,201.26,201.26,31.26,Hibernating
C-00126,Shopify,MI,1,2025-01-29,2025-04-18,3,27.96,9.32,21.16,At risk
C-00127,Shopify,FL,1,2025-01-30,2025-01-30,1,58.65,58.65,12.65,Hibernating
C-00128,Shopify,PA,0,2025-01-30,2025-01-30,1,60.99,60.99,14.99,Hibernating
C-00129,Shopify,MD,0,2025-01-30,2025-01-30,1,24.98,24.98,19.28,Hibernating
C-00130,Shopify,CA,1,2025-01-30,2025-03-20,3,50.94,16.98,39.29,At risk
C-00131,Shopify,MD,1,2025-01-30,2025-01-30,1,5.99,5.99,4.94,Hibernating
C-00132,Shopify,TX,1,2025-01-31,2025-07-11,6,130.86,21.81,103.46,At risk
C-00133,Shopify,AZ,1,2025-01-31,2025-01-31,1,189.48,189.48,41.48,Hibernating
C-00134,Shopify,GA,0,2025-01-31,2025-10-27,6,166.82,27.8,130.72,Champions
C-00135,eBay,TN,0,2025-01-31,2025-01-31,1,9.99,9.99,7.44,Hibernating
C-00136,Shopify,AZ,1,2025-01-31,2025-03-09,3,90.91,30.3,71.51,At risk
C-00137,Shopify,WA,0,2025-01-31,2025-01-31,1,14.99,14.99,11.84,Hibernating
C-00138,Shopify,NY,1,2025-01-31,2025-01-31,1,120.88,120.88,27.88,Hibernating
C-00139,Shopify,FL,0,2025-02-01,2025-02-08,3,42.95,14.32,32.55,At risk
C-00140,Shopify,MD,1,2025-02-01,2025-02-01,1,19.97,19.97,15.52,Hibernating
C-00141,Shopify,CA,1,2025-02-01,2025-07-16,2,25.96,12.98,20.46,At risk
C-00142,Shopify,OH,0,2025-02-01,2025-05-25,4,54.94,13.73,41.14,At risk
C-00143,eBay,CA,0,2025-02-01,2025-02-01,1,99.46,99.46,23.46,Hibernating
C-00144,Shopify,MI,0,2025-02-01,2025-02-01,1,60.24,60.24,14.24,Hibernating
C-00145,Shopify,NY,1,2025-02-01,2025-02-07,2,31.96,15.98,24.76,At risk
C-00146,Shopify,CA,1,2025-02-01,2025-02-01,1,58.89,58.89,12.89,Hibernating
C-00147,Shopify,FL,0,2025-02-01,2025-02-01,1,262.05,262.05,47.05,Hibernating
C-00148,Shopify,CA,1,2025-02-02,2025-02-02,1,58.82,58.82,12.82,Hibernating
C-00149,eBay,TX,0,2025-02-02,2025-02-02,1,303.73,303.73,59.73,Hibernating
C-00150,Shopify,TN,1,2025-02-02,2025-02-02,1,10.99,10.99,8.89,Hibernating
C-00151,Shopify,CA,1,2025-02-02,2025-02-02,1,24.97,24.97,19.47,Hibernating
C-00152,Shopify,NY,0,2025-02-02,2025-02-02,1,59.04,59.04,13.04,Hibernating
C-00153,Shopify,MA,1,2025-02-02,2025-02-03,2,34.97,17.48,26.72,At risk
C-00154,eBay,TX,0,2025-02-02,2025-02-02,1,293.16,293.16,49.16,Hibernating
C-00155,Shopify,CA,1,2025-02-02,2025-02-02,1,107.95,107.95,25.95,Hibernating
C-00156,eBay,IL,0,2025-02-03,2025-02-03,1,294.34,294.34,50.34,Hibernating
C-00157,Shopify,FL,1,2025-02-03,2025-02-04,3,69.93,23.31,56.28,At risk
C-00158,Shopify,MD,1,2025-02-03,2025-02-03,1,24.98,24.98,19.28,Hibernating
C-00159,eBay,TX,0,2025-02-03,2025-02-03,1,96.89,96.89,20.89,Hibernating
C-00160,Shopify,WA,1,2025-02-03,2025-06-16,2,489.52,244.76,97.52,At risk
C-00161,Shopify,PA,1,2025-02-03,2025-02-03,1,101.38,101.38,19.38,Hibernating
C-00162,Shopify,AZ,1,2025-02-03,2025-03-01,3,31.96,10.65,23.66,At risk
C-00163,Shopify,FL,1,2025-02-04,2025-02-06,2,506.04,253.02,106.04,At risk
C-00164,Shopify,TN,1,2025-02-04,2025-02-04,1,20.98,20.98,16.33,Hibernating
C-00165,Shopify,CA,0,2025-02-04,2025-12-24,3,73.93,24.64,58.78,Champions
C-00166,Shopify,CA,0,2025-02-04,2025-02-06,2,29.96,14.98,22.96,At risk
C-00167,eBay,CA,0,2025-02-04,2025-02-04,1,186.14,186.14,38.14,Hibernating
C-00168,eBay,CA,0,2025-02-05,2025-02-05,1,189.28,189.28,41.28,Hibernating
C-00169,eBay,NY,0,2025-02-05,2025-02-05,1,13.98,13.98,10.58,Hibernating
C-00170,eBay,GA,0,2025-02-05,2025-02-05,1,189.4,189.4,41.4,Hibernating
C-00171,Shopify,CA,1,2025-02-05,2025-02-23,2,22.98,11.49,17.48,At risk
C-00172,Shopify,MA,0,2025-02-05,2025-02-05,1,18.98,18.98,14.53,Hibernating
C-00173,Shopify,OH,1,2025-02-05,2025-02-05,1,5.99,5.99,4.94,Hibernating
C-00174,eBay,NV,0,2025-02-05,2025-02-05,1,9.99,9.99,7.44,Hibernating
C-00175,eBay,NY,0,2025-02-05,2025-04-23,2,52.96,26.48,41.16,At risk
C-00176,Shopify,NV,0,2025-02-05,2025-02-15,2,322.39,161.2,57.39,At risk
C-00177,Shopify,CO,1,2025-02-05,2025-03-08,3,47.95,15.98,36.95,At risk
C-00178,Shopify,FL,0,2025-02-06,2025-02-27,2,31.97,15.98,25.22,At risk
C-00179,Shopify,TX,1,2025-02-06,2025-05-03,2,180.33,90.17,41.33,At risk
C-00180,Shopify,FL,0,2025-02-06,2025-02-06,1,16.98,16.98,13.83,Hibernating
C-00181,Shopify,CA,0,2025-02-06,2025-02-06,1,184.27,184.27,36.27,Hibernating
C-00182,Shopify,CA,1,2025-02-06,2025-05-27,4,68.93,17.23,53.28,At risk
C-00183,eBay,CA,0,2025-02-06,2025-03-03,2,312.74,156.37,55.74,At risk
C-00184,eBay,CA,0,2025-02-06,2025-02-06,1,203.44,203.44,34.44,Hibernating
C-00185,Shopify,TX,1,2025-02-06,2025-03-18,3,43.93,14.64,35.28,At risk
C-00186,eBay,TX,0,2025-02-06,2025-02-06,1,114.39,114.39,27.39,Hibernating
C-00187,eBay,CA,0,2025-02-07,2025-02-07,1,20.98,20.98,16.33,Hibernating
C-00188,eBay,CA,0,2025-02-07,2025-02-07,1,20.98,20.98,16.78,Hibernating
C-00189,Shopify,CA,1,2025-02-07,2025-02-07,1,5.99,5.99,4.94,Hibernating
C-00190,Shopify,NY,0,2025-02-07,2025-07-11,3,64.94,21.65,52.34,At risk
C-00191,Shopify,TX,0,2025-02-08,2025-02-08,1,24.97,24.97,19.47,Hibernating
C-00192,eBay,WA,0,2025-02-08,2025-02-08,1,62.71,62.71,16.71,Hibernating
C-00193,eBay,TN,0,2025-02-08,2025-09-24,2,171.29,85.64,38.29,At risk
C-00194,Shopify,CA,1,2025-02-08,2025-02-08,1,264.38,264.38,45.38,Hibernating
C-00195,Shopify,CA,1,2025-02-08,2025-02-08,1,58.41,58.41,12.41,Hibernating
C-00196,eBay,CA,0,2025-02-08,2025-02-08,1,94.85,94.85,18.85,Hibernating
C-00197,Shopify,MD,1,2025-02-08,2025-05-23,2,32.96,16.48,26.21,At risk
C-00198,Shopify,NC,0,2025-02-09,2025-03-30,4,46.95,11.74,35.5,At risk
C-00199,Shopify,IL,0,2025-02-09,2025-02-09,1,267.27,267.27,48.27,Hibernating
C-00200,Shopify,VA,0,2025-02-09,2025-02-09,1,18.98,18.98,14.53,Hibernating
C-00201,eBay,NY,0,2025-02-09,2025-02-09,1,241.48,241.48,47.48,Hibernating
C-00202,eBay,WA,0,2025-02-09,2025-02-09,1,163.27,163.27,30.27,Hibernating
C-00203,Shopify,CA,0,2025-02-09,2025-02-20,2,36.96,18.48,29.16,At risk
C-00204,eBay,TX,0,2025-02-09,2025-02-09,1,169.47,169.47,36.47,Hibernating
C-00205,eBay,TN,0,2025-02-09,2025-02-09,1,104.26,104.26,22.26,Hibernating
C-00206,eBay,AZ,0,2025-02-09,2025-02-09,1,60.55,60.55,14.55,Hibernating
C-00207,eBay,CA,0,2025-02-09,2025-02-09,1,190.48,190.48,42.48,Hibernating
C-00208,Shopify,CA,0,2025-02-09,2025-02-09,1,7.99,7.99,5.64,Hibernating
C-00209,eBay,AZ,0,2025-02-09,2025-02-09,1,118.19,118.19,25.19,Hibernating
C-00210,Shopify,NJ,1,2025-02-09,2025-02-14,2,15.98,7.99,11.28,At risk
C-00211,eBay,FL,0,2025-02-09,2025-04-12,4,86.92,21.73,67.27,At risk
C-00212,Shopify,CA,1,2025-02-09,2025-02-09,1,13.98,13.98,10.58,Hibernating
C-00213,Shopify,CA,0,2025-02-10,2025-09-02,2,67.93,33.97,54.03,At risk
C-00214,eBay,CA,0,2025-02-10,2025-02-10,1,37.96,37.96,30.61,Hibernating
C-00215,Shopify,OH,0,2025-02-10,2025-06-20,4,104.89,26.22,83.64,At risk
C-00216,Shopify,FL,0,2025-02-10,2025-02-10,1,9.99,9.99,7.44,Hibernating
C-00217,eBay,CA,0,2025-02-10,2025-02-10,1,289.93,289.93,45.93,Hibernating
C-00218,eBay,TX,0,2025-02-10,2025-02-10,1,98.93,98.93,22.93,Hibernating
C-00219,Shopify,OH,0,2025-02-10,2025-02-10,1,107.7,107.7,25.7,Hibernating
C-00220,eBay,CA,0,2025-02-11,2025-10-15,3,71.92,23.97,56.07,Champions
C-00221,Shopify,OH,1,2025-02-11,2025-02-11,1,30.97,30.97,24.22,Hibernating
C-00222,Shopify,NY,1,2025-02-11,2025-05-23,2,362.01,181.0,61.01,At risk
C-00223,Shopify,CA,1,2025-02-11,2025-02-11,1,10.99,10.99,8.89,Hibernating
C-00224,Shopify,FL,1,2025-02-11,2025-02-25,2,51.95,25.98,40.55,At risk
C-00225,Shopify,OH,1,2025-02-11,2025-02-11,1,251.41,251.41,32.41,Hibernating
C-00226,Shopify,CA,1,2025-02-12,2025-02-23,2,207.15,103.58,38.15,At risk
C-00227,eBay,MA,0,2025-02-12,2025-02-12,1,26.97,26.97,21.27,Hibernating
C-00228,Shopify,FL,1,2025-02-12,2025-02-12,1,22.98,22.98,17.48,Hibernating
C-00229,eBay,NY,0,2025-02-12,2025-02-12,1,252.8,252.8,33.8,Hibernating
C-00230,Shopify,NY,0,2025-02-12,2025-02-12,1,15.98,15.98,12.38,Hibernating
C-00231,Shopify,FL,1,2025-02-13,2025-08-02,2,26.97,13.48,21.27,At risk
C-00232,Shopify,MI,1,2025-02-13,2025-02-13,1,203.02,203.02,34.02,Hibernating
C-00233,eBay,WA,0,2025-02-13,2025-02-13,1,115.43,115.43,22.43,Hibernating
C-00234,Shopify,OH,1,2025-02-13,2025-03-17,2,36.95,18.48,29.35,At risk
C-00235,Shopify,CA,0,2025-02-13,2025-08-29,2,28.96,14.48,23.71,At risk
C-00236,eBay,TX,0,2025-02-14,2025-02-14,1,98.98,98.98,16.98,Hibernating
C-00237,eBay,NV,0,2025-02-14,2025-02-14,1,31.97,31.97,25.67,Hibernating
C-00238,eBay,MI,0,2025-02-14,2025-02-14,1,114.45,114.45,27.45,Hibernating
C-00239,eBay,AZ,0,2025-02-15,2025-02-15,1,257.0,257.0,38.0,Hibernating
C-00240,Shopify,CA,0,2025-02-15,2025-02-15,1,58.61,58.61,12.61,Hibernating
C-00241,eBay,IL,0,2025-02-16,2025-10-16,3,474.07,158.02,91.07,Champions
C-00242,eBay,VA,0,2025-02-16,2025-02-16,1,9.99,9.99,7.44,Hibernating
C-00243,Shopify,MA,0,2025-02-16,2025-02-16,1,35.97,35.97,28.62,Hibernating
C-00244,Shopify,WA,1,2025-02-16,2025-07-13,2,269.69,134.84,53.69,At risk
C-00245,Shopify,IL,1,2025-02-16,2025-04-07,2,28.96,14.48,23.71,At risk
C-00246,eBay,FL,0,2025-02-16,2025-02-16,1,92.34,92.34,16.34,Hibernating
C-00247,eBay,NY,0,2025-02-16,2025-02-16,1,278.12,278.12,34.12,Hibernating
C-00248,eBay,CA,0,2025-02-16,2025-07-31,2,382.27,191.13,65.27,At risk
C-00249,Shopify,WA,1,2025-02-16,2025-02-16,1,19.97,19.97,15.52,Hibernating
C-00250,Shopify,CO,1,2025-02-16,2025-02-16,1,10.99,10.99,8.89,Hibernating
C-00251,eBay,TX,0,2025-02-16,2025-02-16,1,60.4,60.4,14.4,Hibernating
C-00252,eBay,NJ,0,2025-02-16,2025-02-16,1,114.02,114.02,27.02,Hibernating
C-00253,eBay,CA,0,2025-02-16,2025-04-07,2,234.05,117.03,54.05,At risk
C-00254,eBay,FL,0,2025-02-17,2025-09-06,3,38.96,12.99,29.86,At risk
C-00255,Shopify,CO,1,2025-02-17,2025-09-14,4,66.92,16.73,52.12,At risk
C-00256,Shopify,PA,0,2025-02-17,2025-02-17,1,174.77,174.77,26.77,Hibernating
C-00257,Shopify,NY,1,2025-02-17,2025-02-17,1,10.99,10.99,8.89,Hibernating
C-00258,eBay,TX,0,2025-02-17,2025-08-13,2,19.98,9.99,14.88,At risk
C-00259,eBay,CA,0,2025-02-17,2025-02-17,1,99.44,99.44,23.44,Hibernating
C-00260,eBay,TX,0,2025-02-17,2025-02-17,1,98.04,98.04,22.04,Hibernating
C-00261,eBay,CA,0,2025-02-18,2025-02-18,1,18.98,18.98,14.53,Hibernating
C-00262,eBay,IL,0,2025-02-18,2025-02-18,1,180.31,180.31,32.31,Hibernating
C-00263,eBay,NC,0,2025-02-18,2025-02-18,1,98.24,98.24,22.24,Hibernating
C-00264,eBay,TN,0,2025-02-18,2025-02-18,1,100.92,100.92,24.92,Hibernating
C-00265,eBay,MD,0,2025-02-18,2025-02-18,1,181.06,181.06,33.06,Hibernating
C-00266,Shopify,VA,0,2025-02-19,2025-03-03,3,67.94,22.65,53.84,At risk
C-00267,eBay,CA,0,2025-02-19,2025-02-19,1,14.99,14.99,11.84,Hibernating
C-00268,Shopify,MD,1,2025-02-19,2025-03-01,2,23.97,11.98,18.02,At risk
C-00269,Shopify,NV,0,2025-02-19,2025-02-19,2,19.97,9.98,15.52,At risk
C-00270,Shopify,CA,0,2025-02-19,2025-02-19,1,211.37,211.37,41.37,Hibernating
C-00271,eBay,NY,0,2025-02-19,2025-02-21,2,225.53,112.77,50.53,At risk
C-00272,eBay,NY,0,2025-02-19,2025-11-11,3,348.9,116.3,81.9,Champions
C-00273,Shopify,CA,1,2025-02-20,2025-02-20,1,7.99,7.99,5.64,Hibernating
C-00274,eBay,FL,0,2025-02-20,2025-02-20,1,96.13,96.13,20.13,Hibernating
C-00275,Shopify,PA,1,2025-02-20,2025-02-20,1,36.97,36.97,29.62,Hibernating
C-00276,Shopify,CA,0,2025-02-20,2025-02-20,1,204.52,204.52,34.52,Hibernating
C-00277,Shopify,NJ,1,2025-02-20,2025-02-20,1,9.99,9.99,7.44,Hibernating
C-00278,Shopify,CA,1,2025-02-20,2025-06-12,5,93.89,18.78,74.49,At risk
C-00279,Shopify,PA,1,2025-02-20,2025-02-21,2,52.95,26.48,42.0,At risk
C-00280,eBay,CO,0,2025-02-20,2025-02-20,1,188.55,188.55,40.55,Hibernating
C-00281,Shopify,CA,1,2025-02-21,2025-06-08,2,31.96,15.98,24.76,At risk
C-00282,Shopify,NC,0,2025-02-21,2025-02-21,1,99.05,99.05,23.05,Hibernating
C-00283,Shopify,MD,0,2025-02-22,2025-05-10,2,178.03,89.02,39.03,At risk
C-00284,Shopify,CA,0,2025-02-22,2025-05-22,2,22.97,11.48,18.77,At risk
C-00285,eBay,CA,0,2025-02-22,2025-02-22,1,117.67,117.67,24.67,Hibernating
C-00286,eBay,CA,0,2025-02-22,2025-02-22,1,96.27,96.27,20.27,Hibernating
C-00287,Shopify,TX,0,2025-02-23,2025-02-23,1,20.98,20.98,16.33,Hibernating
C-00288,Shopify,IL,1,2025-02-23,2025-03-09,2,374.06,187.03,62.06,At risk
C-00289,eBay,TX,0,2025-02-23,2025-03-30,3,938.34,312.78,157.34,At risk
C-00290,Shopify,FL,0,2025-02-23,2025-02-23,1,292.4,292.4,51.4,Hibernating
C-00291,eBay,CA,0,2025-02-23,2025-04-12,3,608.47,202.82,108.47,At risk
C-00292,Shopify,CA,1,2025-02-23,2025-02-23,1,92.22,92.22,16.22,Hibernating
C-00293,eBay,CO,0,2025-02-23,2025-04-25,2,44.95,22.48,36.55,At risk
C-00294,eBay,TX,0,2025-02-24,2025-02-24,1,107.85,107.85,20.85,Hibernating
C-00295,Shopify,TX,1,2025-02-24,2025-03-09,2,60.94,30.47,47.64,At risk
C-00296,eBay,TX,0,2025-02-24,2025-03-06,2,298.54,149.27,57.54,At risk
C-00297,Shopify,CA,1,2025-02-24,2025-02-24,1,7.99,7.99,5.64,Hibernating
C-00298,Shopify,MD,1,2025-02-24,2025-02-24,1,199.91,199.91,29.91,Hibernating
C-00299,eBay,CA,0,2025-02-25,2025-02-25,1,9.99,9.99,7.44,Hibernating
C-00300,Shopify,AZ,0,2025-02-25,2025-02-25,1,11.98,11.98,9.88,Hibernating
C-00301,eBay,AZ,0,2025-02-25,2025-02-25,1,208.6,208.6,39.6,Hibernating
C-00302,eBay,MI,0,2025-02-25,2025-02-25,1,60.07,60.07,14.07,Hibernating
C-00303,eBay,NC,0,2025-02-25,2025-02-25,1,174.7,174.7,26.7,Hibernating
C-00304,Shopify,NJ,1,2025-02-25,2025-04-13,2,54.95,27.48,43.15,At risk
C-00305,Shopify,CA,1,2025-02-25,2025-02-25,1,13.98,13.98,10.58,Hibernating
C-00306,eBay,CA,0,2025-02-26,2025-02-26,1,105.72,105.72,23.72,Hibernating
C-00307,eBay,NV,0,2025-02-26,2025-02-26,1,95.59,95.59,19.59,Hibernating
C-00308,eBay,TX,0,2025-02-26,2025-02-26,1,62.85,62.85,16.85,Hibernating
C-00309,eBay,NY,0,2025-02-26,2025-11-17,3,73.92,24.64,58.52,Champions
C-00310,eBay,CA,0,2025-02-26,2025-02-26,1,202.72,202.72,33.72,Hibernating
C-00311,Shopify,AZ,0,2025-02-26,2025-05-30,2,23.97,11.98,18.02,At risk
C-00312,Shopify,IL,0,2025-02-26,2025-08-09,2,27.96,13.98,21.16,At risk
C-00313,Shopify,TX,0,2025-02-27,2025-02-27,1,210.37,210.37,40.37,Hibernating
C-00314,Shopify,CA,0,2025-02-28,2025-02-28,1,37.96,37.96,30.61,Hibernating
C-00315,eBay,TX,0,2025-02-28,2025-02-28,1,96.37,96.37,20.37,Hibernating
C-00316,Shopify,TX,1,2025-02-28,2025-02-28,1,113.41,113.41,26.41,Hibernating
C-00317,Shopify,MI,1,2025-02-28,2025-02-28,1,112.39,112.39,19.39,Hibernating
C-00318,Shopify,PA,1,2025-02-28,2025-03-12,2,49.94,24.97,40.04,At risk
C-00319,Shopify,CA,1,2025-03-01,2025-04-25,3,82.92,27.64,65.42,At risk
C-00320,Shopify,TX,0,2025-03-01,2025-03-01,1,15.98,15.98,12.38,Hibernating
C-00321,eBay,CA,0,2025-03-01,2025-03-01,1,58.8,58.8,12.8,Hibernating
C-00322,eBay,MD,0,2025-03-02,2025-05-24,3,56.93,18.98,44.23,At risk
C-00323,Shopify,TX,0,2025-03-02,2025-03-02,1,98.35,98.35,22.35,Hibernating
C-00324,Shopify,MD,1,2025-03-02,2025-03-02,1,15.98,15.98,12.38,Hibernating
C-00325,eBay,CA,0,2025-03-03,2025-03-03,1,61.63,61.63,15.63,Hibernating
C-00326,Shopify,MI,0,2025-03-03,2025-05-01,3,63.94,21.31,49.14,At risk
C-00327,eBay,CA,0,2025-03-03,2025-03-03,1,10.99,10.99,8.89,Hibernating
C-00328,Shopify,CA,1,2025-03-03,2025-04-13,2,47.95,23.98,38.05,At risk
C-00329,eBay,CA,0,2025-03-03,2025-03-07,2,13.98,6.99,10.58,At risk
C-00330,Shopify,IL,1,2025-03-03,2025-03-03,1,189.17,189.17,41.17,Hibernating
C-00331,eBay,IL,0,2025-03-03,2025-03-03,1,99.22,99.22,23.22,Hibernating
C-00332,Shopify,TX,1,2025-03-03,2025-03-03,1,7.99,7.99,5.64,Hibernating
C-00333,Shopify,NY,0,2025-03-03,2025-08-08,2,359.74,179.87,69.74,At risk
C-00334,eBay,CA,0,2025-03-04,2025-05-24,2,49.94,24.97,38.94,At risk
C-00335,Shopify,GA,1,2025-03-04,2025-03-04,1,58.98,58.98,12.98,Hibernating
C-00336,eBay,CA,0,2025-03-04,2025-03-04,1,273.52,273.52,43.52,Hibernating
C-00337,Shopify,FL,1,2025-03-04,2025-03-04,1,100.94,100.94,24.94,Hibernating
C-00338,eBay,CA,0,2025-03-04,2025-03-04,1,105.34,105.34,23.34,Hibernating
C-00339,Shopify,AZ,1,2025-03-04,2025-03-04,1,258.15,258.15,39.15,Hibernating
C-00340,Shopify,CA,0,2025-03-04,2025-03-04,1,13.98,13.98,10.58,Hibernating
C-00341,eBay,FL,0,2025-03-04,2025-05-31,3,36.96,12.32,28.71,At risk
C-00342,Shopify,TN,0,2025-03-04,2025-03-04,1,9.99,9.99,7.44,Hibernating
C-00343,eBay,CA,0,2025-03-04,2025-03-04,1,26.97,26.97,21.72,Hibernating
C-00344,eBay,CA,0,2025-03-04,2025-03-04,1,18.98,18.98,14.53,Hibernating
C-00345,Shopify,CA,0,2025-03-05,2025-03-05,1,179.85,179.85,31.85,Hibernating
C-00346,eBay,CA,0,2025-03-05,2025-03-05,1,189.16,189.16,41.16,Hibernating
C-00347,eBay,GA,0,2025-03-05,2025-03-05,1,296.74,296.74,52.74,Hibernating
C-00348,eBay,NC,0,2025-03-05,2025-03-05,1,182.83,182.83,34.83,Hibernating
C-00349,Shopify,MA,1,2025-03-06,2025-03-06,2,28.97,14.48,22.42,At risk
C-00350,Shopify,TX,1,2025-03-06,2025-03-06,1,5.99,5.99,4.94,Hibernating
C-00351,eBay,CA,0,2025-03-06,2025-03-06,1,107.87,107.87,25.87,Hibernating
C-00352,eBay,NJ,0,2025-03-06,2025-03-06,1,99.9,99.9,23.9,Hibernating
C-00353,Shopify,OH,1,2025-03-06,2025-03-06,1,120.25,120.25,27.25,Hibernating
C-00354,Shopify,TX,1,2025-03-06,2025-03-06,1,21.98,21.98,17.78,Hibernating
C-00355,Shopify,NY,1,2025-03-07,2025-03-07,1,9.99,9.99,7.44,Hibernating
C-00356,eBay,AZ,0,2025-03-07,2025-03-14,2,34.96,17.48,26.91,At risk
C-00357,eBay,FL,0,2025-03-08,2025-03-08,1,22.97,22.97,18.77,Hibernating
C-00358,eBay,CA,0,2025-03-08,2025-06-23,2,191.17,95.59,39.17,At risk
C-00359,Shopify,TX,0,2025-03-08,2025-03-08,1,7.99,7.99,5.64,Hibernating
C-00360,Shopify,NY,1,2025-03-08,2025-03-08,1,94.99,94.99,18.99,Hibernating
C-00361,Shopify,NY,1,2025-03-09,2025-03-09,1,7.99,7.99,5.64,Hibernating
C-00362,eBay,FL,0,2025-03-09,2025-03-09,1,211.32,211.32,41.32,Hibernating
C-00363,eBay,CA,0,2025-03-10,2025-03-10,1,121.03,121.03,28.03,Hibernating
C-00364,Shopify,TX,1,2025-03-10,2025-03-10,1,107.66,107.66,20.66,Hibernating
C-00365,Shopify,CA,1,2025-03-10,2025-03-10,1,15.98,15.98,12.38,Hibernating
C-00366,eBay,TX,0,2025-03-10,2025-03-10,1,58.92,58.92,12.92,Hibernating
C-00367,Shopify,IL,1,2025-03-10,2025-11-15,5,61.92,12.38,46.62,Champions
C-00368,Shopify,AZ,0,2025-03-11,2025-03-11,1,7.99,7.99,5.64,Hibernating
C-00369,eBay,AZ,0,2025-03-11,2025-06-02,2,32.97,16.48,24.92,At risk
C-00370,Shopify,TX,0,2025-03-11,2025-03-13,2,19.97,9.98,15.52,At risk
C-00371,Shopify,CA,1,2025-03-11,2025-03-11,1,19.97,19.97,15.52,Hibernating
C-00372,Shopify,CO,1,2025-03-11,2025-09-02,3,66.94,22.31,51.74,At risk
C-00373,eBay,OR,0,2025-03-11,2025-03-11,1,165.77,165.77,32.77,Hibernating
C-00374,Shopify,OH,0,2025-03-12,2025-03-12,1,63.44,63.44,17.44,Hibernating
C-00375,Shopify,TX,1,2025-03-12,2025-03-12,1,177.35,177.35,29.35,Hibernating
C-00376,Shopify,TX,0,2025-03-12,2025-07-04,2,49.95,24.98,38.75,At risk
C-00377,Shopify,NJ,0,2025-03-12,2025-03-12,2,364.53,182.26,69.53,At risk
C-00378,Shopify,CA,0,2025-03-13,2025-03-13,1,5.99,5.99,4.94,Hibernating
C-00379,eBay,NY,0,2025-03-14,2025-03-14,1,269.17,269.17,50.17,Hibernating
C-00380,Shopify,TX,0,2025-03-14,2025-04-17,2,20.98,10.49,16.78,At risk
C-00381,Shopify,CA,1,2025-03-14,2025-03-14,1,5.99,5.99,4.94,Hibernating
C-00382,eBay,MD,0,2025-03-14,2025-03-14,1,111.62,111.62,18.62,Hibernating
C-00383,Shopify,CA,0,2025-03-14,2025-03-29,2,23.97,11.98,18.02,At risk
C-00384,Shopify,CA,1,2025-03-14,2025-05-15,2,31.97,15.98,25.22,At risk
C-00385,Shopify,NJ,1,2025-03-14,2025-06-27,2,340.32,170.16,59.32,At risk
C-00386,Shopify,CA,0,2025-03-15,2025-03-15,1,92.58,92.58,16.58,Hibernating
C-00387,eBay,PA,0,2025-03-15,2025-03-15,1,41.96,41.96,33.56,Hibernating
C-00388,Shopify,NC,0,2025-03-16,2025-04-30,2,22.98,11.49,17.48,At risk
C-00389,eBay,PA,0,2025-03-16,2025-03-16,1,179.86,179.86,31.86,Hibernating
C-00390,Shopify,TX,1,2025-03-16,2025-03-27,2,44.97,22.48,35.52,At risk
C-00391,Shopify,NY,1,2025-03-16,2025-03-16,1,163.72,163.72,30.72,Hibernating
C-00392,Shopify,OH,1,2025-03-17,2025-03-17,1,95.55,95.55,19.55,Hibernating
C-00393,Shopify,AZ,0,2025-03-17,2025-03-17,1,35.96,35.96,28.36,Hibernating
C-00394,Shopify,FL,1,2025-03-18,2025-03-18,1,59.78,59.78,13.78,Hibernating
C-00395,Shopify,WA,1,2025-03-18,2025-05-17,4,53.94,13.48,41.89,At risk
C-00396,Shopify,CA,1,2025-03-18,2025-03-18,1,46.96,46.96,37.51,Hibernating
C-00397,Shopify,CA,0,2025-03-19,2025-03-19,1,164.41,164.41,31.41,Hibernating
C-00398,Shopify,CA,1,2025-03-20,2025-03-20,1,178.55,178.55,30.55,Hibernating
C-00399,Shopify,TX,1,2025-03-20,2025-03-20,1,62.66,62.66,16.66,Hibernating
C-00400,Shopify,CA,1,2025-03-20,2025-03-23,2,36.96,18.48,28.06,At risk
C-00401,eBay,CA,0,2025-03-21,2025-03-21,1,99.49,99.49,23.49,Hibernating
C-00402,Shopify,NC,1,2025-03-21,2025-04-04,3,58.94,19.65,45.84,At risk
C-00403,eBay,CA,0,2025-03-21,2025-07-04,3,60.94,20.31,47.64,At risk
C-00404,eBay,TX,0,2025-03-21,2025-03-21,1,105.54,105.54,18.54,Hibernating
C-00405,Shopify,CA,1,2025-03-22,2025-03-22,1,31.97,31.97,25.67,Hibernating
C-00406,eBay,WA,0,2025-03-22,2025-03-22,1,204.38,204.38,35.38,Hibernating
C-00407,eBay,IL,0,2025-03-22,2025-03-22,1,272.14,272.14,53.14,Hibernating
C-00408,Shopify,NY,0,2025-03-22,2025-03-26,3,40.96,13.65,30.56,At risk
C-00409,Shopify,CA,1,2025-03-22,2025-03-22,1,206.67,206.67,36.67,Hibernating
C-00410,Shopify,WA,1,2025-03-23,2025-04-26,2,19.97,9.98,15.52,At risk
C-00411,eBay,CA,0,2025-03-23,2025-03-23,1,175.24,175.24,27.24,Hibernating
C-00412,eBay,MA,0,2025-03-23,2025-03-23,1,278.96,278.96,34.96,Hibernating
C-00413,Shopify,OH,0,2025-03-24,2025-03-24,1,187.88,187.88,39.88,Hibernating
C-00414,Shopify,CA,0,2025-03-24,2025-03-24,1,190.29,190.29,42.29,Hibernating
C-00415,eBay,NY,0,2025-03-24,2025-03-24,1,298.32,298.32,54.32,Hibernating
C-00416,Shopify,CA,1,2025-03-24,2025-03-24,1,5.99,5.99,4.94,Hibernating
C-00417,eBay,MI,0,2025-03-24,2025-03-24,1,283.51,283.51,53.51,Hibernating
C-00418,Shopify,FL,1,2025-03-24,2025-03-24,1,13.98,13.98,10.58,Hibernating
C-00419,Shopify,TX,0,2025-03-24,2025-03-29,2,45.95,22.98,36.25,At risk
C-00420,Shopify,NV,1,2025-03-24,2025-03-24,1,10.99,10.99,8.89,Hibernating
C-00421,Shopify,FL,0,2025-03-24,2025-03-24,1,7.99,7.99,5.64,Hibernating
C-00422,eBay,AZ,0,2025-03-25,2025-03-25,1,100.15,100.15,24.15,Hibernating
C-00423,eBay,AZ,0,2025-03-25,2025-03-25,2,291.94,145.97,61.94,At risk
C-00424,Shopify,FL,1,2025-03-25,2025-03-25,1,11.98,11.98,9.88,Hibernating
C-00425,eBay,GA,0,2025-03-26,2025-03-26,1,163.93,163.93,30.93,Hibernating
C-00426,Shopify,TX,0,2025-03-26,2025-03-26,1,92.74,92.74,16.74,Hibernating
C-00427,eBay,CA,0,2025-03-26,2025-04-25,2,209.79,104.89,40.79,At risk
C-00428,eBay,TX,0,2025-03-27,2025-03-27,1,256.84,256.84,37.84,Hibernating
C-00429,Shopify,TX,1,2025-03-27,2025-04-05,2,53.95,26.98,43.45,At risk
C-00430,eBay,NJ,0,2025-03-27,2025-03-27,1,378.46,378.46,60.46,Hibernating
C-00431,Shopify,NC,1,2025-03-27,2025-03-27,1,32.96,32.96,26.21,Hibernating
C-00432,Shopify,OH,0,2025-03-27,2025-03-27,1,26.97,26.97,21.72,Hibernating
C-00433,eBay,NY,0,2025-03-28,2025-03-28,1,118.27,118.27,25.27,Hibernating
C-00434,Shopify,TX,0,2025-03-28,2025-03-28,1,183.15,183.15,35.15,Hibernating
C-00435,Shopify,CA,1,2025-03-28,2025-03-28,1,15.98,15.98,12.38,Hibernating
C-00436,Shopify,CA,0,2025-03-28,2025-03-28,2,83.93,41.97,67.13,At risk
C-00437,Shopify,CA,1,2025-03-28,2025-03-28,1,96.87,96.87,20.87,Hibernating
C-00438,eBay,FL,0,2025-03-29,2025-11-07,2,458.7,229.35,70.7,Champions
C-00439,eBay,TN,0,2025-03-29,2025-03-29,1,94.86,94.86,18.86,Hibernating
C-00440,Shopify,IL,1,2025-03-29,2025-06-11,2,218.3,109.15,44.3,At risk
C-00441,eBay,FL,0,2025-03-29,2025-03-29,1,97.46,97.46,21.46,Hibernating
C-00442,Shopify,TX,0,2025-03-29,2025-03-29,1,271.95,271.95,52.95,Hibernating
C-00443,Shopify,CA,1,2025-03-30,2025-03-30,1,39.96,39.96,31.31,Hibernating
C-00444,Shopify,WA,1,2025-03-30,2025-03-30,1,14.99,14.99,11.84,Hibernating
C-00445,eBay,NC,0,2025-03-30,2025-03-30,1,198.19,198.19,29.19,Hibernating
C-00446,Shopify,OH,0,2025-03-30,2025-04-26,2,384.21,192.11,64.21,At risk
C-00447,eBay,FL,0,2025-03-30,2025-03-30,1,180.64,180.64,32.64,Hibernating
C-00448,eBay,FL,0,2025-03-30,2025-03-30,1,98.45,98.45,22.45,Hibernating
C-00449,eBay,CO,0,2025-03-31,2025-03-31,1,102.24,102.24,20.24,Hibernating
C-00450,Shopify,TN,1,2025-03-31,2025-03-31,1,162.3,162.3,29.3,Hibernating
C-00451,eBay,TN,0,2025-03-31,2025-03-31,1,60.38,60.38,14.38,Hibernating
C-00452,Shopify,TX,0,2025-04-01,2025-04-01,1,9.99,9.99,7.44,Hibernating
C-00453,Shopify,CA,1,2025-04-01,2025-06-16,3,33.95,11.32,26.1,At risk
C-00454,Shopify,CA,0,2025-04-01,2025-05-17,4,64.94,16.23,49.49,At risk
C-00455,eBay,CA,0,2025-04-02,2025-04-02,1,109.58,109.58,22.58,Hibernating
C-00456,Shopify,CA,1,2025-04-02,2025-05-01,4,79.93,19.98,63.73,At risk
C-00457,Shopify,CA,0,2025-04-02,2025-05-22,2,62.94,31.47,49.89,At risk
C-00458,eBay,TX,0,2025-04-02,2025-04-02,1,60.13,60.13,14.13,Hibernating
C-00459,eBay,OR,0,2025-04-02,2025-04-02,1,290.8,290.8,46.8,Hibernating
C-00460,eBay,WA,0,2025-04-03,2025-10-27,2,367.12,183.56,77.12,Champions
C-00461,Shopify,MI,0,2025-04-03,2025-04-03,1,30.96,30.96,24.41,Hibernating
C-00462,eBay,OH,0,2025-04-03,2025-04-04,2,45.96,22.98,35.61,At risk
C-00463,Shopify,MI,0,2025-04-04,2025-04-20,2,34.97,17.48,26.72,At risk
C-00464,eBay,CA,0,2025-04-04,2025-04-04,1,28.97,28.97,22.42,Hibernating
C-00465,Shopify,NC,0,2025-04-04,2025-04-04,1,25.98,25.98,20.73,Hibernating
C-00466,eBay,TX,0,2025-04-04,2025-04-04,1,100.14,100.14,24.14,Hibernating
C-00467,Shopify,CA,0,2025-04-04,2025-04-04,1,183.5,183.5,35.5,Hibernating
C-00468,Shopify,CA,1,2025-04-05,2025-04-05,1,24.97,24.97,19.47,Hibernating
C-00469,Shopify,TX,0,2025-04-05,2025-04-05,1,31.97,31.97,25.67,Hibernating
C-00470,eBay,TX,0,2025-04-05,2025-04-05,1,93.86,93.86,17.86,Hibernating
C-00471,Shopify,NC,0,2025-04-05,2025-04-05,1,182.37,182.37,34.37,Hibernating
C-00472,eBay,CA,0,2025-04-05,2025-04-05,1,20.98,20.98,16.33,Hibernating
C-00473,Shopify,MA,1,2025-04-06,2025-06-22,3,38.95,12.98,31.15,At risk
C-00474,eBay,FL,0,2025-04-06,2025-04-06,1,92.94,92.94,16.94,Hibernating
C-00475,Shopify,CA,1,2025-04-06,2025-05-16,3,96.89,32.3,77.74,At risk
C-00476,Shopify,TX,1,2025-04-06,2025-06-27,2,44.95,22.48,34.8,At risk
C-00477,eBay,CA,0,2025-04-06,2025-04-06,1,92.57,92.57,16.57,Hibernating
C-00478,Shopify,CA,1,2025-04-07,2025-07-27,2,22.98,11.49,17.48,At risk
C-00479,Shopify,TN,0,2025-04-07,2025-09-07,2,33.97,16.98,26.37,At risk
C-00480,eBay,CA,0,2025-04-07,2025-09-12,3,32.96,10.99,25.11,At risk
C-00481,Shopify,NY,0,2025-04-07,2025-04-07,1,280.97,280.97,36.97,Hibernating
C-00482,eBay,NY,0,2025-04-07,2025-06-19,3,48.95,16.32,39.05,At risk
C-00483,Shopify,TX,0,2025-04-07,2025-04-07,1,18.98,18.98,14.53,Hibernating
C-00484,Shopify,OR,0,2025-04-08,2025-04-08,1,10.99,10.99,8.89,Hibernating
C-00485,eBay,CA,0,2025-04-08,2025-04-08,1,9.99,9.99,7.44,Hibernating
C-00486,Shopify,AZ,0,2025-04-08,2025-04-08,1,18.98,18.98,14.53,Hibernating
C-00487,Shopify,CA,0,2025-04-08,2025-06-01,3,100.91,33.64,79.21,At risk
C-00488,Shopify,VA,1,2025-04-08,2025-11-25,4,82.91,20.73,65.41,Champions
C-00489,eBay,FL,0,2025-04-08,2025-04-08,1,92.72,92.72,16.72,Hibernating
C-00490,Shopify,CA,0,2025-04-08,2025-04-08,1,21.97,21.97,17.32,Hibernating
C-00491,Shopify,CA,0,2025-04-09,2025-04-09,1,105.85,105.85,23.85,Hibernating
C-00492,Shopify,IL,0,2025-04-09,2025-05-30,3,32.96,10.99,25.11,At risk
C-00493,eBay,CA,0,2025-04-09,2025-04-17,2,193.98,96.99,41.98,At risk
C-00494,eBay,WA,0,2025-04-10,2025-04-10,1,295.55,295.55,51.55,Hibernating
C-00495,Shopify,CA,1,2025-04-10,2025-06-09,3,42.95,14.32,32.55,At risk
C-00496,eBay,TX,0,2025-04-10,2025-04-10,1,18.98,18.98,14.53,Hibernating
C-00497,Shopify,OR,0,2025-04-10,2025-04-10,1,301.27,301.27,57.27,Hibernating
C-00498,Shopify,MD,1,2025-04-11,2025-04-11,1,27.97,27.97,22.72,Hibernating
C-00499,Shopify,MA,0,2025-04-11,2025-05-17,2,27.96,13.98,21.16,At risk
C-00500,Shopify,CA,1,2025-04-11,2025-04-17,2,23.97,11.98,18.02,At risk
C-00501,Shopify,GA,0,2025-04-11,2025-07-30,2,61.95,30.98,49.35,At risk
C-00502,Shopify,IL,1,2025-04-12,2025-04-12,1,190.53,190.53,42.53,Hibernating
C-00503,Shopify,CA,1,2025-04-12,2025-08-13,2,34.96,17.48,27.36,At risk
C-00504,Shopify,CA,0,2025-04-12,2025-04-13,2,26.97,13.48,21.27,At risk
C-00505,eBay,NJ,0,2025-04-13,2025-04-13,1,166.58,166.58,33.58,Hibernating
C-00506,eBay,CA,0,2025-04-13,2025-05-04,2,234.87,117.44,40.87,At risk
C-00507,Shopify,AZ,1,2025-04-13,2025-10-22,2,430.07,215.03,72.07,Champions
C-00508,Shopify,TX,1,2025-04-13,2025-04-13,1,31.97,31.97,25.22,Hibernating
C-00509,eBay,CA,0,2025-04-13,2025-04-13,1,113.96,113.96,26.96,Hibernating
C-00510,Shopify,CA,1,2025-04-14,2025-04-14,1,103.91,103.91,21.91,Hibernating
C-00511,Shopify,AZ,0,2025-04-14,2025-04-14,1,7.99,7.99,5.64,Hibernating
C-00512,Shopify,CA,0,2025-04-14,2025-04-14,1,7.99,7.99,5.64,Hibernating
C-00513,eBay,CA,0,2025-04-14,2025-04-14,1,167.84,167.84,34.84,Hibernating
C-00514,eBay,AZ,0,2025-04-14,2025-04-14,1,213.0,213.0,44.0,Hibernating
C-00515,eBay,NJ,0,2025-04-14,2025-05-27,3,44.95,14.98,34.8,At risk
C-00516,eBay,CA,0,2025-04-14,2025-04-14,1,177.94,177.94,29.94,Hibernating
C-00517,Shopify,NV,0,2025-04-14,2025-10-16,4,67.93,16.98,52.93,Champions
C-00518,Shopify,CA,0,2025-04-14,2025-06-28,2,21.97,10.98,16.22,At risk
C-00519,Shopify,TX,1,2025-04-15,2025-04-15,1,44.96,44.96,35.26,Hibernating
C-00520,Shopify,CA,1,2025-04-15,2025-04-15,1,22.97,22.97,18.77,Hibernating
C-00521,eBay,NY,0,2025-04-15,2025-04-15,1,180.28,180.28,32.28,Hibernating
C-00522,eBay,PA,0,2025-04-15,2025-04-15,1,190.34,190.34,42.34,Hibernating
C-00523,eBay,CA,0,2025-04-15,2025-04-15,1,465.37,465.37,88.37,Hibernating
C-00524,eBay,AZ,0,2025-04-15,2025-04-15,1,7.99,7.99,5.64,Hibernating
C-00525,eBay,MD,0,2025-04-15,2025-04-15,1,211.96,211.96,42.96,Hibernating
C-00526,Shopify,MI,0,2025-04-16,2025-04-16,1,5.99,5.99,4.94,Hibernating
C-00527,Shopify,NJ,1,2025-04-16,2025-04-16,1,5.99,5.99,4.94,Hibernating
C-00528,eBay,FL,0,2025-04-16,2025-04-16,1,96.67,96.67,20.67,Hibernating
C-00529,eBay,TX,0,2025-04-17,2025-04-17,1,97.88,97.88,21.88,Hibernating
C-00530,eBay,TX,0,2025-04-17,2025-05-08,2,121.57,60.78,29.57,At risk
C-00531,Shopify,CA,0,2025-04-18,2025-04-18,1,35.97,35.97,28.17,Hibernating
C-00532,Shopify,CA,1,2025-04-18,2025-04-22,2,75.93,37.97,59.48,At risk
C-00533,Shopify,NV,0,2025-04-18,2025-04-18,1,15.98,15.98,12.38,Hibernating
C-00534,Shopify,CA,0,2025-04-18,2025-04-18,1,10.99,10.99,8.89,Hibernating
C-00535,eBay,VA,0,2025-04-18,2025-04-18,1,202.99,202.99,33.99,Hibernating
C-00536,Shopify,MI,1,2025-04-19,2025-05-10,2,47.95,23.98,38.05,At risk
C-00537,Shopify,CA,1,2025-04-20,2025-04-20,1,9.99,9.99,7.44,Hibernating
C-00538,eBay,WA,0,2025-04-20,2025-04-20,2,400.2,200.1,82.2,At risk
C-00539,eBay,MI,0,2025-04-20,2025-04-20,1,119.6,119.6,26.6,Hibernating
C-00540,eBay,AZ,0,2025-04-20,2025-04-20,1,24.97,24.97,19.47,Hibernating
C-00541,eBay,CA,0,2025-04-20,2025-04-20,1,186.53,186.53,38.53,Hibernating
C-00542,Shopify,GA,1,2025-04-20,2025-06-02,2,274.98,137.49,50.98,At risk
C-00543,Shopify,CA,1,2025-04-20,2025-04-20,1,20.98,20.98,16.78,Hibernating
C-00544,eBay,GA,0,2025-04-21,2025-04-21,1,186.65,186.65,38.65,Hibernating
C-00545,Shopify,CA,1,2025-04-21,2025-05-11,2,43.96,21.98,34.26,At risk
C-00546,eBay,CA,0,2025-04-21,2025-04-21,1,100.22,100.22,24.22,Hibernating
C-00547,eBay,NY,0,2025-04-21,2025-04-21,1,178.82,178.82,30.82,Hibernating
C-00548,Shopify,CA,0,2025-04-21,2025-08-10,3,70.93,23.64,55.53,At risk
C-00549,eBay,CA,0,2025-04-21,2025-04-26,2,372.13,186.06,71.13,At risk
C-00550,Shopify,GA,0,2025-04-21,2025-04-21,1,200.11,200.11,31.11,Hibernating
C-00551,eBay,MD,0,2025-04-21,2025-11-10,2,394.95,197.48,74.95,Champions
C-00552,Shopify,MI,1,2025-04-22,2025-04-22,1,176.51,176.51,28.51,Hibernating
C-00553,Shopify,TN,0,2025-04-22,2025-04-22,1,115.97,115.97,22.97,Hibernating
C-00554,Shopify,MD,1,2025-04-22,2025-04-22,1,100.97,100.97,18.97,Hibernating
C-00555,eBay,CA,0,2025-04-22,2025-07-31,2,222.34,111.17,47.34,At risk
C-00556,eBay,GA,0,2025-04-22,2025-04-22,1,10.99,10.99,8.89,Hibernating
C-00557,Shopify,IL,0,2025-04-23,2025-04-23,1,9.99,9.99,7.44,Hibernating
C-00558,Shopify,CA,1,2025-04-23,2025-04-23,1,9.99,9.99,7.44,Hibernating
C-00559,Shopify,MD,0,2025-04-23,2025-04-23,1,7.99,7.99,5.64,Hibernating
C-00560,Shopify,MI,1,2025-04-23,2025-04-23,1,20.98,20.98,16.78,Hibernating
C-00561,Shopify,FL,0,2025-04-23,2025-04-23,1,107.47,107.47,25.47,Hibernating
C-00562,eBay,TX,0,2025-04-23,2025-04-23,1,169.75,169.75,36.75,Hibernating
C-00563,Shopify,CA,0,2025-04-23,2025-04-23,1,22.98,22.98,17.48,Hibernating
C-00564,Shopify,FL,1,2025-04-23,2025-04-23,1,10.99,10.99,8.89,Hibernating
C-00565,Shopify,WA,1,2025-04-23,2025-04-23,1,180.28,180.28,32.28,Hibernating
C-00566,Shopify,FL,1,2025-04-23,2025-07-13,2,53.95,26.98,43.45,At risk
C-00567,eBay,OH,0,2025-04-24,2025-04-24,1,62.32,62.32,16.32,Hibernating
C-00568,Shopify,NC,1,2025-04-24,2025-04-24,1,97.52,97.52,21.52,Hibernating
C-00569,Shopify,CA,1,2025-04-24,2025-09-21,2,19.97,9.98,15.52,At risk
C-00570,Shopify,TX,1,2025-04-24,2025-04-24,1,58.7,58.7,12.7,Hibernating
C-00571,Shopify,TX,1,2025-04-24,2025-04-24,1,7.99,7.99,5.64,Hibernating
C-00572,Shopify,FL,1,2025-04-24,2025-04-24,1,22.97,22.97,18.77,Hibernating
C-00573,Shopify,TX,1,2025-04-25,2025-04-25,1,22.98,22.98,17.48,Hibernating
C-00574,Shopify,NY,1,2025-04-25,2025-04-25,1,9.99,9.99,7.44,Hibernating
C-00575,eBay,CA,0,2025-04-25,2025-05-28,2,159.67,79.84,37.67,At risk
C-00576,Shopify,CA,0,2025-04-25,2025-04-25,1,14.99,14.99,11.84,Hibernating
C-00577,Shopify,CA,1,2025-04-25,2025-04-25,1,7.99,7.99,5.64,Hibernating
C-00578,eBay,CA,0,2025-04-26,2025-04-26,1,120.03,120.03,27.03,Hibernating
C-00579,eBay,FL,0,2025-04-26,2025-04-26,1,282.08,282.08,38.08,Hibernating
C-00580,eBay,CA,0,2025-04-26,2025-04-26,1,121.01,121.01,28.01,Hibernating
C-00581,Shopify,MD,0,2025-04-26,2025-11-02,2,35.97,17.98,28.17,Champions
C-00582,eBay,MI,0,2025-04-26,2025-04-26,1,100.27,100.27,24.27,Hibernating
C-00583,eBay,NC,0,2025-04-27,2025-04-27,1,115.24,115.24,22.24,Hibernating
C-00584,Shopify,CA,1,2025-04-27,2025-04-27,1,9.99,9.99,7.44,Hibernating
C-00585,Shopify,WA,1,2025-04-27,2025-04-27,1,164.1,164.1,31.1,Hibernating
C-00586,eBay,TX,0,2025-04-27,2025-04-27,1,216.23,216.23,47.23,Hibernating
C-00587,eBay,GA,0,2025-04-27,2025-04-27,1,187.36,187.36,39.36,Hibernating
C-00588,Shopify,CA,1,2025-04-27,2025-10-30,3,35.97,11.99,28.17,Champions
C-00589,eBay,CO,0,2025-04-27,2025-04-27,1,103.47,103.47,21.47,Hibernating
C-00590,Shopify,FL,0,2025-04-28,2025-04-28,1,7.99,7.99,5.64,Hibernating
C-00591,eBay,OH,0,2025-04-28,2025-04-28,1,59.33,59.33,13.33,Hibernating
C-00592,Shopify,FL,0,2025-04-28,2025-04-28,1,28.97,28.97,22.42,Hibernating
C-00593,eBay,GA,0,2025-04-29,2025-11-27,2,264.03,132.01,49.03,Champions
C-00594,eBay,TX,0,2025-04-29,2025-04-29,1,93.14,93.14,17.14,Hibernating
C-00595,eBay,FL,0,2025-04-29,2025-04-29,1,299.46,299.46,55.46,Hibernating
C-00596,eBay,FL,0,2025-04-29,2025-04-29,1,287.4,287.4,43.4,Hibernating
C-00597,eBay,CA,0,2025-04-29,2025-04-29,1,113.31,113.31,20.31,Hibernating
C-00598,Shopify,CA,0,2025-04-30,2025-04-30,1,62.41,62.41,16.41,Hibernating
C-00599,Shopify,NY,0,2025-05-01,2025-05-01,1,37.96,37.96,30.61,Hibernating
C-00600,eBay,OH,0,2025-05-01,2025-05-01,1,272.43,272.43,53.43,Hibernating
C-00601,eBay,NY,0,2025-05-01,2025-05-01,1,62.33,62.33,16.33,Hibernating
C-00602,Shopify,MI,1,2025-05-01,2025-07-14,2,36.96,18.48,29.16,At risk
C-00603,eBay,IL,0,2025-05-01,2025-05-01,1,10.99,10.99,8.89,Hibernating
C-00604,eBay,CA,0,2025-05-01,2025-05-01,1,94.53,94.53,18.53,Hibernating
C-00605,Shopify,CA,1,2025-05-02,2025-06-04,3,62.93,20.98,50.08,At risk
C-00606,Shopify,AZ,0,2025-05-02,2025-05-02,1,24.97,24.97,19.47,Hibernating
C-00607,eBay,WA,0,2025-05-02,2025-05-02,1,180.76,180.76,32.76,Hibernating
C-00608,Shopify,CA,0,2025-05-02,2025-05-02,1,24.97,24.97,19.47,Hibernating
C-00609,Shopify,NY,0,2025-05-02,2025-05-02,1,31.97,31.97,25.67,Hibernating
C-00610,eBay,CA,0,2025-05-02,2025-05-04,2,302.86,151.43,67.86,At risk
C-00611,Shopify,IL,1,2025-05-03,2025-05-03,1,209.82,209.82,40.82,Hibernating
C-00612,Shopify,CA,1,2025-05-03,2025-05-03,1,5.99,5.99,4.94,Hibernating
C-00613,Shopify,VA,1,2025-05-03,2025-05-17,2,32.96,16.48,26.21,At risk
C-00614,Shopify,AZ,0,2025-05-03,2025-05-03,1,5.99,5.99,4.94,Hibernating
C-00615,eBay,CA,0,2025-05-03,2025-05-03,1,184.87,184.87,36.87,Hibernating
C-00616,Shopify,NY,1,2025-05-03,2025-06-17,2,299.73,149.87,54.73,At risk
C-00617,eBay,CO,0,2025-05-04,2025-05-04,1,61.39,61.39,15.39,Hibernating
C-00618,eBay,WA,0,2025-05-04,2025-05-04,1,97.84,97.84,21.84,Hibernating
C-00619,Shopify,GA,1,2025-05-04,2025-05-21,2,25.97,12.98,19.82,At risk
C-00620,eBay,OH,0,2025-05-04,2025-10-15,2,212.06,106.03,43.06,Champions
C-00621,eBay,OR,0,2025-05-04,2025-05-04,1,94.23,94.23,18.23,Hibernating
C-00622,eBay,NV,0,2025-05-04,2025-05-04,1,158.1,158.1,25.1,Hibernating
C-00623,Shopify,CA,1,2025-05-05,2025-05-05,1,11.98,11.98,9.88,Hibernating
C-00624,eBay,NY,0,2025-05-05,2025-05-05,1,13.98,13.98,10.58,Hibernating
C-00625,eBay,CA,0,2025-05-05,2025-05-05,1,58.29,58.29,12.29,Hibernating
C-00626,eBay,FL,0,2025-05-05,2025-06-19,2,374.35,187.18,78.35,At risk
C-00627,eBay,CA,0,2025-05-05,2025-05-05,1,204.13,204.13,34.13,Hibernating
C-00628,Shopify,FL,1,2025-05-05,2025-10-02,2,63.94,31.97,51.34,Champions
C-00629,Shopify,FL,1,2025-05-06,2025-05-06,1,295.47,295.47,51.47,Hibernating
C-00630,eBay,WA,0,2025-05-06,2025-05-06,1,162.2,162.2,29.2,Hibernating
C-00631,Shopify,CA,1,2025-05-06,2025-05-06,1,35.97,35.97,28.17,Hibernating
C-00632,eBay,NY,0,2025-05-06,2025-05-06,1,30.97,30.97,24.22,Hibernating
C-00633,eBay,NY,0,2025-05-06,2025-05-06,1,267.83,267.83,48.83,Hibernating
C-00634,Shopify,CA,0,2025-05-06,2025-05-06,1,20.98,20.98,16.33,Hibernating
C-00635,Shopify,CA,0,2025-05-06,2025-05-06,1,35.97,35.97,28.62,Hibernating
C-00636,Shopify,CA,1,2025-05-07,2025-05-07,1,181.11,181.11,33.11,Hibernating
C-00637,eBay,CA,0,2025-05-07,2025-05-07,1,269.07,269.07,50.07,Hibernating
C-00638,eBay,NY,0,2025-05-08,2025-05-08,1,114.1,114.1,27.1,Hibernating
C-00639,eBay,CA,0,2025-05-08,2025-05-08,1,95.15,95.15,19.15,Hibernating
C-00640,Shopify,IL,0,2025-05-08,2025-05-08,2,74.95,37.48,59.2,At risk
C-00641,Shopify,FL,0,2025-05-08,2025-05-08,1,9.99,9.99,7.44,Hibernating
C-00642,Shopify,CA,1,2025-05-08,2025-05-08,1,7.99,7.99,5.64,Hibernating
C-00643,eBay,AZ,0,2025-05-08,2025-06-30,2,465.19,232.59,88.19,At risk
C-00644,eBay,CA,0,2025-05-08,2025-05-08,1,105.42,105.42,18.42,Hibernating
C-00645,Shopify,NY,0,2025-05-08,2025-05-08,1,59.92,59.92,13.92,Hibernating
C-00646,Shopify,NC,1,2025-05-08,2025-06-18,2,15.98,7.99,12.38,At risk
C-00647,Shopify,PA,1,2025-05-08,2025-05-08,1,13.98,13.98,10.58,Hibernating
C-00648,Shopify,IL,1,2025-05-08,2025-05-08,1,28.97,28.97,22.42,Hibernating
C-00649,eBay,OH,0,2025-05-09,2025-05-09,1,11.98,11.98,9.88,Hibernating
C-00650,Shopify,CA,0,2025-05-09,2025-05-09,1,182.22,182.22,34.22,Hibernating
C-00651,eBay,CA,0,2025-05-09,2025-05-09,1,202.55,202.55,32.55,Hibernating
C-00652,eBay,NY,0,2025-05-09,2025-05-09,1,120.61,120.61,27.61,Hibernating
C-00653,Shopify,TX,1,2025-05-09,2025-05-09,1,174.57,174.57,26.57,Hibernating
C-00654,eBay,CA,0,2025-05-09,2025-05-09,1,99.07,99.07,23.07,Hibernating
C-00655,Shopify,IL,0,2025-05-10,2025-05-10,1,92.75,92.75,16.75,Hibernating
C-00656,eBay,WA,0,2025-05-10,2025-11-20,2,44.96,22.48,35.26,Champions
C-00657,Shopify,WA,0,2025-05-10,2025-05-10,1,14.99,14.99,11.84,Hibernating
C-00658,eBay,FL,0,2025-05-10,2025-05-10,1,26.97,26.97,21.27,Hibernating
C-00659,eBay,CA,0,2025-05-10,2025-05-10,1,188.04,188.04,40.04,Hibernating
C-00660,eBay,CA,0,2025-05-10,2025-05-10,1,113.03,113.03,26.03,Hibernating
C-00661,Shopify,TN,1,2025-05-10,2025-05-10,1,18.98,18.98,14.53,Hibernating
C-00662,Shopify,CO,0,2025-05-10,2025-05-10,1,11.98,11.98,9.88,Hibernating
C-00663,eBay,CA,0,2025-05-11,2025-05-11,2,155.45,77.72,33.45,At risk
C-00664,Shopify,CA,1,2025-05-11,2025-05-11,1,294.11,294.11,50.11,Hibernating
C-00665,Shopify,TX,0,2025-05-11,2025-05-11,1,7.99,7.99,5.64,Hibernating
C-00666,eBay,TX,0,2025-05-11,2025-05-11,1,103.48,103.48,21.48,Hibernating
C-00667,Shopify,FL,1,2025-05-12,2025-10-11,2,13.98,6.99,10.58,Champions
C-00668,eBay,WA,0,2025-05-12,2025-05-25,2,54.95,27.48,42.7,At risk
C-00669,Shopify,CA,1,2025-05-12,2025-05-12,1,184.2,184.2,36.2,Hibernating
C-00670,Shopify,TX,1,2025-05-12,2025-05-12,1,5.99,5.99,4.94,Hibernating
C-00671,Shopify,TN,1,2025-05-12,2025-05-12,1,62.47,62.47,16.47,Hibernating
C-00672,eBay,CA,0,2025-05-12,2025-05-12,1,18.98,18.98,14.53,Hibernating
C-00673,Shopify,CA,0,2025-05-13,2025-05-23,2,39.96,19.98,31.31,At risk
C-00674,eBay,WA,0,2025-05-13,2025-05-13,1,60.64,60.64,14.64,Hibernating
C-00675,eBay,CA,0,2025-05-13,2025-05-13,1,95.69,95.69,19.69,Hibernating
C-00676,eBay,NY,0,2025-05-13,2025-05-13,1,97.21,97.21,21.21,Hibernating
C-00677,eBay,GA,0,2025-05-14,2025-05-14,1,18.98,18.98,14.53,Hibernating
C-00678,Shopify,NY,1,2025-05-14,2025-09-16,2,239.53,119.77,45.53,At risk
C-00679,eBay,FL,0,2025-05-14,2025-05-14,1,99.92,99.92,23.92,Hibernating
C-00680,eBay,NV,0,2025-05-14,2025-05-14,1,93.66,93.66,17.66,Hibernating
C-00681,Shopify,CA,0,2025-05-14,2025-05-14,1,16.98,16.98,13.83,Hibernating
C-00682,Shopify,MA,1,2025-05-14,2025-05-14,1,31.97,31.97,25.67,Hibernating
C-00683,Shopify,CA,1,2025-05-14,2025-05-14,1,9.99,9.99,7.44,Hibernating
C-00684,eBay,NY,0,2025-05-14,2025-05-14,1,63.29,63.29,17.29,Hibernating
C-00685,eBay,NY,0,2025-05-15,2025-05-15,1,204.99,204.99,35.99,Hibernating
C-00686,Shopify,WA,1,2025-05-15,2025-05-15,1,13.98,13.98,10.58,Hibernating
C-00687,eBay,AZ,0,2025-05-16,2025-05-16,1,471.7,471.7,79.7,Hibernating
C-00688,Shopify,CA,0,2025-05-16,2025-05-16,1,58.37,58.37,12.37,Hibernating
C-00689,Shopify,IL,1,2025-05-16,2025-05-16,1,60.5,60.5,14.5,Hibernating
C-00690,Shopify,TX,1,2025-05-16,2025-05-16,1,175.22,175.22,27.22,Hibernating
C-00691,eBay,CA,0,2025-05-16,2025-05-17,2,346.4,173.2,51.4,At risk
C-00692,eBay,CA,0,2025-05-17,2025-05-17,1,211.39,211.39,42.39,Hibernating
C-00693,eBay,OH,0,2025-05-17,2025-05-17,1,25.98,25.98,20.73,Hibernating
C-00694,Shopify,CA,1,2025-05-17,2025-05-17,1,10.99,10.99,8.89,Hibernating
C-00695,Shopify,CA,0,2025-05-18,2025-05-18,1,38.96,38.96,31.61,Hibernating
C-00696,eBay,CA,0,2025-05-18,2025-05-18,1,16.98,16.98,13.83,Hibernating
C-00697,Shopify,CA,1,2025-05-18,2025-05-18,1,24.98,24.98,19.28,Hibernating
C-00698,Shopify,CA,1,2025-05-18,2025-05-18,1,109.92,109.92,22.92,Hibernating
C-00699,eBay,NC,0,2025-05-18,2025-11-24,2,191.94,95.97,39.94,Champions
C-00700,eBay,TX,0,2025-05-18,2025-12-08,2,376.13,188.06,56.13,Champions
C-00701,eBay,TX,0,2025-05-18,2025-05-18,1,210.1,210.1,41.1,Hibernating
C-00702,eBay,PA,0,2025-05-18,2025-05-18,1,62.87,62.87,16.87,Hibernating
C-00703,eBay,NV,0,2025-05-19,2025-11-20,2,40.94,20.47,33.59,Champions
C-00704,eBay,MI,0,2025-05-19,2025-11-06,2,24.97,12.48,19.47,Champions
C-00705,eBay,OH,0,2025-05-19,2025-05-19,1,100.67,100.67,24.67,Hibernating
C-00706,eBay,PA,0,2025-05-19,2025-09-04,2,11.98,5.99,9.88,At risk
C-00707,Shopify,TX,0,2025-05-19,2025-05-19,1,25.98,25.98,20.73,Hibernating
C-00708,Shopify,AZ,0,2025-05-20,2025-05-20,1,5.99,5.99,4.94,Hibernating
C-00709,Shopify,NC,1,2025-05-20,2025-05-20,2,46.94,23.47,37.24,At risk
C-00710,Shopify,FL,0,2025-05-20,2025-11-25,3,39.95,13.32,30.4,Champions
C-00711,eBay,CA,0,2025-05-20,2025-10-13,3,588.38,196.13,106.38,Champions
C-00712,Shopify,WA,1,2025-05-20,2025-11-09,2,41.96,20.98,33.11,Champions
C-00713,eBay,FL,0,2025-05-20,2025-05-20,1,178.35,178.35,30.35,Hibernating
C-00714,eBay,FL,0,2025-05-21,2025-05-21,1,96.05,96.05,20.05,Hibernating
C-00715,Shopify,CO,1,2025-05-21,2025-05-21,1,100.19,100.19,24.19,Hibernating
C-00716,eBay,TN,0,2025-05-21,2025-05-24,2,37.96,18.98,30.16,At risk
C-00717,eBay,OH,0,2025-05-21,2025-05-21,1,108.33,108.33,21.33,Hibernating
C-00718,eBay,FL,0,2025-05-21,2025-05-21,1,213.97,213.97,43.97,Hibernating
C-00719,Shopify,FL,0,2025-05-21,2025-05-21,1,13.98,13.98,10.58,Hibernating
C-00720,eBay,CA,0,2025-05-22,2025-05-22,1,16.98,16.98,13.83,Hibernating
C-00721,Shopify,TX,0,2025-05-22,2025-05-22,1,178.36,178.36,30.36,Hibernating
C-00722,Shopify,CA,1,2025-05-22,2025-05-22,1,9.99,9.99,7.44,Hibernating
C-00723,Shopify,TN,1,2025-05-22,2025-05-22,1,5.99,5.99,4.94,Hibernating
C-00724,Shopify,TN,1,2025-05-22,2025-05-22,1,9.99,9.99,7.44,Hibernating
C-00725,eBay,TX,0,2025-05-22,2025-05-22,1,10.99,10.99,8.89,Hibernating
C-00726,Shopify,CA,0,2025-05-22,2025-05-22,1,16.98,16.98,13.83,Hibernating
C-00727,Shopify,IL,0,2025-05-23,2025-05-23,1,15.98,15.98,12.38,Hibernating
C-00728,Shopify,WA,1,2025-05-23,2025-05-23,1,112.47,112.47,19.47,Hibernating
C-00729,Shopify,TX,1,2025-05-23,2025-07-18,3,35.95,11.98,27.9,At risk
C-00730,Shopify,TN,0,2025-05-24,2025-05-24,1,10.99,10.99,8.89,Hibernating
C-00731,Shopify,GA,1,2025-05-24,2025-05-30,2,19.98,9.99,14.88,At risk
C-00732,eBay,PA,0,2025-05-25,2025-05-25,1,97.69,97.69,21.69,Hibernating
C-00733,Shopify,WA,1,2025-05-25,2025-05-25,1,202.33,202.33,32.33,Hibernating
C-00734,Shopify,NY,1,2025-05-25,2025-05-25,1,62.97,62.97,16.97,Hibernating
C-00735,eBay,CA,0,2025-05-25,2025-05-25,1,13.98,13.98,10.58,Hibernating
C-00736,eBay,NY,0,2025-05-25,2025-05-25,1,291.33,291.33,47.33,Hibernating
C-00737,Shopify,CA,1,2025-05-25,2025-10-06,2,43.95,21.98,35.55,Champions
C-00738,eBay,PA,0,2025-05-26,2025-06-22,2,196.76,98.38,38.76,At risk
C-00739,Shopify,NY,0,2025-05-26,2025-12-10,6,133.86,22.31,104.51,Champions
C-00740,eBay,NV,0,2025-05-26,2025-05-26,1,96.58,96.58,20.58,Hibernating
C-00741,Shopify,CA,0,2025-05-26,2025-05-26,1,7.99,7.99,5.64,Hibernating
C-00742,Shopify,CA,0,2025-05-26,2025-06-17,2,24.97,12.48,19.47,At risk
C-00743,Shopify,CA,1,2025-05-27,2025-05-27,1,11.98,11.98,9.88,Hibernating
C-00744,eBay,TX,0,2025-05-27,2025-09-23,3,71.94,23.98,56.79,At risk
C-00745,Shopify,CO,1,2025-05-27,2025-05-27,1,13.98,13.98,10.58,Hibernating
C-00746,Shopify,CA,1,2025-05-27,2025-05-27,1,100.09,100.09,18.09,Hibernating
C-00747,Shopify,TX,0,2025-05-28,2025-05-28,1,106.58,106.58,24.58,Hibernating
C-00748,Shopify,CO,1,2025-05-28,2025-06-12,3,644.58,214.86,105.58,At risk
C-00749,Shopify,NY,0,2025-05-28,2025-09-18,2,29.98,14.99,23.68,At risk
C-00750,eBay,CA,0,2025-05-28,2025-05-28,1,104.61,104.61,22.61,Hibernating
C-00751,eBay,CA,0,2025-05-29,2025-05-29,1,95.23,95.23,19.23,Hibernating
C-00752,Shopify,OH,1,2025-05-29,2025-05-29,1,25.98,25.98,20.73,Hibernating
C-00753,Shopify,CA,1,2025-05-29,2025-09-17,2,41.96,20.98,33.56,At risk
C-00754,Shopify,FL,0,2025-05-29,2025-12-08,4,85.91,21.48,68.66,Champions
C-00755,Shopify,NV,0,2025-05-29,2025-05-29,1,7.99,7.99,5.64,Hibernating
C-00756,Shopify,CA,1,2025-05-29,2025-07-30,2,45.96,22.98,36.06,At risk
C-00757,Shopify,CA,0,2025-05-29,2025-05-29,1,188.03,188.03,40.03,Hibernating
C-00758,Shopify,CA,1,2025-05-29,2025-05-29,1,25.98,25.98,20.73,Hibernating
C-00759,Shopify,MI,1,2025-05-30,2025-05-30,1,93.69,93.69,17.69,Hibernating
C-00760,Shopify,NC,1,2025-05-30,2025-05-30,1,20.98,20.98,16.78,Hibernating
C-00761,Shopify,AZ,1,2025-05-30,2025-05-30,1,27.97,27.97,22.72,Hibernating
C-00762,Shopify,CA,1,2025-05-30,2025-05-30,1,62.85,62.85,16.85,Hibernating
C-00763,eBay,TX,0,2025-05-30,2025-05-30,1,5.99,5.99,4.94,Hibernating
C-00764,Shopify,TX,0,2025-05-30,2025-05-30,1,32.96,32.96,26.21,Hibernating
C-00765,Shopify,PA,1,2025-05-31,2025-12-08,2,469.33,234.67,80.33,Champions
C-00766,Shopify,MI,1,2025-05-31,2025-05-31,1,24.98,24.98,19.28,Hibernating
C-00767,Shopify,NY,1,2025-05-31,2025-05-31,1,60.5,60.5,14.5,Hibernating
C-00768,eBay,IL,0,2025-05-31,2025-05-31,1,106.33,106.33,19.33,Hibernating
C-00769,Shopify,IL,1,2025-05-31,2025-06-26,2,60.94,30.47,48.09,At risk
C-00770,eBay,MD,0,2025-06-01,2025-06-01,1,16.98,16.98,13.83,Hibernating
C-00771,eBay,CA,0,2025-06-01,2025-06-01,1,177.85,177.85,29.85,Hibernating
C-00772,Shopify,CA,0,2025-06-01,2025-08-11,2,168.44,84.22,40.44,At risk
C-00773,eBay,NV,0,2025-06-01,2025-06-01,1,183.95,183.95,35.95,Hibernating
C-00774,Shopify,NC,1,2025-06-01,2025-06-01,1,16.98,16.98,13.83,Hibernating
C-00775,eBay,WA,0,2025-06-01,2025-06-01,1,295.51,295.51,51.51,Hibernating
C-00776,Shopify,TX,0,2025-06-01,2025-06-01,1,7.99,7.99,5.64,Hibernating
C-00777,Shopify,CA,1,2025-06-01,2025-06-01,1,51.96,51.96,41.46,Hibernating
C-00778,eBay,CA,0,2025-06-02,2025-06-02,1,201.69,201.69,32.69,Hibernating
C-00779,Shopify,NJ,0,2025-06-02,2025-11-21,2,45.96,22.98,36.06,Champions
C-00780,Shopify,FL,0,2025-06-02,2025-06-02,1,166.19,166.19,33.19,Hibernating
C-00781,Shopify,CA,1,2025-06-02,2025-06-02,1,99.56,99.56,23.56,Hibernating
C-00782,eBay,CA,0,2025-06-02,2025-06-02,1,41.96,41.96,33.56,Hibernating
C-00783,Shopify,NC,0,2025-06-02,2025-06-02,2,13.98,6.99,10.58,At risk
C-00784,eBay,NC,0,2025-06-02,2025-06-02,1,120.58,120.58,27.58,Hibernating
C-00785,Shopify,PA,1,2025-06-02,2025-06-08,2,49.95,24.98,38.75,At risk
C-00786,Shopify,TX,0,2025-06-02,2025-06-20,2,83.93,41.97,67.13,At risk
C-00787,Shopify,WA,1,2025-06-03,2025-06-05,2,21.97,10.98,17.32,At risk
C-00788,Shopify,NY,1,2025-06-03,2025-08-28,2,18.98,9.49,14.53,At risk
C-00789,eBay,AZ,0,2025-06-03,2025-06-03,1,163.66,163.66,30.66,Hibernating
C-00790,eBay,NY,0,2025-06-03,2025-06-03,1,60.6,60.6,14.6,Hibernating
C-00791,eBay,FL,0,2025-06-04,2025-06-04,1,207.43,207.43,37.43,Hibernating
C-00792,Shopify,NV,1,2025-06-04,2025-06-04,2,20.98,10.49,16.33,At risk
C-00793,Shopify,CA,1,2025-06-04,2025-06-23,4,70.92,17.73,55.72,At risk
C-00794,Shopify,CA,1,2025-06-04,2025-06-04,1,24.97,24.97,19.47,Hibernating
C-00795,Shopify,CA,0,2025-06-04,2025-06-04,2,11.98,5.99,9.88,At risk
C-00796,eBay,VA,0,2025-06-05,2025-06-05,1,215.33,215.33,45.33,Hibernating
C-00797,Shopify,CO,1,2025-06-05,2025-06-05,1,161.76,161.76,28.76,Hibernating
C-00798,Shopify,VA,0,2025-06-05,2025-06-05,1,27.97,27.97,22.72,Hibernating
C-00799,Shopify,CA,0,2025-06-05,2025-06-05,1,176.82,176.82,28.82,Hibernating
C-00800,Shopify,MD,1,2025-06-05,2025-06-05,1,9.99,9.99,7.44,Hibernating
C-00801,Shopify,MI,1,2025-06-05,2025-06-07,2,35.97,17.98,28.17,At risk
C-00802,eBay,CA,0,2025-06-06,2025-06-06,1,35.97,35.97,28.62,Hibernating
C-00803,eBay,WA,0,2025-06-06,2025-06-06,1,101.96,101.96,19.96,Hibernating
C-00804,eBay,PA,0,2025-06-06,2025-06-06,1,174.45,174.45,26.45,Hibernating
C-00805,Shopify,NC,0,2025-06-06,2025-06-06,1,188.73,188.73,40.73,Hibernating
C-00806,Shopify,CA,1,2025-06-07,2025-06-07,1,97.22,97.22,21.22,Hibernating
C-00807,Shopify,MA,1,2025-06-07,2025-06-07,1,183.48,183.48,35.48,Hibernating
C-00808,eBay,MA,0,2025-06-07,2025-06-17,2,213.86,106.93,44.86,At risk
C-00809,Shopify,GA,0,2025-06-07,2025-06-07,1,96.5,96.5,20.5,Hibernating
C-00810,eBay,NC,0,2025-06-07,2025-09-13,2,22.97,11.48,18.77,At risk
C-00811,eBay,CA,0,2025-06-07,2025-06-07,1,264.68,264.68,45.68,Hibernating
C-00812,Shopify,CA,0,2025-06-07,2025-06-07,1,22.97,22.97,18.77,Hibernating
C-00813,eBay,FL,0,2025-06-08,2025-06-08,1,108.23,108.23,21.23,Hibernating
C-00814,eBay,NJ,0,2025-06-08,2025-06-08,1,16.98,16.98,13.83,Hibernating
C-00815,Shopify,WA,0,2025-06-08,2025-06-08,1,29.97,29.97,23.42,Hibernating
C-00816,eBay,MA,0,2025-06-08,2025-07-15,3,73.93,24.64,58.78,At risk
C-00817,Shopify,NY,1,2025-06-08,2025-12-15,5,121.88,24.38,96.18,Champions
C-00818,Shopify,CA,1,2025-06-08,2025-11-22,2,30.96,15.48,24.41,Champions
C-00819,eBay,TX,0,2025-06-08,2025-06-08,1,96.65,96.65,20.65,Hibernating
C-00820,eBay,WA,0,2025-06-09,2025-06-09,1,186.58,186.58,38.58,Hibernating
C-00821,Shopify,CA,1,2025-06-10,2025-06-10,1,158.61,158.61,25.61,Hibernating
C-00822,eBay,AZ,0,2025-06-10,2025-06-10,1,16.98,16.98,13.83,Hibernating
C-00823,Shopify,CA,0,2025-06-10,2025-06-10,1,62.21,62.21,16.21,Hibernating
C-00824,eBay,AZ,0,2025-06-10,2025-06-10,1,112.04,112.04,19.04,Hibernating
C-00825,Shopify,NY,1,2025-06-10,2025-11-10,2,13.98,6.99,10.58,Champions
C-00826,eBay,CA,0,2025-06-10,2025-06-10,1,174.59,174.59,26.59,Hibernating
C-00827,eBay,CA,0,2025-06-11,2025-06-11,1,60.56,60.56,14.56,Hibernating
C-00828,eBay,MA,0,2025-06-11,2025-06-11,1,213.82,213.82,44.82,Hibernating
C-00829,Shopify,NY,0,2025-06-11,2025-11-18,3,66.92,22.31,52.77,Champions
C-00830,Shopify,WA,1,2025-06-12,2025-06-12,1,14.99,14.99,11.84,Hibernating
C-00831,Shopify,MA,0,2025-06-12,2025-06-12,1,20.98,20.98,16.33,Hibernating
C-00832,eBay,CA,0,2025-06-12,2025-06-12,1,33.96,33.96,27.66,Hibernating
C-00833,Shopify,IL,1,2025-06-12,2025-07-15,2,18.98,9.49,14.53,At risk
C-00834,Shopify,FL,1,2025-06-12,2025-06-13,2,36.96,18.48,28.06,At risk
C-00835,Shopify,AZ,0,2025-06-13,2025-07-29,2,212.05,106.03,49.05,At risk
C-00836,Shopify,NY,0,2025-06-13,2025-06-13,1,15.98,15.98,12.38,Hibernating
C-00837,eBay,GA,0,2025-06-13,2025-06-13,1,119.39,119.39,26.39,Hibernating
C-00838,eBay,MA,0,2025-06-13,2025-06-13,1,208.29,208.29,38.29,Hibernating
C-00839,eBay,FL,0,2025-06-13,2025-12-19,2,424.16,212.08,72.16,Champions
C-00840,eBay,CA,0,2025-06-13,2025-06-16,2,446.53,223.26,69.53,At risk
C-00841,eBay,TX,0,2025-06-14,2025-06-14,1,255.44,255.44,36.44,Hibernating
C-00842,Shopify,MI,1,2025-06-14,2025-06-14,1,11.98,11.98,9.88,Hibernating
C-00843,eBay,FL,0,2025-06-14,2025-06-14,1,100.89,100.89,24.89,Hibernating
C-00844,Shopify,CA,0,2025-06-14,2025-06-14,1,22.97,22.97,18.77,Hibernating
C-00845,eBay,TN,0,2025-06-15,2025-07-28,2,22.97,11.48,18.77,At risk
C-00846,Shopify,FL,0,2025-06-15,2025-11-10,2,13.98,6.99,10.58,Champions
C-00847,eBay,VA,0,2025-06-15,2025-06-15,1,29.97,29.97,23.42,Hibernating
C-00848,eBay,MD,0,2025-06-15,2025-06-15,1,24.98,24.98,19.28,Hibernating
C-00849,Shopify,CA,1,2025-06-15,2025-06-15,1,20.98,20.98,16.78,Hibernating
C-00850,Shopify,NV,0,2025-06-16,2025-06-25,2,30.97,15.48,23.77,At risk
C-00851,eBay,GA,0,2025-06-16,2025-11-23,3,37.96,12.65,30.16,Champions
C-00852,Shopify,CA,0,2025-06-16,2025-06-16,1,281.02,281.02,37.02,Hibernating
C-00853,Shopify,NC,1,2025-06-16,2025-06-16,1,21.98,21.98,17.78,Hibernating
C-00854,Shopify,GA,0,2025-06-16,2025-06-16,1,16.98,16.98,13.83,Hibernating
C-00855,Shopify,VA,0,2025-06-16,2025-06-16,1,9.99,9.99,7.44,Hibernating
C-00856,Shopify,CA,0,2025-06-16,2025-06-16,1,93.07,93.07,17.07,Hibernating
C-00857,Shopify,CA,0,2025-06-16,2025-09-17,2,18.98,9.49,14.53,At risk
C-00858,Shopify,OR,0,2025-06-16,2025-10-30,4,88.9,22.23,70.35,Champions
C-00859,eBay,CA,0,2025-06-16,2025-06-16,1,20.98,20.98,16.78,Hibernating
C-00860,eBay,TX,0,2025-06-17,2025-06-17,1,60.3,60.3,14.3,Hibernating
C-00861,Shopify,NY,0,2025-06-17,2025-06-22,2,66.95,33.48,53.3,At risk
C-00862,Shopify,NY,1,2025-06-17,2025-06-24,3,55.95,18.65,43.5,At risk
C-00863,eBay,NJ,0,2025-06-17,2025-06-17,1,264.5,264.5,55.5,Hibernating
C-00864,eBay,CA,0,2025-06-17,2025-06-17,1,184.25,184.25,36.25,Hibernating
C-00865,Shopify,MA,0,2025-06-17,2025-06-17,1,13.98,13.98,10.58,Hibernating
C-00866,Shopify,MA,1,2025-06-17,2025-09-19,2,289.41,144.7,48.41,At risk
C-00867,Shopify,TX,1,2025-06-17,2025-06-17,1,215.57,215.57,45.57,Hibernating
C-00868,Shopify,CA,0,2025-06-18,2025-06-18,1,9.99,9.99,7.44,Hibernating
C-00869,eBay,CA,0,2025-06-18,2025-06-18,1,201.02,201.02,31.02,Hibernating
C-00870,eBay,CA,0,2025-06-19,2025-06-19,1,61.55,61.55,15.55,Hibernating
C-00871,eBay,IL,0,2025-06-19,2025-10-25,2,442.5,221.25,79.5,Champions
C-00872,Shopify,VA,1,2025-06-19,2025-11-04,3,44.94,14.98,36.09,Champions
C-00873,Shopify,TN,0,2025-06-20,2025-06-20,1,10.99,10.99,8.89,Hibernating
C-00874,Shopify,NJ,0,2025-06-20,2025-09-09,2,19.97,9.98,15.52,At risk
C-00875,Shopify,AZ,0,2025-06-20,2025-06-20,1,184.79,184.79,36.79,Hibernating
C-00876,Shopify,CA,0,2025-06-20,2025-06-20,1,112.64,112.64,25.64,Hibernating
C-00877,eBay,CA,0,2025-06-20,2025-06-20,1,202.49,202.49,32.49,Hibernating
C-00878,Shopify,CA,0,2025-06-21,2025-12-11,3,72.92,24.31,57.52,Champions
C-00879,eBay,NY,0,2025-06-21,2025-06-21,1,297.81,297.81,53.81,Hibernating
C-00880,eBay,CA,0,2025-06-21,2025-06-21,1,107.3,107.3,20.3,Hibernating
C-00881,eBay,MD,0,2025-06-22,2025-06-22,1,210.79,210.79,40.79,Hibernating
C-00882,Shopify,TX,0,2025-06-22,2025-06-22,1,18.98,18.98,14.53,Hibernating
C-00883,eBay,CA,0,2025-06-22,2025-06-22,1,99.52,99.52,23.52,Hibernating
C-00884,Shopify,CA,1,2025-06-22,2025-11-18,2,46.96,23.48,37.51,Champions
C-00885,Shopify,FL,1,2025-06-23,2025-07-24,2,19.97,9.98,15.52,At risk
C-00886,eBay,TX,0,2025-06-23,2025-06-23,1,212.22,212.22,43.22,Hibernating
C-00887,Shopify,CO,1,2025-06-23,2025-12-07,2,30.96,15.48,24.41,Champions
C-00888,Shopify,CA,0,2025-06-23,2025-06-23,1,295.28,295.28,51.28,Hibernating
C-00889,Shopify,GA,0,2025-06-23,2025-07-07,2,22.97,11.48,18.77,At risk
C-00890,Shopify,NY,1,2025-06-23,2025-11-17,3,63.93,21.31,51.08,Champions
C-00891,Shopify,CA,0,2025-06-23,2025-06-23,1,102.03,102.03,20.03,Hibernating
C-00892,Shopify,TX,1,2025-06-23,2025-07-21,2,30.96,15.48,24.41,At risk
C-00893,Shopify,NV,0,2025-06-23,2025-12-07,4,67.93,16.98,52.28,Champions
C-00894,Shopify,TX,1,2025-06-24,2025-06-24,1,190.17,190.17,42.17,Hibernating
C-00895,eBay,IL,0,2025-06-24,2025-06-24,1,104.93,104.93,22.93,Hibernating
C-00896,eBay,CA,0,2025-06-24,2025-06-24,1,61.74,61.74,15.74,Hibernating
C-00897,Shopify,TX,1,2025-06-24,2025-06-24,1,96.38,96.38,20.38,Hibernating
C-00898,Shopify,NV,1,2025-06-24,2025-07-26,2,29.96,14.98,22.96,At risk
C-00899,Shopify,NJ,1,2025-06-25,2025-06-25,1,5.99,5.99,4.94,Hibernating
C-00900,eBay,GA,0,2025-06-25,2025-06-25,1,58.45,58.45,12.45,Hibernating
C-00901,Shopify,CA,0,2025-06-25,2025-06-25,1,24.98,24.98,19.28,Hibernating
C-00902,eBay,CA,0,2025-06-25,2025-06-25,1,295.44,295.44,51.44,Hibernating
C-00903,eBay,VA,0,2025-06-25,2025-06-25,1,26.97,26.97,21.72,Hibernating
C-00904,eBay,OH,0,2025-06-25,2025-09-13,2,279.88,139.94,49.88,At risk
C-00905,eBay,CA,0,2025-06-26,2025-10-15,3,442.27,147.42,76.27,Champions
C-00906,Shopify,TN,0,2025-06-26,2025-06-26,1,17.97,17.97,14.82,Hibernating
C-00907,eBay,FL,0,2025-06-26,2025-06-26,1,107.48,107.48,25.48,Hibernating
C-00908,Shopify,NY,1,2025-06-26,2025-06-26,1,200.73,200.73,31.73,Hibernating
C-00909,Shopify,AZ,1,2025-06-26,2025-06-26,1,35.97,35.97,28.62,Hibernating
C-00910,Shopify,IL,1,2025-06-26,2025-06-26,1,16.98,16.98,13.83,Hibernating
C-00911,eBay,TX,0,2025-06-26,2025-06-26,1,109.48,109.48,22.48,Hibernating
C-00912,Shopify,CA,1,2025-06-26,2025-06-26,1,18.98,18.98,14.53,Hibernating
C-00913,Shopify,TX,0,2025-06-27,2025-06-27,1,10.99,10.99,8.89,Hibernating
C-00914,eBay,CA,0,2025-06-27,2025-06-27,1,185.63,185.63,37.63,Hibernating
C-00915,Shopify,NJ,0,2025-06-27,2025-06-27,1,16.98,16.98,13.83,Hibernating
C-00916,eBay,GA,0,2025-06-27,2025-06-27,1,96.61,96.61,20.61,Hibernating
C-00917,Shopify,CO,0,2025-06-27,2025-06-28,2,35.97,17.98,28.62,At risk
C-00918,eBay,TN,0,2025-06-27,2025-08-02,2,212.59,106.3,49.59,At risk
C-00919,Shopify,CA,1,2025-06-28,2025-10-19,3,41.95,13.98,33.3,Champions
C-00920,Shopify,CA,0,2025-06-28,2025-12-07,2,34.96,17.48,27.36,Champions
C-00921,Shopify,CA,1,2025-06-28,2025-06-28,1,62.64,62.64,16.64,Hibernating
C-00922,Shopify,NY,1,2025-06-29,2025-06-29,1,20.98,20.98,16.33,Hibernating
C-00923,Shopify,OH,1,2025-06-29,2025-06-29,1,116.87,116.87,23.87,Hibernating
C-00924,Shopify,AZ,1,2025-06-29,2025-06-29,1,106.21,106.21,19.21,Hibernating
C-00925,Shopify,AZ,0,2025-06-29,2025-06-29,1,18.98,18.98,14.53,Hibernating
C-00926,eBay,AZ,0,2025-06-30,2025-08-18,2,43.95,21.98,35.55,At risk
C-00927,eBay,PA,0,2025-07-01,2025-07-01,1,206.3,206.3,37.3,Hibernating
C-00928,eBay,TX,0,2025-07-01,2025-07-01,1,61.74,61.74,15.74,Hibernating
C-00929,Shopify,WA,1,2025-07-01,2025-07-01,1,9.99,9.99,7.44,Needs attention
C-00930,eBay,AZ,0,2025-07-01,2025-07-01,1,99.24,99.24,17.24,Hibernating
C-00931,Shopify,CA,1,2025-07-01,2025-07-01,1,60.48,60.48,14.48,Hibernating
C-00932,Shopify,OR,1,2025-07-01,2025-07-01,1,112.46,112.46,19.46,Hibernating
C-00933,Shopify,CA,1,2025-07-01,2025-07-01,1,102.08,102.08,20.08,Hibernating
C-00934,eBay,NC,0,2025-07-02,2025-12-13,3,54.95,18.32,43.15,Champions
C-00935,Shopify,NY,1,2025-07-02,2025-09-23,2,40.95,20.48,32.3,At risk
C-00936,eBay,MI,0,2025-07-03,2025-07-03,1,251.22,251.22,32.22,Needs attention
C-00937,Shopify,AZ,1,2025-07-03,2025-07-03,1,63.24,63.24,17.24,Needs attention
C-00938,eBay,NC,0,2025-07-03,2025-07-03,1,62.06,62.06,16.06,Needs attention
C-00939,Shopify,FL,0,2025-07-03,2025-07-03,1,14.99,14.99,11.84,Needs attention
C-00940,Shopify,AZ,0,2025-07-03,2025-11-02,2,13.98,6.99,10.58,Champions
C-00941,eBay,IL,0,2025-07-03,2025-07-03,1,118.86,118.86,25.86,Needs attention
C-00942,eBay,WA,0,2025-07-04,2025-07-04,1,101.11,101.11,19.11,Needs attention
C-00943,eBay,PA,0,2025-07-04,2025-07-04,1,14.99,14.99,11.84,Needs attention
C-00944,Shopify,TX,0,2025-07-05,2025-07-05,1,9.99,9.99,7.44,Needs attention
C-00945,Shopify,TX,1,2025-07-05,2025-07-21,2,27.96,13.98,21.16,At risk
C-00946,eBay,NC,0,2025-07-06,2025-07-06,1,97.62,97.62,21.62,Needs attention
C-00947,Shopify,FL,0,2025-07-06,2025-07-06,1,95.36,95.36,19.36,Needs attention
C-00948,Shopify,CA,0,2025-07-06,2025-07-06,1,7.99,7.99,5.64,Needs attention
C-00949,eBay,CA,0,2025-07-06,2025-07-06,1,181.78,181.78,33.78,Needs attention
C-00950,Shopify,CA,1,2025-07-06,2025-07-06,1,99.38,99.38,23.38,Needs attention
C-00951,Shopify,MI,1,2025-07-06,2025-07-06,1,22.97,22.97,18.77,Needs attention
C-00952,Shopify,TN,0,2025-07-07,2025-07-07,1,213.08,213.08,43.08,Needs attention
C-00953,eBay,CA,0,2025-07-07,2025-07-07,1,59.54,59.54,13.54,Needs attention
C-00954,eBay,CA,0,2025-07-07,2025-07-07,1,99.66,99.66,23.66,Needs attention
C-00955,eBay,CA,0,2025-07-08,2025-07-09,2,41.96,20.98,32.66,At risk
C-00956,Shopify,TN,1,2025-07-08,2025-10-06,2,27.97,13.98,22.72,Champions
C-00957,Shopify,TX,1,2025-07-08,2025-07-08,1,14.99,14.99,11.84,Needs attention
C-00958,eBay,NY,0,2025-07-08,2025-10-18,2,27.96,13.98,21.16,Champions
C-00959,Shopify,AZ,1,2025-07-08,2025-11-17,2,79.92,39.96,63.72,Champions
C-00960,eBay,CA,0,2025-07-08,2025-07-08,1,211.82,211.82,42.82,Needs attention
C-00961,Shopify,MI,1,2025-07-08,2025-07-08,1,32.96,32.96,26.66,Needs attention
C-00962,Shopify,FL,1,2025-07-08,2025-07-08,1,19.97,19.97,15.52,Needs attention
C-00963,Shopify,GA,1,2025-07-09,2025-07-09,1,209.38,209.38,40.38,Needs attention
C-00964,Shopify,CA,0,2025-07-09,2025-07-09,1,20.98,20.98,16.78,Needs attention
C-00965,Shopify,GA,0,2025-07-10,2025-07-19,3,76.93,25.64,60.93,At risk
C-00966,Shopify,NY,0,2025-07-10,2025-08-08,2,47.95,23.98,38.05,At risk
C-00967,eBay,TX,0,2025-07-10,2025-07-10,1,20.98,20.98,16.78,Needs attention
C-00968,eBay,OH,0,2025-07-11,2025-07-11,1,105.07,105.07,23.07,Needs attention
C-00969,eBay,TX,0,2025-07-11,2025-07-11,1,13.98,13.98,10.58,Needs attention
C-00970,eBay,TX,0,2025-07-11,2025-07-11,1,60.05,60.05,14.05,Needs attention
C-00971,eBay,CA,0,2025-07-11,2025-07-11,1,266.83,266.83,47.83,Needs attention
C-00972,Shopify,NY,1,2025-07-11,2025-07-11,1,105.8,105.8,18.8,Needs attention
C-00973,Shopify,NY,0,2025-07-12,2025-07-12,1,108.74,108.74,21.74,Needs attention
C-00974,eBay,IL,0,2025-07-12,2025-07-12,1,113.99,113.99,20.99,Needs attention
C-00975,eBay,NY,0,2025-07-12,2025-07-12,1,206.64,206.64,36.64,Needs attention
C-00976,Shopify,PA,1,2025-07-13,2025-07-13,1,5.99,5.99,4.94,Needs attention
C-00977,eBay,MA,0,2025-07-13,2025-07-13,1,93.52,93.52,17.52,Needs attention
C-00978,eBay,MA,0,2025-07-13,2025-07-13,1,63.13,63.13,17.13,Needs attention
C-00979,eBay,IL,0,2025-07-13,2025-07-13,1,278.94,278.94,54.94,Needs attention
C-00980,eBay,CA,0,2025-07-13,2025-07-13,1,117.31,117.31,24.31,Needs attention
C-00981,Shopify,AZ,0,2025-07-13,2025-07-13,1,19.97,19.97,15.52,Needs attention
C-00982,eBay,NV,0,2025-07-13,2025-07-13,1,183.42,183.42,35.42,Needs attention
C-00983,eBay,MA,0,2025-07-13,2025-07-13,1,181.29,181.29,33.29,Needs attention
C-00984,eBay,OH,0,2025-07-13,2025-07-19,2,522.28,261.14,109.28,At risk
C-00985,eBay,CA,0,2025-07-14,2025-07-14,1,10.99,10.99,8.89,Needs attention
C-00986,Shopify,MI,1,2025-07-14,2025-09-25,2,29.96,14.98,22.96,Champions
C-00987,eBay,MA,0,2025-07-15,2025-07-15,1,205.0,205.0,36.0,Needs attention
C-00988,Shopify,VA,0,2025-07-15,2025-07-15,1,22.97,22.97,18.77,Needs attention
C-00989,Shopify,TX,1,2025-07-15,2025-07-15,1,16.98,16.98,13.83,Needs attention
C-00990,Shopify,OH,0,2025-07-15,2025-08-02,2,59.93,29.96,46.83,At risk
C-00991,eBay,NY,0,2025-07-16,2025-07-16,1,303.4,303.4,59.4,Needs attention
C-00992,eBay,AZ,0,2025-07-16,2025-07-16,1,112.71,112.71,19.71,Needs attention
C-00993,Shopify,TN,0,2025-07-16,2025-07-16,1,32.96,32.96,26.66,Needs attention
C-00994,eBay,CA,0,2025-07-17,2025-07-17,1,93.34,93.34,17.34,Needs attention
C-00995,Shopify,TX,1,2025-07-17,2025-07-17,1,20.98,20.98,16.78,Needs attention
C-00996,eBay,NY,0,2025-07-17,2025-07-17,1,26.97,26.97,21.27,Needs attention
C-00997,Shopify,MI,0,2025-07-17,2025-07-18,2,37.96,18.98,29.06,At risk
C-00998,eBay,AZ,0,2025-07-17,2025-07-17,1,199.95,199.95,29.95,Needs attention
C-00999,Shopify,AZ,0,2025-07-18,2025-07-18,1,58.83,58.83,12.83,Needs attention
C-01000,eBay,CA,0,2025-07-18,2025-08-23,2,34.96,17.48,26.91,At risk
C-01001,Shopify,TX,0,2025-07-18,2025-10-20,2,43.96,21.98,34.26,Champions
C-01002,eBay,TX,0,2025-07-18,2025-08-31,2,122.41,61.2,30.41,At risk
C-01003,eBay,VA,0,2025-07-19,2025-09-27,3,48.94,16.31,37.94,Champions
C-01004,Shopify,IL,1,2025-07-19,2025-10-02,3,83.91,27.97,66.86,Champions
C-01005,Shopify,FL,1,2025-07-19,2025-07-19,1,109.63,109.63,22.63,Needs attention
C-01006,eBay,FL,0,2025-07-19,2025-07-19,1,186.47,186.47,38.47,Needs attention
C-01007,Shopify,CA,0,2025-07-19,2025-07-19,1,7.99,7.99,5.64,Needs attention
C-01008,Shopify,NY,1,2025-07-19,2025-12-21,5,122.88,24.58,97.38,Champions
C-01009,Shopify,NY,1,2025-07-19,2025-07-19,1,21.98,21.98,17.78,Needs attention
C-01010,Shopify,CA,1,2025-07-19,2025-07-19,1,5.99,5.99,4.94,Needs attention
C-01011,Shopify,CA,0,2025-07-20,2025-07-20,1,10.99,10.99,8.89,Needs attention
C-01012,Shopify,NV,1,2025-07-20,2025-11-24,3,42.95,14.32,33.65,Champions
C-01013,Shopify,NY,0,2025-07-20,2025-07-20,1,105.1,105.1,23.1,Needs attention
C-01014,Shopify,FL,0,2025-07-20,2025-07-20,1,182.81,182.81,34.81,Needs attention
C-01015,eBay,AZ,0,2025-07-20,2025-07-20,1,104.27,104.27,22.27,Needs attention
C-01016,Shopify,FL,0,2025-07-21,2025-07-21,1,184.15,184.15,36.15,Needs attention
C-01017,Shopify,AZ,1,2025-07-21,2025-07-30,2,28.97,14.48,21.97,At risk
C-01018,Shopify,AZ,1,2025-07-21,2025-07-25,2,217.4,108.7,48.4,At risk
C-01019,eBay,CA,0,2025-07-22,2025-07-22,1,290.58,290.58,46.58,Needs attention
C-01020,eBay,CA,0,2025-07-22,2025-07-22,1,60.64,60.64,14.64,Needs attention
C-01021,eBay,TN,0,2025-07-22,2025-07-22,1,108.55,108.55,21.55,Needs attention
C-01022,eBay,CA,0,2025-07-22,2025-07-22,1,202.63,202.63,32.63,Needs attention
C-01023,Shopify,NY,1,2025-07-22,2025-07-22,1,14.99,14.99,11.84,Needs attention
C-01024,Shopify,WA,1,2025-07-22,2025-07-23,2,47.95,23.98,38.05,At risk
C-01025,Shopify,WA,0,2025-07-22,2025-07-22,1,189.13,189.13,41.13,Needs attention
C-01026,eBay,CA,0,2025-07-23,2025-07-23,1,32.96,32.96,26.66,Needs attention
C-01027,Shopify,CA,0,2025-07-23,2025-07-23,1,5.99,5.99,4.94,Needs attention
C-01028,Shopify,NY,1,2025-07-23,2025-07-23,1,62.78,62.78,16.78,Needs attention
C-01029,Shopify,CO,1,2025-07-23,2025-07-23,1,108.8,108.8,21.8,Needs attention
C-01030,eBay,CA,0,2025-07-23,2025-07-23,1,92.48,92.48,16.48,Needs attention
C-01031,eBay,NV,0,2025-07-24,2025-07-24,1,94.56,94.56,18.56,Needs attention
C-01032,eBay,NY,0,2025-07-24,2025-07-25,2,215.61,107.81,46.61,At risk
C-01033,eBay,CA,0,2025-07-24,2025-07-24,1,99.33,99.33,23.33,Needs attention
C-01034,eBay,CA,0,2025-07-24,2025-07-24,1,184.59,184.59,36.59,Needs attention
C-01035,Shopify,NJ,1,2025-07-24,2025-07-24,1,7.99,7.99,5.64,Needs attention
C-01036,Shopify,CA,1,2025-07-24,2025-07-24,1,7.99,7.99,5.64,Needs attention
C-01037,Shopify,OH,0,2025-07-25,2025-11-06,2,32.96,16.48,26.21,Champions
C-01038,eBay,VA,0,2025-07-25,2025-07-25,1,190.16,190.16,42.16,Needs attention
C-01039,Shopify,MA,1,2025-07-25,2025-07-25,1,22.98,22.98,17.48,Needs attention
C-01040,eBay,OR,0,2025-07-26,2025-07-26,1,7.99,7.99,5.64,Needs attention
C-01041,eBay,CA,0,2025-07-26,2025-07-26,1,10.99,10.99,8.89,Needs attention
C-01042,Shopify,IL,1,2025-07-26,2025-07-26,1,20.98,20.98,16.78,Needs attention
C-01043,Shopify,FL,0,2025-07-26,2025-07-28,2,26.97,13.48,21.72,At risk
C-01044,eBay,TN,0,2025-07-26,2025-07-26,1,178.54,178.54,30.54,Needs attention
C-01045,Shopify,MI,0,2025-07-27,2025-08-01,2,314.79,157.39,63.79,At risk
C-01046,Shopify,NV,1,2025-07-27,2025-09-15,4,73.92,18.48,57.22,At risk
C-01047,eBay,TN,0,2025-07-27,2025-07-27,1,180.23,180.23,32.23,Needs attention
C-01048,eBay,TN,0,2025-07-27,2025-07-27,1,28.97,28.97,22.42,Needs attention
C-01049,eBay,CA,0,2025-07-27,2025-07-27,1,93.67,93.67,17.67,Needs attention
C-01050,eBay,IL,0,2025-07-27,2025-08-11,2,437.7,218.85,80.7,At risk
C-01051,Shopify,OR,0,2025-07-27,2025-09-05,2,28.97,14.48,21.97,At risk
C-01052,eBay,OR,0,2025-07-27,2025-10-06,2,23.97,11.98,18.02,Champions
C-01053,eBay,IL,0,2025-07-27,2025-07-27,1,265.67,265.67,46.67,Needs attention
C-01054,eBay,OH,0,2025-07-28,2025-08-23,5,69.93,13.99,54.73,At risk
C-01055,Shopify,NV,1,2025-07-28,2025-07-28,1,24.97,24.97,19.47,Needs attention
C-01056,Shopify,CA,1,2025-07-28,2025-07-28,1,36.97,36.97,29.62,Needs attention
C-01057,eBay,MD,0,2025-07-28,2025-07-28,1,160.73,160.73,27.73,Needs attention
C-01058,eBay,TX,0,2025-07-29,2025-10-14,2,189.08,94.54,37.08,Champions
C-01059,Shopify,TX,1,2025-07-29,2025-07-29,1,5.99,5.99,4.94,Needs attention
C-01060,Shopify,NY,0,2025-07-29,2025-07-29,1,7.99,7.99,5.64,Needs attention
C-01061,Shopify,GA,0,2025-07-29,2025-07-29,1,106.2,106.2,19.2,Needs attention
C-01062,Shopify,CA,1,2025-07-29,2025-11-16,6,107.89,17.98,83.59,Champions
C-01063,eBay,CA,0,2025-07-29,2025-07-29,1,176.88,176.88,28.88,Needs attention
C-01064,Shopify,MD,1,2025-07-29,2025-07-29,1,9.99,9.99,7.44,Needs attention
C-01065,Shopify,FL,1,2025-07-29,2025-12-31,2,38.96,19.48,29.86,Champions
C-01066,Shopify,PA,1,2025-07-30,2025-11-16,3,52.95,17.65,40.9,Champions
C-01067,eBay,VA,0,2025-07-30,2025-07-30,1,100.67,100.67,18.67,Needs attention
C-01068,Shopify,WA,0,2025-07-31,2025-07-31,1,26.97,26.97,21.27,Needs attention
C-01069,eBay,OR,0,2025-07-31,2025-09-25,3,76.92,25.64,60.92,Champions
C-01070,Shopify,CA,1,2025-08-01,2025-08-01,1,7.99,7.99,5.64,Needs attention
C-01071,Shopify,CA,0,2025-08-01,2025-08-01,1,97.57,97.57,21.57,Needs attention
C-01072,eBay,GA,0,2025-08-01,2025-08-01,1,280.22,280.22,36.22,Needs attention
C-01073,eBay,TX,0,2025-08-01,2025-08-01,1,205.64,205.64,36.64,Needs attention
C-01074,eBay,CA,0,2025-08-01,2025-08-01,1,7.99,7.99,5.64,Needs attention
C-01075,Shopify,TX,0,2025-08-01,2025-08-01,1,291.28,291.28,47.28,Needs attention
C-01076,Shopify,TX,0,2025-08-01,2025-08-01,1,7.99,7.99,5.64,Needs attention
C-01077,Shopify,NC,1,2025-08-01,2025-08-01,1,25.98,25.98,20.73,Needs attention
C-01078,eBay,TX,0,2025-08-02,2025-08-02,1,7.99,7.99,5.64,Needs attention
C-01079,eBay,MI,0,2025-08-02,2025-08-19,2,296.99,148.5,61.99,At risk
C-01080,eBay,CA,0,2025-08-02,2025-08-02,1,183.83,183.83,35.83,Needs attention
C-01081,Shopify,CA,1,2025-08-02,2025-08-02,1,117.17,117.17,24.17,Needs attention
C-01082,Shopify,CA,1,2025-08-02,2025-08-02,1,111.85,111.85,24.85,Needs attention
C-01083,Shopify,CA,1,2025-08-02,2025-08-02,1,9.99,9.99,7.44,Needs attention
C-01084,eBay,OH,0,2025-08-03,2025-08-03,1,97.47,97.47,21.47,Needs attention
C-01085,Shopify,CA,1,2025-08-03,2025-08-03,1,20.98,20.98,16.78,Needs attention
C-01086,eBay,CO,0,2025-08-03,2025-08-03,1,21.97,21.97,17.32,Needs attention
C-01087,eBay,CA,0,2025-08-03,2025-08-03,1,60.27,60.27,14.27,Needs attention
C-01088,eBay,CA,0,2025-08-03,2025-08-03,1,93.98,93.98,17.98,Needs attention
C-01089,Shopify,AZ,0,2025-08-04,2025-08-04,1,32.96,32.96,26.21,Needs attention
C-01090,Shopify,CA,1,2025-08-04,2025-08-04,1,174.04,174.04,26.04,Needs attention
C-01091,Shopify,OR,0,2025-08-04,2025-08-04,1,28.97,28.97,22.42,Needs attention
C-01092,eBay,MI,0,2025-08-04,2025-08-04,1,296.77,296.77,52.77,Needs attention
C-01093,eBay,AZ,0,2025-08-04,2025-08-04,1,297.44,297.44,53.44,Needs attention
C-01094,eBay,CO,0,2025-08-04,2025-08-04,1,115.74,115.74,22.74,Needs attention
C-01095,Shopify,TN,0,2025-08-05,2025-08-05,1,33.96,33.96,27.66,Needs attention
C-01096,Shopify,TX,0,2025-08-05,2025-11-23,2,30.97,15.48,24.22,Champions
C-01097,Shopify,CA,1,2025-08-06,2025-11-03,2,28.97,14.48,22.42,Champions
C-01098,eBay,IL,0,2025-08-06,2025-08-06,1,175.94,175.94,27.94,Needs attention
C-01099,eBay,CA,0,2025-08-06,2025-12-05,2,30.97,15.48,24.22,Champions
C-01100,Shopify,NY,1,2025-08-07,2025-10-12,3,70.93,23.64,55.53,Champions
C-01101,eBay,TX,0,2025-08-07,2025-08-07,1,40.97,40.97,32.57,Needs attention
C-01102,Shopify,CA,0,2025-08-08,2025-08-08,1,32.96,32.96,26.66,Needs attention
C-01103,eBay,GA,0,2025-08-08,2025-08-08,1,58.74,58.74,12.74,Needs attention
C-01104,Shopify,FL,0,2025-08-08,2025-08-08,1,94.27,94.27,18.27,Needs attention
C-01105,Shopify,MD,1,2025-08-09,2025-08-09,1,18.98,18.98,14.53,Needs attention
C-01106,Shopify,CA,0,2025-08-09,2025-08-09,1,214.18,214.18,45.18,Needs attention
C-01107,eBay,NC,0,2025-08-09,2025-08-09,1,18.98,18.98,14.53,Needs attention
C-01108,Shopify,CA,0,2025-08-09,2025-12-24,3,44.95,14.98,33.7,Champions
C-01109,Shopify,CA,1,2025-08-09,2025-09-11,2,24.97,12.48,19.47,At risk
C-01110,eBay,IL,0,2025-08-09,2025-08-09,1,213.25,213.25,44.25,Needs attention
C-01111,Shopify,MA,0,2025-08-10,2025-08-10,1,5.99,5.99,4.94,Needs attention
C-01112,eBay,MI,0,2025-08-10,2025-08-10,1,175.15,175.15,27.15,Needs attention
C-01113,Shopify,NC,1,2025-08-10,2025-08-10,1,299.91,299.91,55.91,Needs attention
C-01114,Shopify,CA,0,2025-08-11,2025-08-11,1,111.12,111.12,24.12,Needs attention
C-01115,eBay,PA,0,2025-08-11,2025-08-11,1,186.52,186.52,38.52,Needs attention
C-01116,Shopify,NY,1,2025-08-11,2025-08-11,1,9.99,9.99,7.44,Needs attention
C-01117,Shopify,PA,0,2025-08-11,2025-09-30,2,201.46,100.73,43.46,Champions
C-01118,eBay,CA,0,2025-08-11,2025-08-11,1,114.5,114.5,27.5,Needs attention
C-01119,Shopify,NY,0,2025-08-11,2025-08-11,1,7.99,7.99,5.64,Needs attention
C-01120,Shopify,GA,1,2025-08-11,2025-08-14,2,47.95,23.98,38.05,At risk
C-01121,eBay,CA,0,2025-08-11,2025-08-11,1,187.57,187.57,39.57,Needs attention
C-01122,Shopify,CA,1,2025-08-12,2025-08-12,1,31.97,31.97,25.67,Needs attention
C-01123,eBay,NC,0,2025-08-12,2025-08-12,1,42.96,42.96,34.56,Needs attention
C-01124,eBay,CA,0,2025-08-12,2025-08-12,1,185.46,185.46,37.46,Needs attention
C-01125,Shopify,PA,1,2025-08-12,2025-09-28,2,47.96,23.98,38.51,Champions
C-01126,eBay,TX,0,2025-08-13,2025-08-13,1,97.72,97.72,21.72,Needs attention
C-01127,eBay,CA,0,2025-08-13,2025-08-13,1,282.95,282.95,58.95,Needs attention
C-01128,eBay,NY,0,2025-08-14,2025-08-14,1,265.77,265.77,46.77,Needs attention
C-01129,Shopify,NC,1,2025-08-14,2025-08-14,1,15.98,15.98,12.38,Needs attention
C-01130,eBay,CA,0,2025-08-14,2025-08-14,1,96.48,96.48,20.48,Needs attention
C-01131,eBay,VA,0,2025-08-14,2025-08-14,1,26.97,26.97,21.72,Needs attention
C-01132,eBay,NY,0,2025-08-14,2025-08-14,1,285.66,285.66,41.66,Needs attention
C-01133,eBay,FL,0,2025-08-14,2025-08-14,1,117.14,117.14,24.14,Needs attention
C-01134,eBay,CA,0,2025-08-15,2025-08-15,1,11.98,11.98,9.88,Needs attention
C-01135,Shopify,FL,0,2025-08-15,2025-08-15,1,108.34,108.34,21.34,Needs attention
C-01136,Shopify,CA,1,2025-08-15,2025-12-02,2,153.3,76.65,31.3,Champions
C-01137,Shopify,CA,0,2025-08-15,2025-08-15,1,22.98,22.98,17.48,Needs attention
C-01138,eBay,OR,0,2025-08-15,2025-08-15,1,114.4,114.4,21.4,Needs attention
C-01139,eBay,NC,0,2025-08-16,2025-08-23,2,466.82,233.41,78.82,At risk
C-01140,Shopify,CA,1,2025-08-16,2025-12-06,2,39.96,19.98,31.31,Champions
C-01141,Shopify,AZ,1,2025-08-16,2025-10-12,2,209.21,104.6,46.21,Champions
C-01142,Shopify,CA,0,2025-08-16,2025-12-17,2,35.95,17.98,27.9,Champions
C-01143,Shopify,NY,1,2025-08-16,2025-12-07,3,70.93,23.64,55.53,Champions
C-01144,eBay,WA,0,2025-08-16,2025-08-16,1,61.37,61.37,15.37,Needs attention
C-01145,eBay,CA,0,2025-08-17,2025-08-17,1,182.1,182.1,34.1,Needs attention
C-01146,Shopify,FL,1,2025-08-17,2025-12-29,5,166.86,33.37,132.81,Champions
C-01147,Shopify,WA,1,2025-08-17,2025-08-17,1,7.99,7.99,5.64,Needs attention
C-01148,Shopify,MI,1,2025-08-17,2025-08-17,1,11.98,11.98,9.88,Needs attention
C-01149,eBay,CA,0,2025-08-17,2025-12-17,3,28.96,9.65,23.71,Champions
C-01150,Shopify,NV,1,2025-08-18,2025-08-18,1,15.98,15.98,12.38,Needs attention
C-01151,eBay,CA,0,2025-08-18,2025-08-18,1,111.2,111.2,18.2,Needs attention
C-01152,Shopify,VA,1,2025-08-18,2025-08-18,1,155.77,155.77,22.77,Needs attention
C-01153,Shopify,VA,1,2025-08-19,2025-10-11,2,31.96,15.98,24.76,Champions
C-01154,eBay,TN,0,2025-08-19,2025-08-19,1,266.39,266.39,47.39,Needs attention
C-01155,eBay,CA,0,2025-08-19,2025-08-19,1,5.99,5.99,4.94,Needs attention
C-01156,Shopify,CA,1,2025-08-19,2025-08-19,1,93.75,93.75,17.75,Needs attention
C-01157,eBay,AZ,0,2025-08-19,2025-08-19,1,5.99,5.99,4.94,Needs attention
C-01158,Shopify,CA,1,2025-08-19,2025-08-19,1,33.97,33.97,26.37,Needs attention
C-01159,eBay,MD,0,2025-08-19,2025-09-02,2,224.9,112.45,44.9,At risk
C-01160,Shopify,NY,0,2025-08-20,2025-08-20,1,13.98,13.98,10.58,Needs attention
C-01161,eBay,FL,0,2025-08-20,2025-08-20,1,5.99,5.99,4.94,Needs attention
C-01162,Shopify,NY,1,2025-08-20,2025-08-20,1,93.05,93.05,17.05,Needs attention
C-01163,Shopify,WA,1,2025-08-20,2025-08-20,1,30.97,30.97,24.22,Needs attention
C-01164,eBay,AZ,0,2025-08-20,2025-08-20,1,99.37,99.37,23.37,Needs attention
C-01165,Shopify,NC,1,2025-08-20,2025-09-29,2,174.12,87.06,41.12,Champions
C-01166,Shopify,NJ,1,2025-08-21,2025-08-21,1,28.96,28.96,23.71,Needs attention
C-01167,Shopify,AZ,1,2025-08-21,2025-12-06,2,24.97,12.48,19.47,Champions
C-01168,Shopify,NC,0,2025-08-21,2025-08-21,1,106.8,106.8,19.8,Needs attention
C-01169,Shopify,GA,1,2025-08-21,2025-08-21,1,10.99,10.99,8.89,Needs attention
C-01170,eBay,TX,0,2025-08-21,2025-08-21,1,94.14,94.14,18.14,Needs attention
C-01171,Shopify,CA,1,2025-08-21,2025-10-14,3,27.96,9.32,22.26,Champions
C-01172,Shopify,OR,1,2025-08-22,2025-08-22,1,9.99,9.99,7.44,Needs attention
C-01173,Shopify,OR,1,2025-08-22,2025-08-22,1,10.99,10.99,8.89,Needs attention
C-01174,Shopify,NJ,0,2025-08-22,2025-10-25,2,40.96,20.48,32.31,Champions
C-01175,eBay,MI,0,2025-08-23,2025-08-23,1,113.75,113.75,26.75,Needs attention
C-01176,eBay,TX,0,2025-08-23,2025-08-23,1,200.72,200.72,31.72,Needs attention
C-01177,Shopify,TX,1,2025-08-23,2025-08-23,1,24.98,24.98,19.28,Needs attention
C-01178,eBay,FL,0,2025-08-23,2025-08-23,1,112.0,112.0,19.0,Needs attention
C-01179,Shopify,TX,1,2025-08-23,2025-08-23,1,204.66,204.66,34.66,Needs attention
C-01180,Shopify,WA,1,2025-08-24,2025-08-24,1,215.81,215.81,45.81,Needs attention
C-01181,eBay,TN,0,2025-08-24,2025-08-24,1,92.35,92.35,16.35,Needs attention
C-01182,eBay,GA,0,2025-08-24,2025-08-24,1,14.99,14.99,11.84,Needs attention
C-01183,Shopify,TX,0,2025-08-24,2025-09-05,2,28.96,14.48,23.71,At risk
C-01184,Shopify,GA,0,2025-08-24,2025-08-24,1,11.98,11.98,9.88,Needs attention
C-01185,Shopify,CA,0,2025-08-24,2025-08-24,1,100.16,100.16,18.16,Needs attention
C-01186,eBay,CA,0,2025-08-25,2025-08-25,1,7.99,7.99,5.64,Needs attention
C-01187,Shopify,CA,1,2025-08-25,2025-08-25,1,37.96,37.96,30.61,Needs attention
C-01188,Shopify,NC,0,2025-08-25,2025-08-25,1,104.52,104.52,22.52,Needs attention
C-01189,eBay,NV,0,2025-08-25,2025-08-25,1,119.92,119.92,26.92,Needs attention
C-01190,Shopify,WA,0,2025-08-25,2025-08-25,1,249.11,249.11,55.11,Needs attention
C-01191,Shopify,CA,1,2025-08-26,2025-09-26,2,37.96,18.98,30.61,Champions
C-01192,eBay,WA,0,2025-08-26,2025-08-26,1,114.64,114.64,27.64,Needs attention
C-01193,eBay,TX,0,2025-08-26,2025-08-26,1,94.82,94.82,18.82,Needs attention
C-01194,Shopify,OR,0,2025-08-26,2025-08-26,1,29.97,29.97,23.42,Needs attention
C-01195,eBay,NC,0,2025-08-26,2025-08-26,1,185.33,185.33,37.33,Needs attention
C-01196,Shopify,CA,1,2025-08-26,2025-08-26,1,63.52,63.52,17.52,Needs attention
C-01197,Shopify,IL,0,2025-08-26,2025-09-29,2,82.92,41.46,65.87,Champions
C-01198,Shopify,FL,1,2025-08-27,2025-08-27,1,182.8,182.8,34.8,Needs attention
C-01199,Shopify,CA,0,2025-08-27,2025-08-27,1,18.98,18.98,14.53,Needs attention
C-01200,eBay,NY,0,2025-08-27,2025-08-27,1,180.35,180.35,32.35,Needs attention
C-01201,Shopify,NJ,1,2025-08-27,2025-12-27,2,36.96,18.48,28.71,Champions
C-01202,Shopify,MA,0,2025-08-27,2025-08-27,1,9.99,9.99,7.44,Needs attention
C-01203,Shopify,IL,1,2025-08-27,2025-08-27,1,198.21,198.21,29.21,Needs attention
C-01204,Shopify,NV,0,2025-08-27,2025-08-31,2,39.95,19.98,32.6,At risk
C-01205,eBay,FL,0,2025-08-28,2025-08-28,1,5.99,5.99,4.94,Needs attention
C-01206,eBay,TX,0,2025-08-28,2025-08-28,1,61.79,61.79,15.79,Needs attention
C-01207,Shopify,PA,1,2025-08-28,2025-12-26,2,75.94,37.97,59.74,Champions
C-01208,eBay,TX,0,2025-08-28,2025-09-20,2,344.62,172.31,74.62,At risk
C-01209,Shopify,CA,1,2025-08-28,2025-09-08,2,51.94,25.97,41.19,At risk
C-01210,Shopify,TX,1,2025-08-29,2025-08-29,1,22.98,22.98,17.48,Needs attention
C-01211,eBay,CA,0,2025-08-29,2025-08-29,1,13.98,13.98,10.58,Needs attention
C-01212,eBay,PA,0,2025-08-29,2025-08-29,1,214.33,214.33,39.33,Needs attention
C-01213,eBay,CA,0,2025-08-30,2025-11-19,2,17.98,8.99,13.08,Champions
C-01214,Shopify,CO,0,2025-08-30,2025-08-30,1,7.99,7.99,5.64,Needs attention
C-01215,Shopify,NV,1,2025-08-30,2025-08-30,1,98.05,98.05,22.05,Needs attention
C-01216,Shopify,CA,1,2025-08-30,2025-09-04,2,62.94,31.47,49.89,At risk
C-01217,eBay,WA,0,2025-08-30,2025-08-30,1,107.31,107.31,20.31,Needs attention
C-01218,eBay,FL,0,2025-08-30,2025-08-30,1,98.26,98.26,22.26,Needs attention
C-01219,eBay,TX,0,2025-08-31,2025-08-31,1,14.99,14.99,11.84,Needs attention
C-01220,Shopify,CA,1,2025-08-31,2025-08-31,1,33.97,33.97,26.37,Needs attention
C-01221,eBay,FL,0,2025-08-31,2025-10-23,2,32.96,16.48,26.21,Champions
C-01222,eBay,NV,0,2025-08-31,2025-08-31,1,95.05,95.05,19.05,Needs attention
C-01223,Shopify,CA,1,2025-09-01,2025-09-11,3,48.94,16.31,39.04,At risk
C-01224,Shopify,AZ,1,2025-09-01,2025-12-31,2,28.97,14.48,22.42,Champions
C-01225,Shopify,FL,1,2025-09-01,2025-09-02,2,74.93,37.47,60.23,At risk
C-01226,eBay,NY,0,2025-09-01,2025-09-01,1,100.82,100.82,24.82,Needs attention
C-01227,Shopify,CA,0,2025-09-02,2025-09-12,2,30.97,15.48,24.22,At risk
C-01228,Shopify,CA,0,2025-09-03,2025-09-08,2,44.95,22.48,34.8,At risk
C-01229,eBay,CA,0,2025-09-03,2025-09-03,1,106.28,106.28,19.28,Needs attention
C-01230,Shopify,WA,1,2025-09-03,2025-09-03,1,100.18,100.18,24.18,Needs attention
C-01231,Shopify,CA,1,2025-09-04,2025-10-22,5,109.9,21.98,86.3,Champions
C-01232,Shopify,NY,1,2025-09-04,2025-09-04,1,39.97,39.97,31.12,Needs attention
C-01233,eBay,TX,0,2025-09-04,2025-09-04,1,97.37,97.37,21.37,Needs attention
C-01234,eBay,PA,0,2025-09-04,2025-09-04,1,120.4,120.4,27.4,Needs attention
C-01235,Shopify,FL,1,2025-09-04,2025-09-04,1,31.97,31.97,25.22,Needs attention
C-01236,Shopify,NV,0,2025-09-05,2025-09-05,1,5.99,5.99,4.94,Needs attention
C-01237,eBay,CA,0,2025-09-05,2025-09-05,1,185.28,185.28,37.28,Needs attention
C-01238,eBay,CA,0,2025-09-05,2025-09-05,1,187.48,187.48,39.48,Needs attention
C-01239,eBay,NJ,0,2025-09-06,2025-09-06,1,284.7,284.7,40.7,Needs attention
C-01240,eBay,NJ,0,2025-09-06,2025-09-06,1,5.99,5.99,4.94,Needs attention
C-01241,Shopify,CA,1,2025-09-06,2025-09-06,1,9.99,9.99,7.44,Needs attention
C-01242,eBay,NY,0,2025-09-06,2025-10-18,3,369.01,123.0,69.01,Champions
C-01243,Shopify,AZ,0,2025-09-07,2025-09-07,1,204.3,204.3,34.3,Needs attention
C-01244,Shopify,CA,1,2025-09-07,2025-12-26,4,112.88,28.22,90.58,Champions
C-01245,Shopify,FL,0,2025-09-07,2025-09-07,1,116.5,116.5,23.5,Needs attention
C-01246,Shopify,NY,1,2025-09-07,2025-09-07,1,7.99,7.99,5.64,Needs attention
C-01247,eBay,TX,0,2025-09-07,2025-09-07,1,203.32,203.32,33.32,Needs attention
C-01248,eBay,TX,0,2025-09-07,2025-09-07,1,59.54,59.54,13.54,Needs attention
C-01249,eBay,NY,0,2025-09-07,2025-09-07,1,10.99,10.99,8.89,Needs attention
C-01250,Shopify,PA,0,2025-09-07,2025-09-07,1,97.14,97.14,21.14,Needs attention
C-01251,Shopify,FL,0,2025-09-07,2025-09-07,1,16.98,16.98,13.83,Needs attention
C-01252,eBay,NY,0,2025-09-08,2025-09-08,1,63.55,63.55,17.55,Needs attention
C-01253,Shopify,CA,0,2025-09-08,2025-09-08,1,22.97,22.97,18.77,Needs attention
C-01254,Shopify,CA,1,2025-09-08,2025-09-08,1,92.46,92.46,16.46,Needs attention
C-01255,eBay,OR,0,2025-09-08,2025-09-08,1,9.99,9.99,7.44,Needs attention
C-01256,eBay,NC,0,2025-09-08,2025-09-08,1,187.34,187.34,39.34,Needs attention
C-01257,Shopify,FL,1,2025-09-09,2025-09-09,1,99.4,99.4,23.4,Needs attention
C-01258,Shopify,NJ,1,2025-09-09,2025-09-09,1,98.54,98.54,22.54,Needs attention
C-01259,Shopify,NJ,0,2025-09-09,2025-12-06,2,221.65,110.83,42.65,Champions
C-01260,Shopify,IL,1,2025-09-09,2025-09-09,1,33.96,33.96,27.66,Needs attention
C-01261,eBay,OH,0,2025-09-09,2025-09-09,1,24.98,24.98,19.28,Needs attention
C-01262,Shopify,CA,1,2025-09-09,2025-09-09,1,98.28,98.28,22.28,Needs attention
C-01263,eBay,CA,0,2025-09-09,2025-12-01,2,278.56,139.28,54.56,Champions
C-01264,eBay,OH,0,2025-09-10,2025-12-28,3,79.92,26.64,62.62,Champions
C-01265,Shopify,MI,1,2025-09-10,2025-09-10,1,11.98,11.98,9.88,Needs attention
C-01266,Shopify,CA,1,2025-09-10,2025-09-10,1,100.17,100.17,24.17,Needs attention
C-01267,Shopify,AZ,1,2025-09-10,2025-09-10,1,10.99,10.99,8.89,Needs attention
C-01268,eBay,PA,0,2025-09-10,2025-09-10,1,107.74,107.74,25.74,Needs attention
C-01269,Shopify,FL,1,2025-09-10,2025-09-10,1,20.98,20.98,16.78,Needs attention
C-01270,Shopify,CA,1,2025-09-10,2025-09-10,1,33.97,33.97,26.37,Needs attention
C-01271,Shopify,CA,0,2025-09-11,2025-11-28,3,51.94,17.31,40.74,Champions
C-01272,Shopify,NJ,1,2025-09-11,2025-09-11,1,183.54,183.54,35.54,Needs attention
C-01273,eBay,CA,0,2025-09-11,2025-09-11,1,187.77,187.77,39.77,Needs attention
C-01274,Shopify,MI,1,2025-09-11,2025-09-11,1,15.98,15.98,12.38,Needs attention
C-01275,Shopify,CA,1,2025-09-12,2025-09-12,1,97.75,97.75,21.75,Needs attention
C-01276,eBay,NY,0,2025-09-12,2025-09-12,1,62.51,62.51,16.51,Needs attention
C-01277,Shopify,TX,1,2025-09-12,2025-10-23,3,72.93,24.31,57.98,Champions
C-01278,eBay,CA,0,2025-09-12,2025-09-12,1,107.5,107.5,20.5,Needs attention
C-01279,eBay,AZ,0,2025-09-12,2025-09-12,1,178.31,178.31,30.31,Needs attention
C-01280,eBay,MA,0,2025-09-13,2025-09-13,1,60.23,60.23,14.23,Needs attention
C-01281,Shopify,CA,0,2025-09-13,2025-09-13,1,10.99,10.99,8.89,Needs attention
C-01282,eBay,CA,0,2025-09-13,2025-09-17,2,350.57,175.28,60.57,At risk
C-01283,Shopify,TN,1,2025-09-13,2025-09-13,1,14.99,14.99,11.84,Needs attention
C-01284,Shopify,CA,1,2025-09-13,2025-09-13,1,163.55,163.55,30.55,Needs attention
C-01285,Shopify,OH,1,2025-09-14,2025-09-14,1,22.97,22.97,18.77,Needs attention
C-01286,eBay,TN,0,2025-09-14,2025-09-14,1,61.64,61.64,15.64,Needs attention
C-01287,Shopify,CA,0,2025-09-14,2025-09-14,1,15.98,15.98,12.38,Needs attention
C-01288,eBay,CA,0,2025-09-14,2025-09-14,1,157.15,157.15,24.15,Needs attention
C-01289,Shopify,CA,1,2025-09-14,2025-09-14,1,16.98,16.98,13.83,Needs attention
C-01290,eBay,NC,0,2025-09-14,2025-09-14,1,111.79,111.79,24.79,Needs attention
C-01291,Shopify,CA,0,2025-09-15,2025-09-15,1,31.97,31.97,25.67,Needs attention
C-01292,Shopify,NY,1,2025-09-15,2025-09-15,1,28.96,28.96,23.71,Needs attention
C-01293,Shopify,CA,0,2025-09-15,2025-09-15,1,20.98,20.98,16.78,Needs attention
C-01294,Shopify,VA,1,2025-09-15,2025-09-15,1,63.51,63.51,17.51,Needs attention
C-01295,eBay,MD,0,2025-09-15,2025-09-15,1,93.23,93.23,17.23,Needs attention
C-01296,Shopify,WA,0,2025-09-15,2025-10-24,2,385.81,192.9,65.81,Champions
C-01297,Shopify,CA,0,2025-09-15,2025-09-15,1,37.97,37.97,29.32,Needs attention
C-01298,Shopify,FL,1,2025-09-15,2025-09-17,2,32.97,16.48,24.92,At risk
C-01299,eBay,NY,0,2025-09-15,2025-09-15,1,94.53,94.53,18.53,Needs attention
C-01300,eBay,CA,0,2025-09-15,2025-09-15,1,209.07,209.07,40.07,Needs attention
C-01301,eBay,IL,0,2025-09-15,2025-09-15,1,155.2,155.2,22.2,Needs attention
C-01302,Shopify,TN,0,2025-09-16,2025-09-16,1,7.99,7.99,5.64,Needs attention
C-01303,eBay,WA,0,2025-09-16,2025-09-16,1,58.83,58.83,12.83,Needs attention
C-01304,eBay,TX,0,2025-09-16,2025-09-16,1,162.04,162.04,34.04,Needs attention
C-01305,Shopify,MD,1,2025-09-16,2025-09-24,2,23.97,11.98,18.02,At risk
C-01306,Shopify,TX,1,2025-09-16,2025-10-11,2,294.58,147.29,53.58,Champions
C-01307,Shopify,IL,1,2025-09-16,2025-09-16,1,13.98,13.98,10.58,Needs attention
C-01308,eBay,OR,0,2025-09-16,2025-09-16,1,296.4,296.4,52.4,Needs attention
C-01309,Shopify,VA,1,2025-09-17,2025-09-17,1,9.99,9.99,7.44,Needs attention
C-01310,Shopify,MD,1,2025-09-17,2025-09-17,1,10.99,10.99,8.89,Needs attention
C-01311,eBay,CA,0,2025-09-17,2025-10-22,3,78.92,26.31,62.92,Champions
C-01312,Shopify,CA,1,2025-09-17,2025-09-17,1,14.99,14.99,11.84,Needs attention
C-01313,Shopify,WA,0,2025-09-18,2025-09-18,1,7.99,7.99,5.64,Needs attention
C-01314,Shopify,CA,0,2025-09-18,2025-09-18,1,11.98,11.98,9.88,Needs attention
C-01315,Shopify,TX,1,2025-09-18,2025-09-18,1,13.98,13.98,10.58,Needs attention
C-01316,Shopify,IL,1,2025-09-18,2025-09-18,1,21.97,21.97,17.32,Needs attention
C-01317,eBay,NY,0,2025-09-18,2025-09-18,1,94.83,94.83,18.83,Needs attention
C-01318,Shopify,FL,0,2025-09-19,2025-09-19,1,28.97,28.97,22.42,Needs attention
C-01319,Shopify,FL,1,2025-09-19,2025-09-19,1,258.73,258.73,39.73,Needs attention
C-01320,Shopify,MI,0,2025-09-19,2025-09-19,1,20.98,20.98,16.33,Needs attention
C-01321,Shopify,CO,1,2025-09-19,2025-09-19,1,14.99,14.99,11.84,Needs attention
C-01322,Shopify,VA,1,2025-09-19,2025-09-25,2,58.95,29.48,45.65,Champions
C-01323,Shopify,CA,0,2025-09-20,2025-09-20,1,17.97,17.97,14.82,Needs attention
C-01324,eBay,CA,0,2025-09-20,2025-10-25,2,199.56,99.78,41.56,Champions
C-01325,Shopify,MD,1,2025-09-20,2025-09-20,1,27.97,27.97,22.72,Needs attention
C-01326,Shopify,PA,1,2025-09-20,2025-09-20,1,97.7,97.7,21.7,Needs attention
C-01327,Shopify,CA,1,2025-09-21,2025-09-21,1,110.64,110.64,23.64,Needs attention
C-01328,eBay,WA,0,2025-09-21,2025-09-21,1,62.97,62.97,16.97,Needs attention
C-01329,Shopify,NC,0,2025-09-21,2025-09-21,1,62.62,62.62,16.62,Needs attention
C-01330,Shopify,CA,0,2025-09-21,2025-09-21,1,25.98,25.98,20.73,Needs attention
C-01331,eBay,IL,0,2025-09-21,2025-09-21,1,60.77,60.77,14.77,Needs attention
C-01332,Shopify,NC,1,2025-09-22,2025-09-22,1,10.99,10.99,8.89,Needs attention
C-01333,Shopify,CA,1,2025-09-22,2025-09-22,1,5.99,5.99,4.94,Needs attention
C-01334,Shopify,CA,0,2025-09-22,2025-09-22,1,269.14,269.14,53.14,Needs attention
C-01335,eBay,CA,0,2025-09-22,2025-09-22,1,120.0,120.0,27.0,Needs attention
C-01336,Shopify,TN,0,2025-09-22,2025-09-22,1,58.64,58.64,12.64,Needs attention
C-01337,Shopify,CO,0,2025-09-23,2025-09-23,1,92.58,92.58,16.58,Needs attention
C-01338,Shopify,TX,0,2025-09-23,2025-09-23,1,99.74,99.74,23.74,Needs attention
C-01339,Shopify,CA,0,2025-09-23,2025-09-23,1,97.32,97.32,21.32,Needs attention
C-01340,eBay,CA,0,2025-09-23,2025-09-23,1,7.99,7.99,5.64,Needs attention
C-01341,Shopify,GA,0,2025-09-24,2025-10-20,2,54.94,27.47,44.44,Champions
C-01342,eBay,CA,0,2025-09-24,2025-09-24,1,266.3,266.3,47.3,Needs attention
C-01343,Shopify,FL,0,2025-09-25,2025-09-25,1,261.87,261.87,45.87,Needs attention
C-01344,Shopify,CA,0,2025-09-25,2025-09-25,1,60.9,60.9,14.9,New
C-01345,Shopify,NY,1,2025-09-25,2025-11-16,3,36.95,12.32,29.35,Champions
C-01346,eBay,NY,0,2025-09-26,2025-09-26,1,287.23,287.23,43.23,New
C-01347,Shopify,TX,1,2025-09-26,2025-09-26,1,25.98,25.98,20.73,New
C-01348,Shopify,GA,1,2025-09-27,2025-09-28,2,48.94,24.47,37.94,Champions
C-01349,Shopify,CA,1,2025-09-27,2025-09-27,1,92.33,92.33,16.33,New
C-01350,Shopify,CA,0,2025-09-27,2025-09-27,1,28.96,28.96,23.71,New
C-01351,Shopify,MD,1,2025-09-27,2025-09-27,1,42.96,42.96,34.56,New
C-01352,eBay,OH,0,2025-09-28,2025-09-28,1,98.83,98.83,16.83,New
C-01353,eBay,AZ,0,2025-09-28,2025-09-28,1,189.94,189.94,41.94,New
C-01354,Shopify,CA,0,2025-09-28,2025-09-28,1,13.98,13.98,10.58,New
C-01355,Shopify,CA,1,2025-09-28,2025-09-28,1,11.98,11.98,9.88,New
C-01356,Shopify,CA,1,2025-09-29,2025-09-29,1,290.8,290.8,46.8,New
C-01357,eBay,NY,0,2025-09-29,2025-09-29,1,92.68,92.68,16.68,New
C-01358,eBay,CA,0,2025-09-29,2025-09-29,1,184.81,184.81,36.81,New
C-01359,Shopify,CA,1,2025-09-29,2025-09-29,1,100.4,100.4,24.4,New
C-01360,eBay,TX,0,2025-09-30,2025-09-30,1,97.89,97.89,21.89,New
C-01361,Shopify,NJ,1,2025-09-30,2025-09-30,1,207.31,207.31,38.31,New
C-01362,eBay,CA,0,2025-09-30,2025-09-30,1,215.04,215.04,45.04,New
C-01363,Shopify,IL,1,2025-09-30,2025-09-30,1,13.98,13.98,10.58,New
C-01364,Shopify,TX,0,2025-09-30,2025-09-30,1,18.98,18.98,14.53,New
C-01365,eBay,TN,0,2025-09-30,2025-09-30,1,99.81,99.81,23.81,New
C-01366,Shopify,CA,1,2025-10-01,2025-10-01,1,5.99,5.99,4.94,New
C-01367,Shopify,IL,1,2025-10-01,2025-10-01,1,5.99,5.99,4.94,New
C-01368,Shopify,CA,0,2025-10-01,2025-10-01,1,14.99,14.99,11.84,New
C-01369,eBay,CA,0,2025-10-01,2025-10-01,1,168.65,168.65,35.65,New
C-01370,eBay,CA,0,2025-10-01,2025-10-01,1,60.21,60.21,14.21,New
C-01371,Shopify,TX,1,2025-10-02,2025-10-02,1,24.97,24.97,19.47,New
C-01372,eBay,CA,0,2025-10-02,2025-10-02,1,190.34,190.34,38.34,New
C-01373,Shopify,FL,0,2025-10-02,2025-11-07,2,63.94,31.97,51.34,Champions
C-01374,eBay,CA,0,2025-10-02,2025-10-02,1,113.66,113.66,20.66,New
C-01375,Shopify,NY,1,2025-10-02,2025-10-02,1,14.99,14.99,11.84,New
C-01376,eBay,CA,0,2025-10-02,2025-10-02,1,96.16,96.16,20.16,New
C-01377,Shopify,FL,0,2025-10-02,2025-10-02,1,7.99,7.99,5.64,New
C-01378,eBay,CA,0,2025-10-02,2025-10-02,1,211.5,211.5,41.5,New
C-01379,eBay,MD,0,2025-10-02,2025-10-02,1,18.98,18.98,14.53,New
C-01380,Shopify,CA,0,2025-10-02,2025-12-05,2,60.95,30.48,47.9,Champions
C-01381,Shopify,NY,0,2025-10-03,2025-10-03,1,108.28,108.28,21.28,New
C-01382,eBay,NJ,0,2025-10-03,2025-10-03,1,60.19,60.19,14.19,New
C-01383,Shopify,FL,1,2025-10-03,2025-11-12,2,62.94,31.47,49.89,Champions
C-01384,Shopify,AZ,1,2025-10-03,2025-11-08,2,201.45,100.72,43.45,Champions
C-01385,eBay,AZ,0,2025-10-03,2025-10-03,1,184.02,184.02,36.02,New
C-01386,Shopify,CA,0,2025-10-03,2025-10-03,1,101.58,101.58,19.58,New
C-01387,Shopify,NY,0,2025-10-03,2025-10-03,1,35.97,35.97,28.17,New
C-01388,Shopify,MI,0,2025-10-04,2025-10-04,1,28.97,28.97,22.42,New
C-01389,Shopify,NC,0,2025-10-04,2025-10-04,1,109.53,109.53,22.53,New
C-01390,Shopify,CA,0,2025-10-04,2025-11-17,2,49.95,24.98,39.2,Champions
C-01391,Shopify,PA,0,2025-10-04,2025-10-04,1,7.99,7.99,5.64,New
C-01392,Shopify,OR,1,2025-10-04,2025-11-12,2,38.95,19.48,31.15,Champions
C-01393,eBay,CA,0,2025-10-04,2025-10-04,1,94.95,94.95,18.95,New
C-01394,Shopify,CA,0,2025-10-05,2025-10-05,1,59.67,59.67,13.67,New
C-01395,eBay,AZ,0,2025-10-05,2025-10-05,1,183.98,183.98,35.98,New
C-01396,eBay,IL,0,2025-10-05,2025-10-05,1,5.99,5.99,4.94,New
C-01397,eBay,NC,0,2025-10-05,2025-12-18,2,264.49,132.25,49.49,Champions
C-01398,Shopify,MD,1,2025-10-05,2025-10-05,1,7.99,7.99,5.64,New
C-01399,Shopify,GA,1,2025-10-05,2025-10-08,2,47.95,23.98,38.05,Champions
C-01400,eBay,NY,0,2025-10-06,2025-10-06,1,112.68,112.68,25.68,New
C-01401,Shopify,CA,0,2025-10-06,2025-10-06,1,94.21,94.21,18.21,New
C-01402,eBay,CA,0,2025-10-06,2025-10-06,1,116.79,116.79,23.79,New
C-01403,Shopify,FL,0,2025-10-06,2025-10-06,1,20.98,20.98,16.33,New
C-01404,Shopify,AZ,0,2025-10-06,2025-10-06,1,22.98,22.98,17.48,New
C-01405,eBay,VA,0,2025-10-07,2025-10-07,1,92.36,92.36,16.36,New
C-01406,eBay,CO,0,2025-10-07,2025-10-07,1,184.94,184.94,36.94,New
C-01407,eBay,OH,0,2025-10-08,2025-10-08,1,174.33,174.33,26.33,New
C-01408,Shopify,NJ,0,2025-10-08,2025-10-09,2,285.38,142.69,55.38,Champions
C-01409,eBay,PA,0,2025-10-08,2025-10-08,1,37.97,37.97,29.32,New
C-01410,Shopify,NY,0,2025-10-09,2025-10-09,1,18.98,18.98,14.53,New
C-01411,Shopify,NJ,1,2025-10-09,2025-10-09,1,16.98,16.98,13.83,New
C-01412,eBay,TX,0,2025-10-09,2025-10-09,1,98.8,98.8,16.8,New
C-01413,Shopify,CA,1,2025-10-09,2025-10-09,1,60.58,60.58,14.58,New
C-01414,Shopify,CA,1,2025-10-09,2025-10-09,1,61.25,61.25,15.25,New
C-01415,Shopify,TX,0,2025-10-09,2025-10-09,1,62.1,62.1,16.1,New
C-01416,Shopify,FL,1,2025-10-10,2025-10-10,1,18.98,18.98,14.53,New
C-01417,eBay,FL,0,2025-10-10,2025-10-10,1,105.18,105.18,23.18,New
C-01418,Shopify,FL,0,2025-10-10,2025-10-10,1,5.99,5.99,4.94,New
C-01419,Shopify,CA,1,2025-10-10,2025-10-23,2,17.98,8.99,13.08,Champions
C-01420,Shopify,NJ,1,2025-10-11,2025-10-11,1,20.98,20.98,16.78,New
C-01421,eBay,CA,0,2025-10-11,2025-10-11,1,294.19,294.19,50.19,New
C-01422,Shopify,CA,1,2025-10-11,2025-11-29,3,72.91,24.3,59.26,Champions
C-01423,Shopify,CA,1,2025-10-11,2025-10-11,1,20.98,20.98,16.33,New
C-01424,eBay,AZ,0,2025-10-11,2025-10-11,2,65.94,32.97,52.04,Champions
C-01425,eBay,CA,0,2025-10-11,2025-10-22,3,298.97,99.66,59.97,Champions
C-01426,Shopify,CA,1,2025-10-11,2025-11-14,3,44.95,14.98,34.8,Champions
C-01427,Shopify,FL,0,2025-10-11,2025-11-21,2,346.98,173.49,56.98,Champions
C-01428,Shopify,PA,1,2025-10-11,2025-10-16,2,29.97,14.98,23.42,Champions
C-01429,Shopify,IL,0,2025-10-11,2025-10-11,1,28.96,28.96,23.71,New
C-01430,Shopify,NY,0,2025-10-11,2025-10-11,1,7.99,7.99,5.64,New
C-01431,eBay,TX,0,2025-10-11,2025-10-11,1,62.28,62.28,16.28,New
C-01432,Shopify,PA,0,2025-10-12,2025-10-12,1,107.5,107.5,25.5,New
C-01433,Shopify,CA,1,2025-10-12,2025-10-12,1,61.69,61.69,15.69,New
C-01434,eBay,NV,0,2025-10-12,2025-10-12,1,96.81,96.81,20.81,New
C-01435,Shopify,VA,0,2025-10-12,2025-10-12,1,9.99,9.99,7.44,New
C-01436,eBay,CA,0,2025-10-12,2025-10-12,1,98.48,98.48,22.48,New
C-01437,eBay,NC,0,2025-10-12,2025-10-12,1,102.34,102.34,20.34,New
C-01438,eBay,CA,0,2025-10-12,2025-10-12,1,194.67,194.67,42.67,New
C-01439,Shopify,CA,0,2025-10-12,2025-10-12,1,26.97,26.97,21.27,New
C-01440,Shopify,FL,1,2025-10-12,2025-12-10,3,77.93,25.98,61.28,Champions
C-01441,Shopify,IL,1,2025-10-12,2025-10-14,2,34.96,17.48,27.36,Champions
C-01442,Shopify,GA,0,2025-10-13,2025-10-13,1,60.49,60.49,14.49,New
C-01443,Shopify,CA,0,2025-10-13,2025-10-13,1,553.28,553.28,90.28,New
C-01444,Shopify,CA,0,2025-10-14,2025-10-14,1,35.97,35.97,28.62,New
C-01445,Shopify,FL,0,2025-10-15,2025-10-15,1,28.96,28.96,23.71,New
C-01446,eBay,NJ,0,2025-10-15,2025-10-15,1,121.5,121.5,28.5,New
C-01447,eBay,CA,0,2025-10-15,2025-10-15,1,94.87,94.87,18.87,New
C-01448,Shopify,CA,0,2025-10-15,2025-10-15,1,24.98,24.98,19.28,New
C-01449,Shopify,CA,1,2025-10-15,2025-10-15,1,20.98,20.98,16.33,New
C-01450,Shopify,CA,0,2025-10-15,2025-10-15,1,5.99,5.99,4.94,New
C-01451,Shopify,TX,0,2025-10-15,2025-10-19,2,38.95,19.48,31.15,Champions
C-01452,Shopify,CA,0,2025-10-16,2025-10-16,1,104.86,104.86,22.86,New
C-01453,eBay,WA,0,2025-10-16,2025-10-16,1,59.37,59.37,13.37,New
C-01454,Shopify,OH,1,2025-10-16,2025-10-16,1,265.34,265.34,46.34,New
C-01455,Shopify,VA,1,2025-10-16,2025-10-16,1,99.03,99.03,23.03,New
C-01456,eBay,FL,0,2025-10-16,2025-10-16,1,11.98,11.98,9.88,New
C-01457,eBay,CO,0,2025-10-16,2025-10-16,1,13.98,13.98,10.58,New
C-01458,Shopify,CA,1,2025-10-17,2025-10-17,1,95.32,95.32,19.32,New
C-01459,eBay,FL,0,2025-10-17,2025-10-17,1,98.11,98.11,22.11,New
C-01460,eBay,MD,0,2025-10-17,2025-10-17,1,186.96,186.96,38.96,New
C-01461,Shopify,CA,0,2025-10-17,2025-10-17,1,24.98,24.98,19.28,New
C-01462,Shopify,WA,0,2025-10-17,2025-12-17,2,29.96,14.98,22.96,Champions
C-01463,Shopify,TX,0,2025-10-18,2025-10-18,1,41.96,41.96,33.56,New
C-01464,eBay,TX,0,2025-10-18,2025-10-18,1,107.98,107.98,20.98,New
C-01465,Shopify,FL,1,2025-10-19,2025-10-19,1,18.98,18.98,14.53,New
C-01466,eBay,CA,0,2025-10-19,2025-10-19,1,179.74,179.74,31.74,New
C-01467,Shopify,TX,0,2025-10-19,2025-10-19,1,15.98,15.98,12.38,New
C-01468,Shopify,CA,1,2025-10-19,2025-10-19,1,63.81,63.81,17.81,New
C-01469,Shopify,CA,1,2025-10-19,2025-10-19,1,96.35,96.35,20.35,New
C-01470,Shopify,CA,0,2025-10-19,2025-10-19,1,16.98,16.98,13.83,New
C-01471,eBay,CA,0,2025-10-20,2025-10-20,1,206.38,206.38,37.38,New
C-01472,eBay,NY,0,2025-10-20,2025-10-20,1,97.7,97.7,21.7,New
C-01473,Shopify,CA,0,2025-10-20,2025-11-07,3,31.96,10.65,23.66,Champions
C-01474,eBay,CA,0,2025-10-21,2025-10-21,1,98.36,98.36,22.36,New
C-01475,Shopify,TX,0,2025-10-21,2025-11-08,2,345.95,172.97,55.95,Champions
C-01476,eBay,FL,0,2025-10-21,2025-10-21,1,184.76,184.76,36.76,New
C-01477,eBay,OR,0,2025-10-21,2025-10-21,1,28.97,28.97,22.42,New
C-01478,Shopify,AZ,0,2025-10-21,2025-10-21,1,16.98,16.98,13.83,New
C-01479,Shopify,CA,0,2025-10-22,2025-10-22,1,279.37,279.37,35.37,New
C-01480,eBay,NJ,0,2025-10-22,2025-10-22,1,271.86,271.86,52.86,New
C-01481,eBay,TX,0,2025-10-22,2025-10-22,1,20.98,20.98,16.78,New
C-01482,Shopify,NV,1,2025-10-22,2025-11-28,2,32.96,16.48,26.21,Champions
C-01483,Shopify,TX,1,2025-10-22,2025-10-22,1,18.98,18.98,14.53,New
C-01484,eBay,VA,0,2025-10-22,2025-10-22,1,16.98,16.98,13.83,New
C-01485,Shopify,TX,0,2025-10-23,2025-12-06,3,37.95,12.65,28.6,Champions
C-01486,Shopify,WA,1,2025-10-23,2025-12-30,2,24.98,12.49,19.28,Champions
C-01487,Shopify,TN,1,2025-10-24,2025-10-24,1,61.92,61.92,15.92,New
C-01488,eBay,OH,0,2025-10-24,2025-12-01,2,22.98,11.49,17.48,Champions
C-01489,Shopify,OH,1,2025-10-24,2025-10-24,1,14.99,14.99,11.84,New
C-01490,eBay,FL,0,2025-10-24,2025-12-23,2,190.88,95.44,38.88,Champions
C-01491,Shopify,CA,0,2025-10-25,2025-12-18,2,396.65,198.32,79.65,Champions
C-01492,eBay,OH,0,2025-10-25,2025-11-10,2,82.94,41.47,64.84,Champions
C-01493,Shopify,GA,1,2025-10-25,2025-10-25,1,208.39,208.39,38.39,New
C-01494,eBay,CA,0,2025-10-26,2025-10-26,1,115.99,115.99,22.99,New
C-01495,Shopify,CA,1,2025-10-26,2025-10-26,1,32.96,32.96,26.66,New
C-01496,eBay,TX,0,2025-10-26,2025-10-26,1,63.22,63.22,17.22,New
C-01497,eBay,CA,0,2025-10-26,2025-10-26,1,110.93,110.93,23.93,New
C-01498,eBay,CA,0,2025-10-27,2025-10-27,1,37.96,37.96,30.61,New
C-01499,Shopify,CA,0,2025-10-27,2025-10-27,1,22.97,22.97,18.77,New
C-01500,eBay,FL,0,2025-10-27,2025-10-27,1,301.91,301.91,57.91,New
C-01501,Shopify,PA,1,2025-10-27,2025-10-27,1,284.26,284.26,40.26,New
C-01502,Shopify,CA,0,2025-10-27,2025-10-27,1,38.96,38.96,31.61,New
C-01503,eBay,CA,0,2025-10-27,2025-10-27,1,175.55,175.55,27.55,New
C-01504,Shopify,NY,0,2025-10-27,2025-10-27,1,22.98,22.98,17.48,New
C-01505,Shopify,OH,1,2025-10-28,2025-10-28,1,5.99,5.99,4.94,New
C-01506,Shopify,TX,1,2025-10-28,2025-12-03,2,37.96,18.98,30.61,Champions
C-01507,eBay,NY,0,2025-10-28,2025-10-28,1,113.42,113.42,20.42,New
C-01508,eBay,AZ,0,2025-10-28,2025-10-28,1,94.75,94.75,18.75,New
C-01509,Shopify,NC,0,2025-10-28,2025-10-28,1,51.96,51.96,41.46,New
C-01510,Shopify,FL,1,2025-10-29,2025-10-29,1,5.99,5.99,4.94,New
C-01511,eBay,CA,0,2025-10-29,2025-10-29,1,181.2,181.2,33.2,New
C-01512,Shopify,AZ,1,2025-10-29,2025-10-29,1,16.98,16.98,13.83,New
C-01513,eBay,TN,0,2025-10-29,2025-10-29,1,21.98,21.98,17.78,New
C-01514,eBay,MA,0,2025-10-30,2025-10-30,1,206.67,206.67,37.67,New
C-01515,eBay,AZ,0,2025-10-30,2025-10-30,1,7.99,7.99,5.64,New
C-01516,eBay,OR,0,2025-10-30,2025-10-30,1,112.63,112.63,25.63,New
C-01517,Shopify,CA,0,2025-10-30,2025-10-30,1,7.99,7.99,5.64,New
C-01518,Shopify,FL,1,2025-10-31,2025-10-31,1,7.99,7.99,5.64,New
C-01519,eBay,CA,0,2025-10-31,2025-10-31,1,13.98,13.98,10.58,New
C-01520,Shopify,MI,1,2025-10-31,2025-10-31,1,20.98,20.98,16.78,New
C-01521,Shopify,CA,1,2025-10-31,2025-10-31,1,15.98,15.98,12.38,New
C-01522,eBay,NC,0,2025-10-31,2025-10-31,1,29.98,29.98,23.68,New
C-01523,eBay,VA,0,2025-10-31,2025-10-31,1,100.24,100.24,24.24,New
C-01524,eBay,CA,0,2025-11-01,2025-11-01,1,94.88,94.88,18.88,New
C-01525,eBay,OR,0,2025-11-01,2025-12-05,2,275.51,137.75,45.51,Champions
C-01526,Shopify,CA,1,2025-11-01,2025-12-23,2,155.25,77.63,33.25,Champions
C-01527,eBay,GA,0,2025-11-01,2025-11-01,1,95.12,95.12,19.12,New
C-01528,Shopify,CO,0,2025-11-01,2025-11-01,1,26.97,26.97,21.27,New
C-01529,eBay,AZ,0,2025-11-01,2025-11-01,1,46.96,46.96,37.51,New
C-01530,eBay,CA,0,2025-11-01,2025-11-01,1,16.98,16.98,13.83,New
C-01531,eBay,NC,0,2025-11-01,2025-11-01,1,7.99,7.99,5.64,New
C-01532,eBay,IL,0,2025-11-01,2025-11-01,1,10.99,10.99,8.89,New
C-01533,Shopify,FL,1,2025-11-02,2025-11-02,1,10.99,10.99,8.89,New
C-01534,Shopify,CA,1,2025-11-02,2025-11-02,1,22.97,22.97,18.77,New
C-01535,Shopify,NJ,1,2025-11-02,2025-11-02,1,99.7,99.7,23.7,New
C-01536,eBay,TX,0,2025-11-02,2025-11-02,1,119.59,119.59,26.59,New
C-01537,eBay,CA,0,2025-11-02,2025-11-02,1,28.97,28.97,22.42,New
C-01538,eBay,TX,0,2025-11-02,2025-11-02,1,100.72,100.72,18.72,New
C-01539,Shopify,TX,0,2025-11-02,2025-11-06,2,21.97,10.98,16.22,Champions
C-01540,Shopify,CA,1,2025-11-02,2025-12-10,5,85.92,17.18,65.82,Champions
C-01541,eBay,AZ,0,2025-11-02,2025-11-02,1,7.99,7.99,5.64,New
C-01542,eBay,CA,0,2025-11-02,2025-11-02,1,210.74,210.74,40.74,New
C-01543,Shopify,TX,1,2025-11-03,2025-11-03,1,7.99,7.99,5.64,New
C-01544,Shopify,CA,0,2025-11-03,2025-11-03,1,58.28,58.28,12.28,New
C-01545,eBay,NY,0,2025-11-03,2025-11-03,1,103.96,103.96,21.96,New
C-01546,Shopify,WA,0,2025-11-03,2025-11-03,1,26.97,26.97,21.27,New
C-01547,eBay,OR,0,2025-11-03,2025-11-03,1,26.97,26.97,21.72,New
C-01548,eBay,CA,0,2025-11-03,2025-11-03,1,253.36,253.36,34.36,New
C-01549,Shopify,NY,0,2025-11-04,2025-11-04,1,14.99,14.99,11.84,New
C-01550,eBay,OH,0,2025-11-04,2025-11-04,1,5.99,5.99,4.94,New
C-01551,Shopify,CA,0,2025-11-04,2025-11-04,1,59.56,59.56,13.56,New
C-01552,eBay,CA,0,2025-11-04,2025-11-04,1,287.64,287.64,43.64,New
C-01553,Shopify,CA,1,2025-11-04,2025-11-04,1,213.09,213.09,43.09,New
C-01554,eBay,CA,0,2025-11-04,2025-11-04,1,92.28,92.28,16.28,New
C-01555,Shopify,GA,1,2025-11-04,2025-12-22,2,158.5,79.25,36.5,Champions
C-01556,Shopify,NJ,0,2025-11-05,2025-11-05,1,188.11,188.11,40.11,New
C-01557,eBay,AZ,0,2025-11-05,2025-12-03,2,18.98,9.49,14.53,Champions
C-01558,Shopify,NC,0,2025-11-05,2025-11-05,1,58.33,58.33,12.33,New
C-01559,Shopify,CA,0,2025-11-05,2025-11-05,1,62.62,62.62,16.62,New
C-01560,eBay,CA,0,2025-11-05,2025-11-05,1,209.49,209.49,39.49,New
C-01561,Shopify,AZ,1,2025-11-05,2025-12-17,3,33.95,11.32,27.2,Champions
C-01562,eBay,PA,0,2025-11-05,2025-11-05,1,111.53,111.53,24.53,New
C-01563,Shopify,AZ,1,2025-11-05,2025-11-26,2,34.96,17.48,26.91,Champions
C-01564,eBay,CA,0,2025-11-05,2025-11-05,1,24.98,24.98,19.28,New
C-01565,Shopify,CA,1,2025-11-06,2025-12-30,2,29.98,14.99,23.68,Champions
C-01566,Shopify,CA,0,2025-11-06,2025-11-06,1,5.99,5.99,4.94,New
C-01567,Shopify,PA,1,2025-11-06,2025-11-06,1,120.28,120.28,27.28,New
C-01568,Shopify,VA,1,2025-11-06,2025-11-08,2,32.96,16.48,25.11,Champions
C-01569,eBay,PA,0,2025-11-06,2025-11-06,1,22.97,22.97,18.77,New
C-01570,eBay,CA,0,2025-11-06,2025-11-06,1,265.07,265.07,46.07,New
C-01571,eBay,NJ,0,2025-11-06,2025-11-06,1,212.85,212.85,42.85,New
C-01572,Shopify,CA,1,2025-11-06,2025-11-06,1,7.99,7.99,5.64,New
C-01573,eBay,CA,0,2025-11-06,2025-11-06,1,285.55,285.55,41.55,New
C-01574,eBay,NY,0,2025-11-06,2025-11-06,1,286.73,286.73,42.73,New
C-01575,Shopify,CA,0,2025-11-06,2025-11-06,1,7.99,7.99,5.64,New
C-01576,Shopify,MA,1,2025-11-06,2025-11-06,1,9.99,9.99,7.44,New
C-01577,Shopify,CA,1,2025-11-06,2025-12-26,2,23.97,11.98,18.02,Champions
C-01578,Shopify,CA,1,2025-11-07,2025-11-07,1,271.26,271.26,52.26,New
C-01579,Shopify,CA,1,2025-11-07,2025-11-07,1,18.98,18.98,14.53,New
C-01580,Shopify,TX,0,2025-11-07,2025-11-07,1,28.96,28.96,23.71,New
C-01581,Shopify,MA,1,2025-11-07,2025-11-07,1,15.98,15.98,12.38,New
C-01582,Shopify,CA,0,2025-11-07,2025-11-23,3,57.94,19.31,45.94,Champions
C-01583,Shopify,NV,1,2025-11-07,2025-11-07,1,22.98,22.98,17.48,New
C-01584,eBay,GA,0,2025-11-07,2025-11-07,1,11.98,11.98,9.88,New
C-01585,Shopify,FL,1,2025-11-07,2025-11-07,1,22.97,22.97,18.77,New
C-01586,Shopify,FL,1,2025-11-07,2025-11-07,1,10.99,10.99,8.89,New
C-01587,eBay,VA,0,2025-11-07,2025-11-07,1,13.98,13.98,10.58,New
C-01588,Shopify,IL,1,2025-11-07,2025-11-08,2,282.63,141.31,58.63,Champions
C-01589,Shopify,CA,1,2025-11-07,2025-11-07,1,15.98,15.98,12.38,New
C-01590,eBay,GA,0,2025-11-08,2025-11-08,1,301.44,301.44,57.44,New
C-01591,eBay,CA,0,2025-11-08,2025-12-25,3,63.92,21.31,50.62,Champions
C-01592,Shopify,CA,1,2025-11-08,2025-11-08,1,24.98,24.98,19.28,New
C-01593,Shopify,WA,1,2025-11-08,2025-11-08,1,9.99,9.99,7.44,New
C-01594,eBay,FL,0,2025-11-08,2025-11-08,1,263.65,263.65,44.65,New
C-01595,Shopify,TX,1,2025-11-08,2025-11-08,1,7.99,7.99,5.64,New
C-01596,eBay,MI,0,2025-11-08,2025-11-08,1,22.97,22.97,18.77,New
C-01597,Shopify,OH,1,2025-11-08,2025-11-08,1,22.97,22.97,18.77,New
C-01598,eBay,OR,0,2025-11-09,2025-11-15,2,47.95,23.98,37.6,Champions
C-01599,Shopify,IL,1,2025-11-09,2025-11-09,1,105.92,105.92,23.92,New
C-01600,Shopify,GA,1,2025-11-09,2025-11-09,1,181.47,181.47,33.47,New
C-01601,eBay,CA,0,2025-11-09,2025-11-09,1,96.42,96.42,20.42,New
C-01602,Shopify,CA,1,2025-11-09,2025-11-09,1,24.98,24.98,19.28,New
C-01603,eBay,NY,0,2025-11-09,2025-11-09,1,119.69,119.69,26.69,New
C-01604,eBay,AZ,0,2025-11-09,2025-11-09,1,109.92,109.92,22.92,New
C-01605,Shopify,CA,0,2025-11-09,2025-11-09,1,21.98,21.98,17.78,New
C-01606,eBay,CO,0,2025-11-09,2025-11-09,1,178.43,178.43,30.43,New
C-01607,Shopify,IL,1,2025-11-09,2025-12-16,2,49.94,24.97,40.04,Champions
C-01608,eBay,OR,0,2025-11-09,2025-11-09,1,119.02,119.02,26.02,New
C-01609,eBay,CA,0,2025-11-09,2025-11-09,1,282.3,282.3,38.3,New
C-01610,eBay,NV,0,2025-11-09,2025-11-09,1,62.76,62.76,16.76,New
C-01611,eBay,CA,0,2025-11-09,2025-11-09,1,270.52,270.52,51.52,New
C-01612,Shopify,CA,1,2025-11-09,2025-11-09,1,19.97,19.97,15.52,New
C-01613,Shopify,GA,1,2025-11-10,2025-11-10,1,266.52,266.52,47.52,New
C-01614,eBay,NY,0,2025-11-10,2025-11-19,2,424.68,212.34,84.68,Champions
C-01615,eBay,FL,0,2025-11-10,2025-11-10,1,92.91,92.91,16.91,New
C-01616,Shopify,MA,1,2025-11-10,2025-11-10,1,178.46,178.46,30.46,New
C-01617,eBay,PA,0,2025-11-10,2025-11-10,1,60.21,60.21,14.21,New
C-01618,eBay,CA,0,2025-11-11,2025-11-11,1,14.99,14.99,11.84,New
C-01619,Shopify,FL,1,2025-11-11,2025-11-11,1,63.53,63.53,17.53,New
C-01620,eBay,TX,0,2025-11-11,2025-11-11,1,96.75,96.75,20.75,New
C-01621,Shopify,CA,1,2025-11-11,2025-11-11,1,117.8,117.8,24.8,New
C-01622,Shopify,CA,1,2025-11-11,2025-12-25,2,23.97,11.98,18.02,Champions
C-01623,eBay,NY,0,2025-11-11,2025-11-11,1,115.86,115.86,22.86,New
C-01624,Shopify,TX,1,2025-11-12,2025-11-12,1,13.98,13.98,10.58,New
C-01625,Shopify,NC,0,2025-11-12,2025-11-12,1,15.98,15.98,12.38,New
C-01626,Shopify,NY,1,2025-11-12,2025-11-12,1,9.99,9.99,7.44,New
C-01627,Shopify,MI,0,2025-11-12,2025-11-27,2,28.97,14.48,22.42,Champions
C-01628,eBay,CA,0,2025-11-12,2025-11-12,1,188.43,188.43,40.43,New
C-01629,eBay,MI,0,2025-11-12,2025-11-12,1,189.32,189.32,41.32,New
C-01630,Shopify,OH,1,2025-11-12,2025-11-12,1,97.7,97.7,21.7,New
C-01631,eBay,IL,0,2025-11-13,2025-11-13,1,188.4,188.4,40.4,New
C-01632,Shopify,MA,0,2025-11-13,2025-11-13,1,208.37,208.37,39.37,New
C-01633,Shopify,GA,1,2025-11-13,2025-11-13,1,18.98,18.98,14.53,New
C-01634,Shopify,TN,0,2025-11-13,2025-11-13,1,9.99,9.99,7.44,New
C-01635,eBay,CA,0,2025-11-13,2025-11-13,1,115.0,115.0,22.0,New
C-01636,Shopify,WA,1,2025-11-13,2025-11-13,1,35.97,35.97,28.62,New
C-01637,Shopify,TX,0,2025-11-13,2025-11-26,3,57.92,19.31,47.42,Champions
C-01638,Shopify,NY,0,2025-11-13,2025-11-13,1,173.95,173.95,25.95,New
C-01639,eBay,WA,0,2025-11-13,2025-11-13,1,108.88,108.88,21.88,New
C-01640,Shopify,CA,0,2025-11-14,2025-11-14,1,5.99,5.99,4.94,New
C-01641,Shopify,CA,0,2025-11-14,2025-12-26,2,50.95,25.48,40.2,Champions
C-01642,Shopify,NC,1,2025-11-14,2025-11-14,1,9.99,9.99,7.44,New
C-01643,Shopify,CA,0,2025-11-15,2025-11-15,1,164.34,164.34,31.34,New
C-01644,Shopify,CA,1,2025-11-15,2025-11-15,1,119.64,119.64,26.64,New
C-01645,eBay,CA,0,2025-11-15,2025-11-15,1,99.92,99.92,17.92,New
C-01646,Shopify,CA,0,2025-11-15,2025-11-15,1,25.98,25.98,20.73,New
C-01647,eBay,NY,0,2025-11-15,2025-11-15,1,7.99,7.99,5.64,New
C-01648,Shopify,CA,0,2025-11-15,2025-11-15,1,186.06,186.06,38.06,New
C-01649,Shopify,CA,0,2025-11-16,2025-11-16,1,7.99,7.99,5.64,New
C-01650,Shopify,TN,1,2025-11-16,2025-11-16,1,31.97,31.97,25.67,New
C-01651,eBay,NC,0,2025-11-16,2025-11-16,1,9.99,9.99,7.44,New
C-01652,Shopify,CA,1,2025-11-16,2025-11-16,1,114.11,114.11,21.11,New
C-01653,eBay,IL,0,2025-11-16,2025-11-16,1,61.97,61.97,15.97,New
C-01654,Shopify,CA,1,2025-11-16,2025-11-16,1,198.21,198.21,29.21,New
C-01655,eBay,CA,0,2025-11-17,2025-11-17,1,214.7,214.7,45.7,New
C-01656,Shopify,TX,0,2025-11-17,2025-11-17,1,198.7,198.7,28.7,New
C-01657,eBay,CA,0,2025-11-17,2025-11-17,1,15.98,15.98,12.38,New
C-01658,Shopify,CA,1,2025-11-17,2025-11-17,1,199.76,199.76,29.76,New
C-01659,eBay,CA,0,2025-11-17,2025-11-17,1,113.28,113.28,20.28,New
C-01660,eBay,OH,0,2025-11-17,2025-11-17,1,97.81,97.81,21.81,New
C-01661,Shopify,PA,1,2025-11-17,2025-11-17,1,99.37,99.37,23.37,New
C-01662,Shopify,TN,0,2025-11-17,2025-11-17,1,7.99,7.99,5.64,New
C-01663,eBay,IL,0,2025-11-18,2025-11-18,1,62.38,62.38,16.38,New
C-01664,Shopify,OR,0,2025-11-18,2025-11-20,2,15.98,7.99,12.38,Champions
C-01665,Shopify,CA,1,2025-11-18,2025-11-18,1,292.0,292.0,48.0,New
C-01666,eBay,VA,0,2025-11-18,2025-11-18,1,13.98,13.98,10.58,New
C-01667,eBay,CO,0,2025-11-18,2025-11-18,1,20.98,20.98,16.78,New
C-01668,eBay,GA,0,2025-11-18,2025-11-18,1,94.41,94.41,18.41,New
C-01669,Shopify,NY,1,2025-11-19,2025-11-19,1,117.63,117.63,24.63,New
C-01670,eBay,NY,0,2025-11-19,2025-11-19,1,100.65,100.65,24.65,New
C-01671,Shopify,CO,1,2025-11-19,2025-11-19,1,15.98,15.98,12.38,New
C-01672,Shopify,PA,0,2025-11-19,2025-11-19,1,7.99,7.99,5.64,New
C-01673,eBay,TN,0,2025-11-19,2025-11-19,1,105.48,105.48,18.48,New
C-01674,Shopify,GA,1,2025-11-19,2025-11-19,1,188.37,188.37,40.37,New
C-01675,eBay,FL,0,2025-11-19,2025-11-19,1,180.47,180.47,32.47,New
C-01676,eBay,CA,0,2025-11-19,2025-11-19,1,95.13,95.13,19.13,New
C-01677,eBay,CA,0,2025-11-20,2025-11-20,1,108.23,108.23,21.23,New
C-01678,Shopify,TX,1,2025-11-20,2025-11-20,1,36.97,36.97,29.62,New
C-01679,eBay,TX,0,2025-11-20,2025-11-20,1,295.2,295.2,51.2,New
C-01680,eBay,GA,0,2025-11-20,2025-11-20,1,212.81,212.81,42.81,New
C-01681,eBay,VA,0,2025-11-20,2025-11-20,1,99.11,99.11,17.11,New
C-01682,Shopify,OH,1,2025-11-20,2025-11-20,1,120.36,120.36,27.36,New
C-01683,eBay,CA,0,2025-11-20,2025-11-20,1,168.67,168.67,35.67,New
C-01684,Shopify,CA,1,2025-11-20,2025-11-20,1,7.99,7.99,5.64,New
C-01685,eBay,OH,0,2025-11-21,2025-11-21,1,187.81,187.81,39.81,New
C-01686,eBay,OH,0,2025-11-21,2025-11-21,1,265.79,265.79,46.79,New
C-01687,Shopify,FL,1,2025-11-21,2025-11-21,2,43.95,21.98,34.0,Champions
C-01688,eBay,WA,0,2025-11-21,2025-11-21,1,14.99,14.99,11.84,New
C-01689,Shopify,WA,0,2025-11-21,2025-11-21,1,180.6,180.6,32.6,New
C-01690,Shopify,CA,1,2025-11-21,2025-12-05,2,32.96,16.48,26.21,Champions
C-01691,Shopify,CA,1,2025-11-21,2025-11-21,1,17.97,17.97,14.82,New
C-01692,Shopify,TX,0,2025-11-21,2025-11-21,1,362.65,362.65,72.65,New
C-01693,eBay,NY,0,2025-11-21,2025-11-21,1,97.28,97.28,21.28,New
C-01694,eBay,TX,0,2025-11-21,2025-11-21,1,39.97,39.97,31.12,New
C-01695,eBay,CA,0,2025-11-21,2025-11-22,2,302.39,151.19,57.39,Champions
C-01696,Shopify,CA,1,2025-11-21,2025-11-21,1,94.17,94.17,18.17,New
C-01697,Shopify,CA,1,2025-11-22,2025-11-22,1,35.96,35.96,28.36,New
C-01698,Shopify,CA,0,2025-11-22,2025-11-22,1,11.98,11.98,9.88,New
C-01699,Shopify,CA,1,2025-11-22,2025-11-22,1,28.97,28.97,22.42,New
C-01700,Shopify,IL,1,2025-11-22,2025-11-22,1,22.98,22.98,17.48,New
C-01701,Shopify,CA,1,2025-11-22,2025-11-30,2,39.96,19.98,31.31,Champions
C-01702,Shopify,TX,1,2025-11-22,2025-11-25,2,34.96,17.48,27.36,Champions
C-01703,eBay,CA,0,2025-11-22,2025-11-22,1,30.97,30.97,24.22,New
C-01704,eBay,FL,0,2025-11-23,2025-11-23,1,22.97,22.97,18.77,New
C-01705,Shopify,CA,1,2025-11-23,2025-11-23,1,11.98,11.98,9.88,New
C-01706,Shopify,CA,1,2025-11-23,2025-11-25,2,33.95,16.98,27.2,Champions
C-01707,eBay,WA,0,2025-11-23,2025-11-23,1,60.37,60.37,14.37,New
C-01708,Shopify,CA,1,2025-11-23,2025-11-24,2,24.98,12.49,19.28,Champions
C-01709,eBay,GA,0,2025-11-23,2025-12-03,2,286.89,143.44,60.89,Champions
C-01710,eBay,OH,0,2025-11-24,2025-11-28,2,301.24,150.62,66.24,Champions
C-01711,eBay,CA,0,2025-11-24,2025-11-24,1,207.45,207.45,38.45,New
C-01712,eBay,WA,0,2025-11-24,2025-11-24,1,97.88,97.88,21.88,New
C-01713,Shopify,TX,1,2025-11-24,2025-11-24,1,34.96,34.96,27.36,New
C-01714,Shopify,CA,0,2025-11-24,2025-11-24,1,15.98,15.98,12.38,New
C-01715,Shopify,CA,1,2025-11-24,2025-11-24,1,9.99,9.99,7.44,New
C-01716,Shopify,CO,1,2025-11-24,2025-11-24,1,95.08,95.08,19.08,New
C-01717,eBay,CO,0,2025-11-25,2025-11-25,1,114.24,114.24,21.24,New
C-01718,Shopify,TN,0,2025-11-25,2025-11-25,1,7.99,7.99,5.64,New
C-01719,Shopify,NY,1,2025-11-25,2025-11-25,1,280.47,280.47,36.47,New
C-01720,eBay,FL,0,2025-11-25,2025-11-25,1,107.48,107.48,25.48,New
C-01721,eBay,MA,0,2025-11-25,2025-11-25,1,18.98,18.98,14.53,New
C-01722,eBay,GA,0,2025-11-25,2025-11-25,1,20.98,20.98,16.78,New
C-01723,Shopify,NY,0,2025-11-25,2025-11-25,1,198.75,198.75,29.75,New
C-01724,Shopify,CA,1,2025-11-25,2025-11-25,1,100.86,100.86,24.86,New
C-01725,Shopify,MD,1,2025-11-26,2025-11-26,1,100.02,100.02,24.02,New
C-01726,Shopify,CA,1,2025-11-26,2025-11-26,1,18.98,18.98,14.53,New
C-01727,eBay,NJ,0,2025-11-26,2025-11-26,1,93.63,93.63,17.63,New
C-01728,Shopify,NY,1,2025-11-27,2025-11-27,1,16.98,16.98,13.83,New
C-01729,eBay,NJ,0,2025-11-27,2025-11-27,1,107.84,107.84,20.84,New
C-01730,Shopify,TX,1,2025-11-27,2025-11-27,1,21.97,21.97,17.32,New
C-01731,Shopify,CA,1,2025-11-27,2025-12-16,2,28.96,14.48,23.71,Champions
C-01732,eBay,NV,0,2025-11-27,2025-11-27,1,9.99,9.99,7.44,New
C-01733,Shopify,CA,1,2025-11-28,2025-11-28,1,283.65,283.65,39.65,New
C-01734,Shopify,TX,1,2025-11-28,2025-11-28,1,20.98,20.98,16.33,New
C-01735,eBay,GA,0,2025-11-28,2025-11-29,2,387.35,193.67,67.35,Champions
C-01736,Shopify,MA,1,2025-11-28,2025-11-28,1,25.98,25.98,20.73,New
C-01737,Shopify,CA,0,2025-11-28,2025-11-28,1,175.29,175.29,27.29,New
C-01738,Shopify,MD,0,2025-11-28,2025-12-01,2,52.95,26.48,42.0,Champions
C-01739,eBay,GA,0,2025-11-28,2025-11-28,1,7.99,7.99,5.64,New
C-01740,eBay,FL,0,2025-11-29,2025-11-29,1,7.99,7.99,5.64,New
C-01741,Shopify,CA,1,2025-11-29,2025-12-06,2,265.0,132.5,56.0,Champions
C-01742,Shopify,WA,0,2025-11-29,2025-11-29,1,9.99,9.99,7.44,New
C-01743,Shopify,CA,1,2025-11-29,2025-11-29,1,15.98,15.98,12.38,New
C-01744,eBay,NJ,0,2025-11-29,2025-11-29,1,207.16,207.16,37.16,New
C-01745,Shopify,AZ,0,2025-11-29,2025-11-29,1,35.97,35.97,28.17,New
C-01746,Shopify,NY,0,2025-11-29,2025-11-29,1,11.98,11.98,9.88,New
C-01747,eBay,NY,0,2025-11-29,2025-11-29,1,7.99,7.99,5.64,New
C-01748,Shopify,WA,1,2025-11-29,2025-11-29,1,210.55,210.55,47.55,New
C-01749,eBay,FL,0,2025-11-30,2025-11-30,1,189.62,189.62,41.62,New
C-01750,eBay,TX,0,2025-11-30,2025-11-30,1,107.86,107.86,20.86,New
C-01751,Shopify,WA,1,2025-11-30,2025-11-30,1,34.96,34.96,27.36,New
C-01752,eBay,NC,0,2025-11-30,2025-12-31,2,28.97,14.48,21.97,Champions
C-01753,Shopify,PA,1,2025-11-30,2025-11-30,1,117.42,117.42,24.42,New
C-01754,eBay,CA,0,2025-11-30,2025-11-30,1,329.9,329.9,64.9,New
C-01755,Shopify,VA,0,2025-11-30,2025-11-30,1,63.69,63.69,17.69,New
C-01756,Shopify,CA,0,2025-11-30,2025-11-30,1,60.87,60.87,14.87,New
C-01757,eBay,CA,0,2025-11-30,2025-11-30,1,108.79,108.79,21.79,New
C-01758,Shopify,OR,1,2025-12-01,2025-12-15,2,50.96,25.48,40.46,Champions
C-01759,Shopify,CA,0,2025-12-01,2025-12-01,1,7.99,7.99,5.64,New
C-01760,Shopify,TN,1,2025-12-01,2025-12-01,1,179.24,179.24,31.24,New
C-01761,Shopify,FL,0,2025-12-02,2025-12-02,1,40.97,40.97,32.57,New
C-01762,eBay,CA,0,2025-12-02,2025-12-02,1,111.91,111.91,18.91,New
C-01763,eBay,AZ,0,2025-12-02,2025-12-02,1,115.2,115.2,28.2,New
C-01764,eBay,FL,0,2025-12-02,2025-12-02,1,94.67,94.67,18.67,New
C-01765,eBay,VA,0,2025-12-02,2025-12-09,2,67.94,33.97,54.29,Champions
C-01766,eBay,NY,0,2025-12-02,2025-12-02,1,35.97,35.97,28.62,New
C-01767,Shopify,OH,1,2025-12-02,2025-12-02,1,41.96,41.96,33.56,New
C-01768,Shopify,CA,0,2025-12-02,2025-12-02,1,26.97,26.97,21.27,New
C-01769,eBay,CA,0,2025-12-02,2025-12-02,1,107.56,107.56,20.56,New
C-01770,eBay,NC,0,2025-12-02,2025-12-02,1,177.15,177.15,29.15,New
C-01771,eBay,CA,0,2025-12-02,2025-12-02,1,14.99,14.99,11.84,New
C-01772,Shopify,NJ,0,2025-12-03,2025-12-03,1,5.99,5.99,4.94,New
C-01773,Shopify,PA,1,2025-12-03,2025-12-03,1,20.98,20.98,16.78,New
C-01774,eBay,CA,0,2025-12-03,2025-12-03,1,174.01,174.01,26.01,New
C-01775,Shopify,CA,1,2025-12-03,2025-12-10,2,415.01,207.5,75.01,Champions
C-01776,Shopify,TX,1,2025-12-03,2025-12-03,1,5.99,5.99,4.94,New
C-01777,eBay,CA,0,2025-12-03,2025-12-03,1,7.99,7.99,5.64,New
C-01778,eBay,OR,0,2025-12-03,2025-12-03,1,199.64,199.64,29.64,New
C-01779,Shopify,MI,1,2025-12-03,2025-12-03,1,95.52,95.52,19.52,New
C-01780,eBay,FL,0,2025-12-03,2025-12-03,1,99.92,99.92,23.92,New
C-01781,eBay,CA,0,2025-12-03,2025-12-03,1,10.99,10.99,8.89,New
C-01782,Shopify,OH,0,2025-12-04,2025-12-04,1,105.29,105.29,23.29,New
C-01783,eBay,CA,0,2025-12-04,2025-12-04,1,14.99,14.99,11.84,New
C-01784,eBay,FL,0,2025-12-04,2025-12-04,1,93.22,93.22,17.22,New
C-01785,eBay,NY,0,2025-12-04,2025-12-04,1,29.98,29.98,23.68,New
C-01786,eBay,CA,0,2025-12-04,2025-12-04,1,60.39,60.39,14.39,New
C-01787,Shopify,TX,1,2025-12-04,2025-12-04,1,22.98,22.98,17.48,New
C-01788,Shopify,WA,1,2025-12-04,2025-12-04,1,7.99,7.99,5.64,New
C-01789,eBay,NV,0,2025-12-04,2025-12-12,2,261.43,130.72,52.43,Champions
C-01790,Shopify,TX,1,2025-12-04,2025-12-04,1,31.97,31.97,25.67,New
C-01791,eBay,TX,0,2025-12-04,2025-12-04,1,209.92,209.92,39.92,New
C-01792,Shopify,CA,0,2025-12-05,2025-12-05,1,183.24,183.24,35.24,New
C-01793,Shopify,GA,1,2025-12-05,2025-12-05,1,10.99,10.99,8.89,New
C-01794,Shopify,OH,1,2025-12-05,2025-12-27,2,47.95,23.98,38.05,Champions
C-01795,eBay,NY,0,2025-12-06,2025-12-06,1,158.45,158.45,36.45,New
C-01796,eBay,FL,0,2025-12-06,2025-12-06,1,98.19,98.19,22.19,New
C-01797,Shopify,IL,1,2025-12-06,2025-12-06,2,214.25,107.13,45.25,Champions
C-01798,eBay,TX,0,2025-12-06,2025-12-06,1,7.99,7.99,5.64,New
C-01799,Shopify,TX,1,2025-12-06,2025-12-18,2,41.95,20.98,33.3,Champions
C-01800,Shopify,NY,0,2025-12-06,2025-12-06,1,206.38,206.38,36.38,New
C-01801,eBay,OH,0,2025-12-06,2025-12-06,1,7.99,7.99,5.64,New
C-01802,eBay,TX,0,2025-12-06,2025-12-12,2,28.97,14.48,22.42,Champions
C-01803,Shopify,CA,1,2025-12-07,2025-12-10,2,57.94,28.97,45.94,Champions
C-01804,eBay,CA,0,2025-12-07,2025-12-07,1,105.84,105.84,23.84,New
C-01805,Shopify,MI,1,2025-12-07,2025-12-07,1,205.52,205.52,35.52,New
C-01806,Shopify,NV,1,2025-12-07,2025-12-07,1,20.98,20.98,16.33,New
C-01807,eBay,NY,0,2025-12-07,2025-12-07,1,16.98,16.98,13.83,New
C-01808,Shopify,CA,1,2025-12-07,2025-12-07,1,16.98,16.98,13.83,New
C-01809,eBay,PA,0,2025-12-07,2025-12-07,1,24.97,24.97,19.47,New
C-01810,eBay,NY,0,2025-12-07,2025-12-07,1,7.99,7.99,5.64,New
C-01811,eBay,FL,0,2025-12-07,2025-12-07,1,104.39,104.39,22.39,New
C-01812,Shopify,CA,1,2025-12-07,2025-12-07,1,32.96,32.96,26.66,New
C-01813,eBay,CA,0,2025-12-07,2025-12-07,1,27.97,27.97,22.72,New
C-01814,Shopify,PA,1,2025-12-07,2025-12-09,2,30.97,15.48,24.22,Champions
C-01815,eBay,NV,0,2025-12-07,2025-12-07,1,99.18,99.18,23.18,New
C-01816,eBay,NY,0,2025-12-08,2025-12-08,1,208.16,208.16,39.16,New
C-01817,Shopify,CA,1,2025-12-08,2025-12-08,1,7.99,7.99,5.64,New
C-01818,Shopify,NV,0,2025-12-08,2025-12-08,1,30.96,30.96,24.41,New
C-01819,eBay,CA,0,2025-12-08,2025-12-08,1,25.98,25.98,20.73,New
C-01820,eBay,CO,0,2025-12-08,2025-12-08,1,177.7,177.7,29.7,New
C-01821,Shopify,NY,0,2025-12-08,2025-12-08,1,31.97,31.97,25.67,New
C-01822,Shopify,MD,0,2025-12-08,2025-12-08,1,35.96,35.96,28.36,New
C-01823,Shopify,CA,0,2025-12-08,2025-12-30,2,36.96,18.48,28.06,Champions
C-01824,eBay,NY,0,2025-12-08,2025-12-15,2,243.93,121.97,49.93,Champions
C-01825,eBay,CA,0,2025-12-08,2025-12-08,1,11.98,11.98,9.88,New
C-01826,eBay,TX,0,2025-12-09,2025-12-09,1,111.59,111.59,18.59,New
C-01827,eBay,FL,0,2025-12-09,2025-12-09,1,180.36,180.36,32.36,New
C-01828,Shopify,FL,1,2025-12-09,2025-12-09,1,20.98,20.98,16.33,New
C-01829,eBay,CO,0,2025-12-09,2025-12-09,1,107.53,107.53,25.53,New
C-01830,Shopify,CA,0,2025-12-09,2025-12-09,1,32.96,32.96,26.21,New
C-01831,eBay,NY,0,2025-12-09,2025-12-09,1,104.13,104.13,22.13,New
C-01832,eBay,MA,0,2025-12-09,2025-12-15,2,190.37,95.19,38.37,Champions
C-01833,Shopify,MA,1,2025-12-09,2025-12-09,1,36.96,36.96,29.16,New
C-01834,eBay,MA,0,2025-12-09,2025-12-09,1,297.4,297.4,53.4,New
C-01835,Shopify,TX,1,2025-12-09,2025-12-09,1,59.21,59.21,13.21,New
C-01836,Shopify,OR,1,2025-12-09,2025-12-26,3,42.96,14.32,34.56,Champions
C-01837,Shopify,CA,0,2025-12-10,2025-12-10,1,202.33,202.33,33.33,New
C-01838,Shopify,CA,1,2025-12-10,2025-12-10,1,7.99,7.99,5.64,New
C-01839,Shopify,OH,0,2025-12-10,2025-12-10,1,9.99,9.99,7.44,New
C-01840,Shopify,CA,1,2025-12-10,2025-12-10,1,13.98,13.98,10.58,New
C-01841,Shopify,VA,0,2025-12-10,2025-12-10,1,13.98,13.98,10.58,New
C-01842,Shopify,CA,1,2025-12-10,2025-12-10,1,61.22,61.22,15.22,New
C-01843,eBay,CA,0,2025-12-10,2025-12-17,3,44.95,14.98,34.35,Champions
C-01844,Shopify,CA,0,2025-12-10,2025-12-10,1,7.99,7.99,5.64,New
C-01845,eBay,CA,0,2025-12-10,2025-12-10,1,102.19,102.19,20.19,New
C-01846,Shopify,FL,1,2025-12-10,2025-12-10,1,26.97,26.97,21.72,New
C-01847,Shopify,OR,1,2025-12-10,2025-12-10,1,7.99,7.99,5.64,New
C-01848,Shopify,CA,1,2025-12-10,2025-12-10,1,30.97,30.97,24.22,New
C-01849,eBay,CA,0,2025-12-10,2025-12-10,1,11.98,11.98,9.88,New
C-01850,eBay,CO,0,2025-12-10,2025-12-10,1,62.95,62.95,16.95,New
C-01851,Shopify,CA,1,2025-12-11,2025-12-11,1,113.35,113.35,26.35,New
C-01852,Shopify,MA,1,2025-12-11,2025-12-11,1,15.98,15.98,12.38,New
C-01853,Shopify,AZ,0,2025-12-11,2025-12-11,1,37.96,37.96,30.61,New
C-01854,Shopify,AZ,0,2025-12-11,2025-12-11,1,46.96,46.96,37.51,New
C-01855,Shopify,CA,1,2025-12-11,2025-12-11,1,9.99,9.99,7.44,New
C-01856,eBay,CA,0,2025-12-11,2025-12-11,1,278.43,278.43,34.43,New
C-01857,Shopify,CA,0,2025-12-11,2025-12-31,3,87.93,29.31,67.88,Champions
C-01858,Shopify,CA,0,2025-12-11,2025-12-11,1,60.16,60.16,14.16,New
C-01859,eBay,CA,0,2025-12-11,2025-12-11,1,31.97,31.97,25.67,New
C-01860,eBay,PA,0,2025-12-11,2025-12-11,1,60.45,60.45,14.45,New
C-01861,Shopify,NV,0,2025-12-11,2025-12-11,1,7.99,7.99,5.64,New
C-01862,eBay,FL,0,2025-12-11,2025-12-11,1,61.88,61.88,15.88,New
C-01863,Shopify,TX,1,2025-12-11,2025-12-11,1,29.97,29.97,23.42,New
C-01864,Shopify,PA,1,2025-12-11,2025-12-11,1,37.96,37.96,30.61,New
C-01865,eBay,CA,0,2025-12-11,2025-12-24,2,38.95,19.48,31.6,Champions
C-01866,eBay,MI,0,2025-12-11,2025-12-11,1,106.48,106.48,19.48,New
C-01867,Shopify,CA,0,2025-12-12,2025-12-12,1,13.98,13.98,10.58,New
C-01868,Shopify,MI,0,2025-12-12,2025-12-12,1,21.97,21.97,17.32,New
C-01869,eBay,CA,0,2025-12-12,2025-12-12,1,7.99,7.99,5.64,New
C-01870,eBay,CA,0,2025-12-12,2025-12-12,1,189.33,189.33,41.33,New
C-01871,Shopify,FL,1,2025-12-12,2025-12-12,1,7.99,7.99,5.64,New
C-01872,Shopify,WA,0,2025-12-12,2025-12-12,1,107.64,107.64,20.64,New
C-01873,eBay,CA,0,2025-12-13,2025-12-13,1,106.46,106.46,24.46,New
C-01874,eBay,AZ,0,2025-12-13,2025-12-13,1,177.78,177.78,29.78,New
C-01875,eBay,NJ,0,2025-12-13,2025-12-13,1,93.54,93.54,17.54,New
C-01876,eBay,CA,0,2025-12-13,2025-12-13,1,112.37,112.37,25.37,New
C-01877,Shopify,CA,0,2025-12-13,2025-12-13,1,216.56,216.56,37.56,New
C-01878,eBay,CA,0,2025-12-13,2025-12-13,1,7.99,7.99,5.64,New
C-01879,Shopify,FL,1,2025-12-13,2025-12-13,1,14.99,14.99,11.84,New
C-01880,Shopify,TX,0,2025-12-13,2025-12-18,2,17.97,8.98,14.82,Champions
C-01881,Shopify,NJ,0,2025-12-13,2025-12-14,2,23.97,11.98,18.02,Champions
C-01882,eBay,CA,0,2025-12-13,2025-12-13,1,210.44,210.44,41.44,New
C-01883,eBay,GA,0,2025-12-13,2025-12-13,1,63.63,63.63,17.63,New
C-01884,Shopify,CA,1,2025-12-13,2025-12-13,1,18.98,18.98,14.53,New
C-01885,Shopify,GA,0,2025-12-13,2025-12-15,2,458.44,229.22,66.44,Champions
C-01886,eBay,CA,0,2025-12-13,2025-12-13,1,93.87,93.87,17.87,New
C-01887,eBay,NC,0,2025-12-13,2025-12-13,1,295.97,295.97,51.97,New
C-01888,eBay,CA,0,2025-12-14,2025-12-14,1,61.42,61.42,15.42,New
C-01889,Shopify,GA,0,2025-12-14,2025-12-14,1,99.27,99.27,23.27,New
C-01890,Shopify,FL,0,2025-12-14,2025-12-14,1,24.97,24.97,19.47,New
C-01891,eBay,TX,0,2025-12-14,2025-12-14,1,5.99,5.99,4.94,New
C-01892,eBay,TX,0,2025-12-14,2025-12-14,1,93.72,93.72,17.72,New
C-01893,Shopify,CA,1,2025-12-14,2025-12-20,2,36.95,18.48,29.35,Champions
C-01894,Shopify,CA,1,2025-12-14,2025-12-14,1,210.36,210.36,41.36,New
C-01895,eBay,CA,0,2025-12-14,2025-12-14,1,177.76,177.76,29.76,New
C-01896,Shopify,TX,0,2025-12-14,2025-12-14,1,16.98,16.98,13.83,New
C-01897,Shopify,CA,0,2025-12-14,2025-12-14,1,112.14,112.14,19.14,New
C-01898,eBay,CA,0,2025-12-14,2025-12-14,1,291.26,291.26,47.26,New
C-01899,Shopify,CA,1,2025-12-14,2025-12-14,1,10.99,10.99,8.89,New
C-01900,Shopify,CA,0,2025-12-14,2025-12-14,1,102.38,102.38,20.38,New
C-01901,Shopify,CO,1,2025-12-14,2025-12-14,1,7.99,7.99,5.64,New
C-01902,eBay,CA,0,2025-12-15,2025-12-15,1,187.31,187.31,39.31,New
C-01903,Shopify,NY,1,2025-12-15,2025-12-15,1,110.85,110.85,23.85,New
C-01904,eBay,FL,0,2025-12-15,2025-12-15,1,97.4,97.4,21.4,New
C-01905,Shopify,GA,1,2025-12-15,2025-12-15,1,13.98,13.98,10.58,New
C-01906,Shopify,GA,1,2025-12-15,2025-12-15,1,116.63,116.63,23.63,New
C-01907,Shopify,CA,1,2025-12-15,2025-12-15,1,37.96,37.96,30.61,New
C-01908,Shopify,CA,1,2025-12-15,2025-12-15,1,7.99,7.99,5.64,New
C-01909,Shopify,CA,1,2025-12-15,2025-12-15,1,114.08,114.08,27.08,New
C-01910,Shopify,TX,0,2025-12-15,2025-12-15,1,28.96,28.96,23.71,New
C-01911,Shopify,OR,0,2025-12-15,2025-12-15,1,9.99,9.99,7.44,New
C-01912,Shopify,WA,1,2025-12-15,2025-12-15,1,20.98,20.98,16.78,New
C-01913,eBay,OR,0,2025-12-15,2025-12-15,1,100.61,100.61,18.61,New
C-01914,Shopify,IL,0,2025-12-15,2025-12-15,1,14.99,14.99,11.84,New
C-01915,eBay,CA,0,2025-12-16,2025-12-16,1,97.7,97.7,21.7,New
C-01916,eBay,IL,0,2025-12-16,2025-12-16,1,98.45,98.45,22.45,New
C-01917,eBay,CA,0,2025-12-16,2025-12-16,1,7.99,7.99,5.64,New
C-01918,Shopify,MA,1,2025-12-16,2025-12-16,1,98.91,98.91,22.91,New
C-01919,Shopify,AZ,1,2025-12-16,2025-12-16,1,7.99,7.99,5.64,New
C-01920,eBay,FL,0,2025-12-16,2025-12-16,1,187.84,187.84,39.84,New
C-01921,Shopify,MD,0,2025-12-16,2025-12-16,1,32.96,32.96,26.66,New
C-01922,Shopify,CA,1,2025-12-16,2025-12-16,1,182.67,182.67,34.67,New
C-01923,eBay,FL,0,2025-12-16,2025-12-16,1,98.85,98.85,22.85,New
C-01924,Shopify,VA,1,2025-12-16,2025-12-16,1,108.57,108.57,21.57,New
C-01925,eBay,CA,0,2025-12-16,2025-12-16,1,7.99,7.99,5.64,New
C-01926,eBay,TX,0,2025-12-17,2025-12-17,1,503.39,503.39,90.39,New
C-01927,eBay,NC,0,2025-12-17,2025-12-17,1,121.0,121.0,28.0,New
C-01928,eBay,TX,0,2025-12-17,2025-12-17,1,58.54,58.54,12.54,New
C-01929,Shopify,CA,0,2025-12-17,2025-12-17,1,60.66,60.66,14.66,New
C-01930,Shopify,TX,1,2025-12-17,2025-12-17,1,33.96,33.96,27.66,New
C-01931,eBay,NC,0,2025-12-17,2025-12-17,1,59.6,59.6,13.6,New
C-01932,eBay,CA,0,2025-12-17,2025-12-17,1,9.99,9.99,7.44,New
C-01933,eBay,FL,0,2025-12-18,2025-12-18,1,22.97,22.97,18.77,New
C-01934,eBay,CA,0,2025-12-18,2025-12-18,1,179.17,179.17,31.17,New
C-01935,eBay,TX,0,2025-12-18,2025-12-18,1,99.38,99.38,23.38,New
C-01936,Shopify,NC,1,2025-12-18,2025-12-18,1,183.33,183.33,35.33,New
C-01937,Shopify,CA,0,2025-12-18,2025-12-18,1,92.88,92.88,16.88,New
C-01938,Shopify,WA,1,2025-12-18,2025-12-18,1,30.97,30.97,24.22,New
C-01939,eBay,VA,0,2025-12-18,2025-12-18,1,178.36,178.36,30.36,New
C-01940,Shopify,TX,1,2025-12-19,2025-12-19,1,10.99,10.99,8.89,New
C-01941,eBay,CA,0,2025-12-19,2025-12-19,1,96.26,96.26,20.26,New
C-01942,eBay,FL,0,2025-12-20,2025-12-20,1,111.97,111.97,24.97,New
C-01943,Shopify,TX,1,2025-12-20,2025-12-20,1,59.99,59.99,13.99,New
C-01944,eBay,CA,0,2025-12-20,2025-12-20,1,114.54,114.54,27.54,New
C-01945,Shopify,CA,1,2025-12-20,2025-12-20,1,9.99,9.99,7.44,New
C-01946,eBay,NV,0,2025-12-20,2025-12-20,1,203.43,203.43,34.43,New
C-01947,eBay,NV,0,2025-12-21,2025-12-21,1,215.75,215.75,45.75,New
C-01948,Shopify,CA,0,2025-12-21,2025-12-21,1,7.99,7.99,5.64,New
C-01949,eBay,CA,0,2025-12-21,2025-12-21,1,20.98,20.98,16.33,New
C-01950,eBay,NV,0,2025-12-21,2025-12-21,1,104.85,104.85,22.85,New
C-01951,eBay,MA,0,2025-12-21,2025-12-21,1,13.98,13.98,10.58,New
C-01952,Shopify,TX,1,2025-12-21,2025-12-21,1,5.99,5.99,4.94,New
C-01953,Shopify,OH,1,2025-12-21,2025-12-21,1,290.98,290.98,46.98,New
C-01954,Shopify,TX,1,2025-12-21,2025-12-27,2,42.95,21.48,34.1,Champions
C-01955,Shopify,OR,1,2025-12-22,2025-12-22,1,108.05,108.05,26.05,New
C-01956,eBay,MD,0,2025-12-22,2025-12-22,1,185.06,185.06,37.06,New
C-01957,Shopify,CA,1,2025-12-22,2025-12-22,1,13.98,13.98,10.58,New
C-01958,Shopify,MD,1,2025-12-22,2025-12-22,1,5.99,5.99,4.94,New
C-01959,Shopify,CA,1,2025-12-22,2025-12-22,1,108.07,108.07,26.07,New
C-01960,Shopify,MI,0,2025-12-22,2025-12-22,1,28.97,28.97,22.42,New
C-01961,eBay,FL,0,2025-12-22,2025-12-22,1,201.57,201.57,32.57,New
C-01962,eBay,FL,0,2025-12-22,2025-12-22,1,34.96,34.96,27.36,New
C-01963,Shopify,CA,1,2025-12-22,2025-12-22,1,24.97,24.97,19.47,New
C-01964,eBay,CA,0,2025-12-23,2025-12-23,1,58.53,58.53,12.53,New
C-01965,Shopify,CA,1,2025-12-23,2025-12-23,1,22.98,22.98,17.48,New
C-01966,Shopify,PA,0,2025-12-23,2025-12-23,1,59.76,59.76,13.76,New
C-01967,eBay,NY,0,2025-12-23,2025-12-23,1,100.02,100.02,24.02,New
C-01968,Shopify,PA,0,2025-12-23,2025-12-23,1,178.91,178.91,30.91,New
C-01969,Shopify,GA,1,2025-12-23,2025-12-23,1,104.64,104.64,22.64,New
C-01970,eBay,FL,0,2025-12-23,2025-12-23,1,114.2,114.2,27.2,New
C-01971,Shopify,CA,0,2025-12-23,2025-12-23,1,10.99,10.99,8.89,New
C-01972,Shopify,NV,1,2025-12-23,2025-12-23,1,29.97,29.97,23.42,New
C-01973,eBay,NJ,0,2025-12-24,2025-12-24,1,358.62,358.62,63.62,New
C-01974,eBay,CA,0,2025-12-24,2025-12-24,1,97.97,97.97,21.97,New
C-01975,Shopify,TX,1,2025-12-24,2025-12-24,1,13.98,13.98,10.58,New
C-01976,Shopify,TN,0,2025-12-24,2025-12-24,1,207.46,207.46,44.46,New
C-01977,eBay,WA,0,2025-12-24,2025-12-24,1,168.14,168.14,35.14,New
C-01978,Shopify,MI,1,2025-12-24,2025-12-24,1,14.99,14.99,11.84,New
C-01979,Shopify,AZ,1,2025-12-24,2025-12-30,2,32.96,16.48,25.11,Champions
C-01980,eBay,OH,0,2025-12-24,2025-12-24,1,94.65,94.65,18.65,New
C-01981,Shopify,CA,0,2025-12-24,2025-12-24,1,19.97,19.97,15.52,New
C-01982,Shopify,OH,1,2025-12-24,2025-12-24,1,5.99,5.99,4.94,New
C-01983,eBay,TN,0,2025-12-24,2025-12-24,1,101.72,101.72,19.72,New
C-01984,eBay,MD,0,2025-12-24,2025-12-24,1,98.62,98.62,22.62,New
C-01985,eBay,MA,0,2025-12-24,2025-12-24,1,104.25,104.25,22.25,New
C-01986,Shopify,FL,0,2025-12-24,2025-12-24,1,22.98,22.98,17.48,New
C-01987,Shopify,MI,1,2025-12-25,2025-12-25,1,22.98,22.98,17.48,New
C-01988,Shopify,FL,0,2025-12-25,2025-12-25,1,21.98,21.98,17.78,New
C-01989,eBay,CA,0,2025-12-25,2025-12-25,1,16.98,16.98,13.83,New
C-01990,Shopify,OH,1,2025-12-25,2025-12-26,2,32.97,16.48,24.92,Champions
C-01991,eBay,OH,0,2025-12-25,2025-12-25,1,174.2,174.2,26.2,New
C-01992,eBay,CA,0,2025-12-25,2025-12-25,1,9.99,9.99,7.44,New
C-01993,eBay,WA,0,2025-12-25,2025-12-25,1,40.96,40.96,32.31,New
C-01994,Shopify,CO,0,2025-12-25,2025-12-25,1,35.97,35.97,28.17,New
C-01995,Shopify,NJ,1,2025-12-25,2025-12-25,1,98.99,98.99,22.99,New
C-01996,eBay,OR,0,2025-12-25,2025-12-25,1,61.9,61.9,15.9,New
C-01997,eBay,TX,0,2025-12-25,2025-12-25,1,105.46,105.46,18.46,New
C-01998,Shopify,NV,0,2025-12-25,2025-12-25,1,9.99,9.99,7.44,New
C-01999,eBay,AZ,0,2025-12-25,2025-12-25,1,111.19,111.19,18.19,New
C-02000,eBay,CA,0,2025-12-25,2025-12-25,1,115.91,115.91,22.91,New
C-02001,Shopify,NJ,1,2025-12-26,2025-12-26,1,5.99,5.99,4.94,New
C-02002,Shopify,CA,0,2025-12-26,2025-12-26,1,33.96,33.96,27.66,New
C-02003,eBay,MD,0,2025-12-26,2025-12-26,1,300.62,300.62,56.62,New
C-02004,eBay,CA,0,2025-12-26,2025-12-26,1,183.89,183.89,35.89,New
C-02005,Shopify,IL,1,2025-12-26,2025-12-26,1,59.17,59.17,13.17,New
C-02006,Shopify,NY,0,2025-12-26,2025-12-26,1,7.99,7.99,5.64,New
C-02007,eBay,NV,0,2025-12-26,2025-12-26,1,99.99,99.99,23.99,New
C-02008,Shopify,FL,1,2025-12-26,2025-12-26,1,7.99,7.99,5.64,New
C-02009,eBay,PA,0,2025-12-26,2025-12-26,1,62.22,62.22,16.22,New
C-02010,eBay,TX,0,2025-12-26,2025-12-26,1,59.87,59.87,13.87,New
C-02011,eBay,CA,0,2025-12-26,2025-12-26,1,20.98,20.98,16.78,New
C-02012,Shopify,VA,0,2025-12-26,2025-12-26,1,20.98,20.98,16.78,New
C-02013,Shopify,OH,0,2025-12-26,2025-12-26,1,24.97,24.97,19.47,New
C-02014,Shopify,TX,1,2025-12-26,2025-12-26,1,31.97,31.97,25.67,New
C-02015,Shopify,NJ,0,2025-12-27,2025-12-27,1,23.96,23.96,19.76,New
C-02016,Shopify,OR,0,2025-12-27,2025-12-27,1,5.99,5.99,4.94,New
C-02017,Shopify,CA,1,2025-12-27,2025-12-27,1,119.22,119.22,26.22,New
C-02018,Shopify,WA,1,2025-12-27,2025-12-27,1,33.96,33.96,27.66,New
C-02019,Shopify,AZ,0,2025-12-27,2025-12-27,1,5.99,5.99,4.94,New
C-02020,eBay,IL,0,2025-12-27,2025-12-27,1,113.17,113.17,26.17,New
C-02021,Shopify,CA,1,2025-12-27,2025-12-27,1,100.01,100.01,18.01,New
C-02022,eBay,NC,0,2025-12-27,2025-12-27,1,93.2,93.2,17.2,New
C-02023,Shopify,CA,1,2025-12-27,2025-12-27,1,20.98,20.98,16.33,New
C-02024,eBay,CA,0,2025-12-28,2025-12-28,1,9.99,9.99,7.44,New
C-02025,Shopify,CA,0,2025-12-28,2025-12-28,1,37.96,37.96,30.61,New
C-02026,eBay,PA,0,2025-12-28,2025-12-28,1,94.01,94.01,18.01,New
C-02027,Shopify,FL,0,2025-12-28,2025-12-28,1,44.97,44.97,35.52,New
C-02028,eBay,CA,0,2025-12-28,2025-12-28,1,174.99,174.99,26.99,New
C-02029,eBay,MI,0,2025-12-28,2025-12-28,1,61.88,61.88,15.88,New
C-02030,eBay,NY,0,2025-12-28,2025-12-28,1,59.05,59.05,13.05,New
C-02031,Shopify,FL,1,2025-12-28,2025-12-28,1,204.08,204.08,35.08,New
C-02032,Shopify,CA,0,2025-12-29,2025-12-29,1,25.98,25.98,20.73,New
C-02033,Shopify,VA,0,2025-12-29,2025-12-29,1,10.99,10.99,8.89,New
C-02034,eBay,CA,0,2025-12-29,2025-12-29,1,30.97,30.97,24.22,New
C-02035,Shopify,CA,0,2025-12-29,2025-12-29,1,31.97,31.97,25.67,New
C-02036,eBay,CA,0,2025-12-29,2025-12-29,1,98.49,98.49,22.49,New
C-02037,Shopify,WA,1,2025-12-30,2025-12-30,1,162.27,162.27,29.27,New
C-02038,Shopify,CA,1,2025-12-30,2025-12-30,1,5.99,5.99,4.94,New
C-02039,eBay,CA,0,2025-12-30,2025-12-30,1,109.28,109.28,22.28,New
C-02040,Shopify,CA,0,2025-12-30,2025-12-30,1,5.99,5.99,4.94,New
C-02041,eBay,CA,0,2025-12-30,2025-12-30,1,183.66,183.66,35.66,New
C-02042,Shopify,NJ,0,2025-12-30,2025-12-30,1,7.99,7.99,5.64,New
C-02043,eBay,IL,0,2025-12-30,2025-12-30,1,22.98,22.98,17.48,New
C-02044,eBay,FL,0,2025-12-30,2025-12-30,1,24.98,24.98,19.28,New
C-02045,Shopify,CA,0,2025-12-31,2025-12-31,1,20.98,20.98,16.33,New
C-02046,Shopify,GA,0,2025-12-31,2025-12-31,1,42.96,42.96,34.56,New
C-02047,eBay,CA,0,2025-12-31,2025-12-31,1,296.11,296.11,52.11,New
C-02048,Shopify,WA,0,2025-12-31,2025-12-31,1,7.99,7.99,5.64,New
C-02049,eBay,AZ,0,2025-12-31,2025-12-31,1,35.97,35.97,28.62,New
C-02050,Shopify,NC,0,2025-12-31,2025-12-31,1,9.99,9.99,7.44,New
C-02051,eBay,CA,0,2025-12-31,2025-12-31,1,62.49,62.49,16.49,New
C-02052,eBay,NJ,0,2025-12-31,2025-12-31,1,97.49,97.49,21.49,New
C-02053,eBay,CA,0,2025-12-31,2025-12-31,1,187.58,187.58,39.58,New
C-02054,eBay,NY,0,2025-12-31,2025-12-31,1,58.65,58.65,12.65,New
C-02055,Shopify,GA,1,2025-12-31,2025-12-31,1,27.97,27.97,22.72,New
C-02056,Shopify,GA,0,2025-12-31,2025-12-31,1,58.79,58.79,12.79,New
C-02057,eBay,VA,0,2025-12-31,2025-12-31,1,254.7,254.7,35.7,New
C-02058,Shopify,FL,1,2025-12-31,2025-12-31,1,205.82,205.82,35.82,New
