order_id,order_date,month,channel,state,customer_id,sku,product,product_line,qty,unit_price,sales,cost,gross_profit
EB-00001,2025-01-01,2025-01-01,eBay,TN,C-00001,DF-MFK-BR540,Maison Francis Kurkdjian Baccarat Rouge 540 EDP 2.4 oz,Designer fragrance,1,253.23,253.23,219.0,34.23
EB-00002,2025-01-01,2025-01-01,eBay,CA,C-00002,DF-INITIO-OUD,Initio Oud for Greatness EDP 3.0 oz,Designer fragrance,1,198.33,198.33,169.0,29.33
EB-00003,2025-01-01,2025-01-01,eBay,TX,C-00003,DF-PDM-LAYTON,Parfums de Marly Layton EDP 4.2 oz,Designer fragrance,1,174.06,174.06,148.0,26.06
EB-00004,2025-01-01,2025-01-01,eBay,NV,C-00004,CP-REFILL-20,"Car Perfume refill, 2 x 10 ml",Refills,1,10.99,10.99,2.1,8.89
EB-00005,2025-01-01,2025-01-01,eBay,TX,C-00008,DF-DIOR-SAUVAGE,Dior Sauvage EDT 3.4 oz,Designer fragrance,1,92.22,92.22,76.0,16.22
SH-00001,2025-01-01,2025-01-01,Shopify,NV,C-00004,CP-BOTTLE-CLASSIC,"Car Perfume bottle, Onyx, Chrome or Gold",Car Perfume,1,7.99,7.99,2.35,5.64
SH-00002,2025-01-01,2025-01-01,Shopify,FL,C-00005,DF-PDM-DELINA,Parfums de Marly Delina EDP 2.5 oz,Designer fragrance,1,200.65,200.65,170.0,30.65
SH-00003,2025-01-01,2025-01-01,Shopify,CO,C-00006,CP-BOTTLE-COLOR,"Car Perfume bottle, color collection",Car Perfume,1,9.99,9.99,2.55,7.44
SH-00003,2025-01-01,2025-01-01,Shopify,CO,C-00006,CP-REFILL-30,"Car Perfume refill, 3 x 10 ml",Refills,1,14.99,14.99,3.15,11.84
SH-00004,2025-01-01,2025-01-01,Shopify,NY,C-00007,CP-REFILL-30,"Car Perfume refill, 3 x 10 ml",Refills,1,14.99,14.99,3.15,11.84
SH-00004,2025-01-01,2025-01-01,Shopify,NY,C-00007,CP-REFILL-10,"Car Perfume refill, 10 ml",Refills,1,5.99,5.99,1.05,4.94
EB-00006,2025-01-02,2025-01-01,eBay,NY,C-00010,DF-VAL-BIR,Valentino Born in Roma Uomo EDT 3.4 oz,Designer fragrance,1,94.17,94.17,76.0,18.17
SH-00005,2025-01-02,2025-01-01,Shopify,CA,C-00009,CP-BOTTLE-COLOR,"Car Perfume bottle, color collection",Car Perfume,1,9.99,9.99,2.55,7.44
SH-00005,2025-01-02,2025-01-01,Shopify,CA,C-00009,CP-REFILL-10,"Car Perfume refill, 10 ml",Refills,1,5.99,5.99,1.05,4.94
SH-00006,2025-01-02,2025-01-01,Shopify,OR,C-00011,CP-BOTTLE-CLASSIC,"Car Perfume bottle, Onyx, Chrome or Gold",Car Perfume,1,7.99,7.99,2.35,5.64
SH-00006,2025-01-02,2025-01-01,Shopify,OR,C-00011,CP-REFILL-20,"Car Perfume refill, 2 x 10 ml",Refills,1,10.99,10.99,2.1,8.89
SH-00006,2025-01-02,2025-01-01,Shopify,OR,C-00011,CP-REFILL-10,"Car Perfume refill, 10 ml",Refills,2,5.99,11.98,2.1,9.88
SH-00007,2025-01-02,2025-01-01,Shopify,OR,C-00011,CP-BOTTLE-COLOR,"Car Perfume bottle, color collection",Car Perfume,1,9.99,9.99,2.55,7.44
SH-00007,2025-01-02,2025-01-01,Shopify,OR,C-00011,CP-REFILL-10,"Car Perfume refill, 10 ml",Refills,1,5.99,5.99,1.05,4.94
EB-00007,2025-01-03,2025-01-01,eBay,CA,C-00012,CP-REFILL-10,"Car Perfume refill, 10 ml",Refills,2,5.99,11.98,2.1,9.88
EB-00007,2025-01-03,2025-01-01,eBay,CA,C-00012,CP-REFILL-30,"Car Perfume refill, 3 x 10 ml",Refills,1,14.99,14.99,3.15,11.84
EB-00008,2025-01-03,2025-01-01,eBay,NY,C-00014,DF-PDM-LAYTON,Parfums de Marly Layton EDP 4.2 oz,Designer fragrance,1,188.14,188.14,148.0,40.14
SH-00008,2025-01-03,2025-01-01,Shopify,VA,C-00013,CP-BOTTLE-CLASSIC,"Car Perfume bottle, Onyx, Chrome or Gold",Car Perfume,1,7.99,7.99,2.35,5.64
SH-00009,2025-01-03,2025-01-01,Shopify,WA,C-00015,CP-BOTTLE-COLOR,"Car Perfume bottle, color collection",Car Perfume,1,9.99,9.99,2.55,7.44
SH-00009,2025-01-03,2025-01-01,Shopify,WA,C-00015,CP-REFILL-30,"Car Perfume refill, 3 x 10 ml",Refills,1,14.99,14.99,3.15,11.84
EB-00009,2025-01-04,2025-01-01,eBay,MD,C-00016,DF-XJ-ERBA,Xerjoff Erba Pura EDP 3.4 oz,Designer fragrance,1,164.29,164.29,133.0,31.29
SH-00010,2025-01-04,2025-01-01,Shopify,NY,C-00017,DF-PDM-DELINA,Parfums de Marly Delina EDP 2.5 oz,Designer fragrance,1,207.15,207.15,170.0,37.15
EB-00010,2025-01-05,2025-01-01,eBay,FL,C-00018,DF-VERSACE-EROS,Versace Eros EDT 3.4 oz,Designer fragrance,1,59.03,59.03,46.0,13.03
EB-00011,2025-01-05,2025-01-01,eBay,NC,C-00022,DF-VERSACE-EROS,Versace Eros EDT 3.4 oz,Designer fragrance,1,60.6,60.6,46.0,14.6
SH-00011,2025-01-05,2025-01-01,Shopify,MI,C-00019,DF-TF-OMBRE,Tom Ford Ombre Leather EDP 3.4 oz,Designer fragrance,1,112.35,112.35,93.0,19.35
SH-00012,2025-01-05,2025-01-01,Shopify,IL,C-00020,CP-BOTTLE-COLOR,"Car Perfume bottle, color collection",Car Perfume,1,9.99,9.99,2.55,7.44
SH-00013,2025-01-05,2025-01-01,Shopify,TX,C-00021,DF-PDM-LAYTON,Parfums de Marly Layton EDP 4.2 oz,Designer fragrance,1,184.48,184.48,148.0,36.48
EB-00012,2025-01-06,2025-01-01,eBay,GA,C-00024,CP-REFILL-10,"Car Perfume refill, 10 ml",Refills,1,5.99,5.99,1.05,4.94
EB-00012,2025-01-06,2025-01-01,eBay,GA,C-00024,CP-REFILL-30,"Car Perfume refill, 3 x 10 ml",Refills,1,14.99,14.99,3.15,11.84
SH-00014,2025-01-06,2025-01-01,Shopify,GA,C-00023,DF-VAL-BIR,Valentino Born in Roma Uomo EDT 3.4 oz,Designer fragrance,1,94.33,94.33,76.0,18.33
EB-00013,2025-01-07,2025-01-01,eBay,FL,C-00025,DF-JPG-ELIXIR,Jean Paul Gaultier Le Male Elixir 4.2 oz,Designer fragrance,1,111.41,111.41,87.0,24.41
EB-00014,2025-01-07,2025-01-01,eBay,MD,C-00026,DF-DIOR-SAUVAGE,Dior Sauvage EDT 3.4 oz,Designer fragrance,1,95.72,95.72,76.0,19.72
EB-00014,2025-01-07,2025-01-01,eBay,MD,C-00026,DF-PDM-DELINA,Parfums de Marly Delina EDP 2.5 oz,Designer fragrance,1,198.03,198.03,170.0,28.03
EB-00015,2025-01-07,2025-01-01,eBay,CA,C-00027,DF-YSL-LIBRE,YSL Libre EDP 3.0 oz,Designer fragrance,1,104.63,104.63,82.0,22.63
EB-00016,2025-01-07,2025-01-01,eBay,FL,C-00028,DF-PDM-DELINA,Parfums de Marly Delina EDP 2.5 oz,Designer fragrance,1,211.09,211.09,170.0,41.09
EB-00017,2025-01-07,2025-01-01,eBay,CA,C-00030,DF-YSL-LIBRE,YSL Libre EDP 3.0 oz,Designer fragrance,1,107.45,107.45,82.0,25.45
EB-00018,2025-01-07,2025-01-01,eBay,NY,C-00031,CP-BOTTLE-CLASSIC,"Car Perfume bottle, Onyx, Chrome or Gold",Car Perfume,1,7.99,7.99,2.35,5.64
EB-00018,2025-01-07,2025-01-01,eBay,NY,C-00031,CP-REFILL-10,"Car Perfume refill, 10 ml",Refills,1,5.99,5.99,1.05,4.94
EB-00018,2025-01-07,2025-01-01,eBay,NY,C-00031,CP-REFILL-20,"Car Perfume refill, 2 x 10 ml",Refills,1,10.99,10.99,2.1,8.89
SH-00015,2025-01-07,2025-01-01,Shopify,GA,C-00024,CP-REFILL-10,"Car Perfume refill, 10 ml",Refills,1,5.99,5.99,1.05,4.94
SH-00015,2025-01-07,2025-01-01,Shopify,GA,C-00024,CP-REFILL-30,"Car Perfume refill, 3 x 10 ml",Refills,1,14.99,14.99,3.15,11.84
SH-00016,2025-01-07,2025-01-01,Shopify,CA,C-00029,CP-BOTTLE-CLASSIC,"Car Perfume bottle, Onyx, Chrome or Gold",Car Perfume,1,7.99,7.99,2.35,5.64
SH-00016,2025-01-07,2025-01-01,Shopify,CA,C-00029,CP-REFILL-10,"Car Perfume refill, 10 ml",Refills,1,5.99,5.99,1.05,4.94
EB-00019,2025-01-08,2025-01-01,eBay,CA,C-00035,DF-VAL-BIR,Valentino Born in Roma Uomo EDT 3.4 oz,Designer fragrance,1,100.47,100.47,76.0,24.47
EB-00020,2025-01-08,2025-01-01,eBay,CA,C-00035,DF-TF-OMBRE,Tom Ford Ombre Leather EDP 3.4 oz,Designer fragrance,1,111.59,111.59,93.0,18.59
SH-00017,2025-01-08,2025-01-01,Shopify,CA,C-00032,CP-BOTTLE-CLASSIC,"Car Perfume bottle, Onyx, Chrome or Gold",Car Perfume,1,7.99,7.99,2.35,5.64
SH-00018,2025-01-08,2025-01-01,Shopify,TN,C-00033,CP-BOTTLE-COLOR,"Car Perfume bottle, color collection",Car Perfume,1,9.99,9.99,2.55,7.44
SH-00019,2025-01-08,2025-01-01,Shopify,TN,C-00033,CP-BOTTLE-CLASSIC,"Car Perfume bottle, Onyx, Chrome or Gold",Car Perfume,1,7.99,7.99,2.35,5.64
SH-00020,2025-01-08,2025-01-01,Shopify,VA,C-00034,CP-BOTTLE-CLASSIC,"Car Perfume bottle, Onyx, Chrome or Gold",Car Perfume,1,7.99,7.99,2.35,5.64
SH-00021,2025-01-08,2025-01-01,Shopify,NY,C-00036,DF-DIOR-SAUVAGE,Dior Sauvage EDT 3.4 oz,Designer fragrance,1,97.07,97.07,76.0,21.07
EB-00021,2025-01-09,2025-01-01,eBay,CA,C-00038,DF-VAL-BIR,Valentino Born in Roma Uomo EDT 3.4 oz,Designer fragrance,1,94.43,94.43,76.0,18.43
EB-00022,2025-01-09,2025-01-01,eBay,CA,C-00041,DF-CREED-AVENTUS,Creed Aventus EDP 3.3 oz,Designer fragrance,1,287.69,287.69,244.0,43.69
SH-00022,2025-01-09,2025-01-01,Shopify,OR,C-00037,CP-BOTTLE-COLOR,"Car Perfume bottle, color collection",Car Perfume,1,9.99,9.99,2.55,7.44
SH-00023,2025-01-09,2025-01-01,Shopify,TN,C-00033,CP-BOTTLE-CLASSIC,"Car Perfume bottle, Onyx, Chrome or Gold",Car Perfume,1,7.99,7.99,2.35,5.64
SH-00023,2025-01-09,2025-01-01,Shopify,TN,C-00033,CP-REFILL-10,"Car Perfume refill, 10 ml",Refills,1,5.99,5.99,1.05,4.94
SH-00024,2025-01-09,2025-01-01,Shopify,WA,C-00039,CP-BOTTLE-CLASSIC,"Car Perfume bottle, Onyx, Chrome or Gold",Car Perfume,1,7.99,7.99,2.35,5.64
SH-00024,2025-01-09,2025-01-01,Shopify,WA,C-00039,CP-REFILL-10,"Car Perfume refill, 10 ml",Refills,1,5.99,5.99,1.05,4.94
SH-00024,2025-01-09,2025-01-01,Shopify,WA,C-00039,CP-REFILL-30,"Car Perfume refill, 3 x 10 ml",Refills,1,14.99,14.99,3.15,11.84
SH-00025,2025-01-09,2025-01-01,Shopify,CO,C-00040,CP-REFILL-20,"Car Perfume refill, 2 x 10 ml",Refills,1,10.99,10.99,2.1,8.89
SH-00026,2025-01-09,2025-01-01,Shopify,IL,C-00042,CP-REFILL-20,"Car Perfume refill, 2 x 10 ml",Refills,1,10.99,10.99,2.1,8.89
SH-00026,2025-01-09,2025-01-01,Shopify,IL,C-00042,CP-REFILL-30,"Car Perfume refill, 3 x 10 ml",Refills,1,14.99,14.99,3.15,11.84
SH-00026,2025-01-09,2025-01-01,Shopify,IL,C-00042,CP-REFILL-10,"Car Perfume refill, 10 ml",Refills,2,5.99,11.98,2.1,9.88
EB-00023,2025-01-10,2025-01-01,eBay,CA,C-00041,DF-VERSACE-EROS,Versace Eros EDT 3.4 oz,Designer fragrance,1,62.73,62.73,46.0,16.73
EB-00024,2025-01-10,2025-01-01,eBay,CA,C-00047,CP-REFILL-10,"Car Perfume refill, 10 ml",Refills,2,5.99,11.98,2.1,9.88
EB-00024,2025-01-10,2025-01-01,eBay,CA,C-00047,CP-REFILL-20,"Car Perfume refill, 2 x 10 ml",Refills,1,10.99,10.99,2.1,8.89
EB-00024,2025-01-10,2025-01-01,eBay,CA,C-00047,CP-REFILL-30,"Car Perfume refill, 3 x 10 ml",Refills,1,14.99,14.99,3.15,11.84
SH-00027,2025-01-10,2025-01-01,Shopify,WA,C-00043,CP-REFILL-10,"Car Perfume refill, 10 ml",Refills,1,5.99,5.99,1.05,4.94
SH-00028,2025-01-10,2025-01-01,Shopify,CA,C-00044,CP-BOTTLE-COLOR,"Car Perfume bottle, color collection",Car Perfume,1,9.99,9.99,2.55,7.44
SH-00028,2025-01-10,2025-01-01,Shopify,CA,C-00044,CP-REFILL-10,"Car Perfume refill, 10 ml",Refills,1,5.99,5.99,1.05,4.94
SH-00028,2025-01-10,2025-01-01,Shopify,CA,C-00044,CP-REFILL-20,"Car Perfume refill, 2 x 10 ml",Refills,1,10.99,10.99,2.1,8.89
SH-00029,2025-01-10,2025-01-01,Shopify,CA,C-00045,CP-REFILL-20,"Car Perfume refill, 2 x 10 ml",Refills,2,10.99,21.98,4.2,17.78
SH-00030,2025-01-10,2025-01-01,Shopify,CA,C-00046,DF-PDM-LAYTON,Parfums de Marly Layton EDP 4.2 oz,Designer fragrance,1,188.38,188.38,148.0,40.38
EB-00025,2025-01-11,2025-01-01,eBay,OR,C-00048,DF-VERSACE-EROS,Versace Eros EDT 3.4 oz,Designer fragrance,1,62.78,62.78,46.0,16.78
EB-00026,2025-01-11,2025-01-01,eBay,NY,C-00049,DF-INITIO-OUD,Initio Oud for Greatness EDP 3.0 oz,Designer fragrance,1,210.8,210.8,169.0,41.8
EB-00027,2025-01-11,2025-01-01,eBay,GA,C-00050,DF-VERSACE-EROS,Versace Eros EDT 3.4 oz,Designer fragrance,1,63.05,63.05,46.0,17.05
EB-00028,2025-01-11,2025-01-01,eBay,OR,C-00037,CP-BOTTLE-CLASSIC,"Car Perfume bottle, Onyx, Chrome or Gold",Car Perfume,1,7.99,7.99,2.35,5.64
SH-00031,2025-01-11,2025-01-01,Shopify,WA,C-00051,DF-MFK-BR540,Maison Francis Kurkdjian Baccarat Rouge 540 EDP 2.4 oz,Designer fragrance,1,250.24,250.24,219.0,31.24
SH-00032,2025-01-11,2025-01-01,Shopify,CA,C-00045,CP-REFILL-10,"Car Perfume refill, 10 ml",Refills,2,5.99,11.98,2.1,9.88
SH-00033,2025-01-11,2025-01-01,Shopify,TN,C-00033,CP-BOTTLE-CLASSIC,"Car Perfume bottle, Onyx, Chrome or Gold",Car Perfume,1,7.99,7.99,2.35,5.64
SH-00034,2025-01-12,2025-01-01,Shopify,TN,C-00052,CP-BOTTLE-CLASSIC,"Car Perfume bottle, Onyx, Chrome or Gold",Car Perfume,1,7.99,7.99,2.35,5.64
SH-00035,2025-01-12,2025-01-01,Shopify,TN,C-00053,DF-PDM-LAYTON,Parfums de Marly Layton EDP 4.2 oz,Designer fragrance,1,187.69,187.69,148.0,39.69
SH-00036,2025-01-12,2025-01-01,Shopify,NV,C-00054,DF-CREED-AVENTUS,Creed Aventus EDP 3.3 oz,Designer fragrance,1,296.86,296.86,244.0,52.86
SH-00037,2025-01-12,2025-01-01,Shopify,CO,C-00055,CP-REFILL-10,"Car Perfume refill, 10 ml",Refills,1,5.99,5.99,1.05,4.94
SH-00038,2025-01-12,2025-01-01,Shopify,CO,C-00055,CP-BOTTLE-CLASSIC,"Car Perfume bottle, Onyx, Chrome or Gold",Car Perfume,1,7.99,7.99,2.35,5.64
EB-00029,2025-01-13,2025-01-01,eBay,PA,C-00056,DF-VAL-BIR,Valentino Born in Roma Uomo EDT 3.4 oz,Designer fragrance,1,94.32,94.32,76.0,18.32
EB-00030,2025-01-13,2025-01-01,eBay,FL,C-00059,DF-VERSACE-EROS,Versace Eros EDT 3.4 oz,Designer fragrance,1,61.41,61.41,46.0,15.41
EB-00031,2025-01-13,2025-01-01,eBay,FL,C-00060,DF-PDM-DELINA,Parfums de Marly Delina EDP 2.5 oz,Designer fragrance,1,202.66,202.66,170.0,32.66
EB-00032,2025-01-13,2025-01-01,eBay,NV,C-00004,CP-REFILL-20,"Car Perfume refill, 2 x 10 ml",Refills,1,10.99,10.99,2.1,8.89
SH-00039,2025-01-13,2025-01-01,Shopify,TX,C-00057,CP-BOTTLE-CLASSIC,"Car Perfume bottle, Onyx, Chrome or Gold",Car Perfume,1,7.99,7.99,2.35,5.64
SH-00039,2025-01-13,2025-01-01,Shopify,TX,C-00057,CP-REFILL-30,"Car Perfume refill, 3 x 10 ml",Refills,1,14.99,14.99,3.15,11.84
SH-00040,2025-01-13,2025-01-01,Shopify,CA,C-00058,CP-BOTTLE-CLASSIC,"Car Perfume bottle, Onyx, Chrome or Gold",Car Perfume,1,7.99,7.99,2.35,5.64
SH-00041,2025-01-13,2025-01-01,Shopify,WA,C-00061,CP-BOTTLE-COLOR,"Car Perfume bottle, color collection",Car Perfume,1,9.99,9.99,2.55,7.44
SH-00042,2025-01-13,2025-01-01,Shopify,FL,C-00062,CP-BOTTLE-CLASSIC,"Car Perfume bottle, Onyx, Chrome or Gold",Car Perfume,1,7.99,7.99,2.35,5.64
SH-00042,2025-01-13,2025-01-01,Shopify,FL,C-00062,CP-REFILL-10,"Car Perfume refill, 10 ml",Refills,1,5.99,5.99,1.05,4.94
EB-00033,2025-01-14,2025-01-01,eBay,CA,C-00066,DF-YSL-LIBRE,YSL Libre EDP 3.0 oz,Designer fragrance,1,101.45,101.45,82.0,19.45
EB-00034,2025-01-14,2025-01-01,eBay,FL,C-00067,DF-TF-OMBRE,Tom Ford Ombre Leather EDP 3.4 oz,Designer fragrance,1,118.87,118.87,93.0,25.87
EB-00035,2025-01-14,2025-01-01,eBay,CA,C-00068,DF-DIOR-SAUVAGE,Dior Sauvage EDT 3.4 oz,Designer fragrance,1,100.84,100.84,76.0,24.84
EB-00036,2025-01-14,2025-01-01,eBay,MD,C-00069,CP-BOTTLE-COLOR,"Car Perfume bottle, color collection",Car Perfume,1,9.99,9.99,2.55,7.44
EB-00036,2025-01-14,2025-01-01,eBay,MD,C-00069,CP-REFILL-10,"Car Perfume refill, 10 ml",Refills,2,5.99,11.98,2.1,9.88
SH-00043,2025-01-14,2025-01-01,Shopify,MI,C-00063,DF-DIOR-SAUVAGE,Dior Sauvage EDT 3.4 oz,Designer fragrance,1,97.81,97.81,76.0,21.81
SH-00044,2025-01-14,2025-01-01,Shopify,CA,C-00064,CP-REFILL-10,"Car Perfume refill, 10 ml",Refills,2,5.99,11.98,2.1,9.88
SH-00044,2025-01-14,2025-01-01,Shopify,CA,C-00064,CP-REFILL-20,"Car Perfume refill, 2 x 10 ml",Refills,2,10.99,21.98,4.2,17.78
SH-00045,2025-01-14,2025-01-01,Shopify,CA,C-00065,CP-BOTTLE-CLASSIC,"Car Perfume bottle, Onyx, Chrome or Gold",Car Perfume,1,7.99,7.99,2.35,5.64
SH-00045,2025-01-14,2025-01-01,Shopify,CA,C-00065,CP-REFILL-20,"Car Perfume refill, 2 x 10 ml",Refills,1,10.99,10.99,2.1,8.89
SH-00045,2025-01-14,2025-01-01,Shopify,CA,C-00065,CP-REFILL-10,"Car Perfume refill, 10 ml",Refills,1,5.99,5.99,1.05,4.94
SH-00046,2025-01-14,2025-01-01,Shopify,CA,C-00064,CP-BOTTLE-CLASSIC,"Car Perfume bottle, Onyx, Chrome or Gold",Car Perfume,1,7.99,7.99,2.35,5.64
SH-00046,2025-01-14,2025-01-01,Shopify,CA,C-00064,CP-REFILL-20,"Car Perfume refill, 2 x 10 ml",Refills,1,10.99,10.99,2.1,8.89
EB-00037,2025-01-15,2025-01-01,eBay,AZ,C-00075,DF-PDM-LAYTON,Parfums de Marly Layton EDP 4.2 oz,Designer fragrance,1,186.64,186.64,148.0,38.64
EB-00038,2025-01-15,2025-01-01,eBay,FL,C-00076,DF-PDM-LAYTON,Parfums de Marly Layton EDP 4.2 oz,Designer fragrance,1,182.97,182.97,148.0,34.97
SH-00047,2025-01-15,2025-01-01,Shopify,MD,C-00069,CP-BOTTLE-COLOR,"Car Perfume bottle, color collection",Car Perfume,1,9.99,9.99,2.55,7.44
SH-00047,2025-01-15,2025-01-01,Shopify,MD,C-00069,CP-REFILL-20,"Car Perfume refill, 2 x 10 ml",Refills,1,10.99,10.99,2.1,8.89
SH-00048,2025-01-15,2025-01-01,Shopify,IL,C-00070,DF-VERSACE-EROS,Versace Eros EDT 3.4 oz,Designer fragrance,1,58.5,58.5,46.0,12.5
SH-00049,2025-01-15,2025-01-01,Shopify,CA,C-00071,DF-YSL-LIBRE,YSL Libre EDP 3.0 oz,Designer fragrance,1,107.3,107.3,82.0,25.3
SH-00050,2025-01-15,2025-01-01,Shopify,FL,C-00072,CP-REFILL-20,"Car Perfume refill, 2 x 10 ml",Refills,3,10.99,32.97,6.3,26.67
SH-00050,2025-01-15,2025-01-01,Shopify,FL,C-00072,CP-REFILL-30,"Car Perfume refill, 3 x 10 ml",Refills,1,14.99,14.99,3.15,11.84
SH-00051,2025-01-15,2025-01-01,Shopify,CA,C-00073,CP-BOTTLE-COLOR,"Car Perfume bottle, color collection",Car Perfume,1,9.99,9.99,2.55,7.44
SH-00052,2025-01-15,2025-01-01,Shopify,TN,C-00074,DF-DIOR-SAUVAGE,Dior Sauvage EDT 3.4 oz,Designer fragrance,1,98.12,98.12,76.0,22.12
EB-00039,2025-01-16,2025-01-01,eBay,FL,C-00077,DF-TF-OMBRE,Tom Ford Ombre Leather EDP 3.4 oz,Designer fragrance,1,117.81,117.81,93.0,24.81
EB-00040,2025-01-16,2025-01-01,eBay,TX,C-00078,DF-CREED-AVENTUS,Creed Aventus EDP 3.3 oz,Designer fragrance,1,282.77,282.77,244.0,38.77
SH-00053,2025-01-16,2025-01-01,Shopify,FL,C-00072,CP-BOTTLE-CLASSIC,"Car Perfume bottle, Onyx, Chrome or Gold",Car Perfume,1,7.99,7.99,2.35,5.64
SH-00053,2025-01-16,2025-01-01,Shopify,FL,C-00072,CP-REFILL-10,"Car Perfume refill, 10 ml",Refills,1,5.99,5.99,1.05,4.94
SH-00053,2025-01-16,2025-01-01,Shopify,FL,C-00072,CP-REFILL-20,"Car Perfume refill, 2 x 10 ml",Refills,1,10.99,10.99,2.1,8.89
EB-00041,2025-01-17,2025-01-01,eBay,FL,C-00080,CP-BOTTLE-CLASSIC,"Car Perfume bottle, Onyx, Chrome or Gold",Car Perfume,1,7.99,7.99,2.35,5.64
EB-00041,2025-01-17,2025-01-01,eBay,FL,C-00080,CP-REFILL-10,"Car Perfume refill, 10 ml",Refills,1,5.99,5.99,1.05,4.94
EB-00042,2025-01-17,2025-01-01,eBay,MA,C-00081,DF-PDM-LAYTON,Parfums de Marly Layton EDP 4.2 oz,Designer fragrance,1,189.21,189.21,148.0,41.21
SH-00054,2025-01-17,2025-01-01,Shopify,TX,C-00079,CP-BOTTLE-COLOR,"Car Perfume bottle, color collection",Car Perfume,1,9.99,9.99,2.55,7.44
SH-00055,2025-01-17,2025-01-01,Shopify,CA,C-00065,CP-REFILL-10,"Car Perfume refill, 10 ml",Refills,3,5.99,17.97,3.15,14.82
SH-00055,2025-01-17,2025-01-01,Shopify,CA,C-00065,CP-REFILL-30,"Car Perfume refill, 3 x 10 ml",Refills,1,14.99,14.99,3.15,11.84
SH-00056,2025-01-17,2025-01-01,Shopify,WA,C-00061,CP-BOTTLE-COLOR,"Car Perfume bottle, color collection",Car Perfume,1,9.99,9.99,2.55,7.44
SH-00057,2025-01-17,2025-01-01,Shopify,CA,C-00082,DF-TF-OMBRE,Tom Ford Ombre Leather EDP 3.4 oz,Designer fragrance,1,113.73,113.73,93.0,20.73
EB-00043,2025-01-18,2025-01-01,eBay,IL,C-00085,DF-PDM-LAYTON,Parfums de Marly Layton EDP 4.2 oz,Designer fragrance,1,190.1,190.1,148.0,42.1
SH-00058,2025-01-18,2025-01-01,Shopify,WA,C-00083,CP-BOTTLE-COLOR,"Car Perfume bottle, color collection",Car Perfume,1,9.99,9.99,2.55,7.44
SH-00058,2025-01-18,2025-01-01,Shopify,WA,C-00083,CP-REFILL-30,"Car Perfume refill, 3 x 10 ml",Refills,1,14.99,14.99,3.15,11.84
SH-00058,2025-01-18,2025-01-01,Shopify,WA,C-00083,CP-REFILL-10,"Car Perfume refill, 10 ml",Refills,1,5.99,5.99,1.05,4.94
SH-00059,2025-01-18,2025-01-01,Shopify,MI,C-00084,CP-REFILL-10,"Car Perfume refill, 10 ml",Refills,2,5.99,11.98,2.1,9.88
EB-00044,2025-01-19,2025-01-01,eBay,MD,C-00087,DF-PDM-LAYTON,Parfums de Marly Layton EDP 4.2 oz,Designer fragrance,1,176.83,176.83,148.0,28.83
EB-00045,2025-01-19,2025-01-01,eBay,VA,C-00088,DF-JPG-ELIXIR,Jean Paul Gaultier Le Male Elixir 4.2 oz,Designer fragrance,1,112.09,112.09,87.0,25.09
EB-00046,2025-01-19,2025-01-01,eBay,FL,C-00089,DF-VAL-BIR,Valentino Born in Roma Uomo EDT 3.4 oz,Designer fragrance,1,92.29,92.29,76.0,16.29
SH-00060,2025-01-19,2025-01-01,Shopify,VA,C-00013,CP-REFILL-10,"Car Perfume refill, 10 ml",Refills,1,5.99,5.99,1.05,4.94
SH-00061,2025-01-19,2025-01-01,Shopify,WA,C-00086,CP-REFILL-20,"Car Perfume refill, 2 x 10 ml",Refills,2,10.99,21.98,4.2,17.78
SH-00061,2025-01-19,2025-01-01,Shopify,WA,C-00086,CP-REFILL-10,"Car Perfume refill, 10 ml",Refills,1,5.99,5.99,1.05,4.94
EB-00047,2025-01-20,2025-01-01,eBay,CA,C-00091,DF-XJ-ERBA,Xerjoff Erba Pura EDP 3.4 oz,Designer fragrance,1,168.65,168.65,133.0,35.65
EB-00048,2025-01-20,2025-01-01,eBay,MD,C-00069,CP-REFILL-10,"Car Perfume refill, 10 ml",Refills,2,5.99,11.98,2.1,9.88
EB-00049,2025-01-20,2025-01-01,eBay,OH,C-00092,DF-CREED-AVENTUS,Creed Aventus EDP 3.3 oz,Designer fragrance,1,297.51,297.51,244.0,53.51
EB-00050,2025-01-20,2025-01-01,eBay,NY,C-00094,CP-BOTTLE-CLASSIC,"Car Perfume bottle, Onyx, Chrome or Gold",Car Perfume,1,7.99,7.99,2.35,5.64
EB-00050,2025-01-20,2025-01-01,eBay,NY,C-00094,CP-REFILL-20,"Car Perfume refill, 2 x 10 ml",Refills,1,10.99,10.99,2.1,8.89
SH-00062,2025-01-20,2025-01-01,Shopify,PA,C-00090,CP-BOTTLE-COLOR,"Car Perfume bottle, color collection",Car Perfume,1,9.99,9.99,2.55,7.44
SH-00062,2025-01-20,2025-01-01,Shopify,PA,C-00090,CP-REFILL-10,"Car Perfume refill, 10 ml",Refills,1,5.99,5.99,1.05,4.94
SH-00063,2025-01-20,2025-01-01,Shopify,AZ,C-00075,DF-TF-OMBRE,Tom Ford Ombre Leather EDP 3.4 oz,Designer fragrance,1,116.86,116.86,93.0,23.86
SH-00064,2025-01-20,2025-01-01,Shopify,VA,C-00088,DF-DIOR-SAUVAGE,Dior Sauvage EDT 3.4 oz,Designer fragrance,1,94.01,94.01,76.0,18.01
SH-00065,2025-01-20,2025-01-01,Shopify,CA,C-00093,CP-REFILL-30,"Car Perfume refill, 3 x 10 ml",Refills,1,14.99,14.99,3.15,11.84
SH-00066,2025-01-20,2025-01-01,Shopify,MA,C-00095,CP-REFILL-30,"Car Perfume refill, 3 x 10 ml",Refills,1,14.99,14.99,3.15,11.84
SH-00066,2025-01-20,2025-01-01,Shopify,MA,C-00095,CP-REFILL-20,"Car Perfume refill, 2 x 10 ml",Refills,1,10.99,10.99,2.1,8.89
SH-00066,2025-01-20,2025-01-01,Shopify,MA,C-00095,CP-REFILL-10,"Car Perfume refill, 10 ml",Refills,1,5.99,5.99,1.05,4.94
EB-00051,2025-01-21,2025-01-01,eBay,NY,C-00094,CP-REFILL-20,"Car Perfume refill, 2 x 10 ml",Refills,2,10.99,21.98,4.2,17.78
EB-00051,2025-01-21,2025-01-01,eBay,NY,C-00094,CP-REFILL-30,"Car Perfume refill, 3 x 10 ml",Refills,2,14.99,29.98,6.3,23.68
SH-00067,2025-01-21,2025-01-01,Shopify,TX,C-00096,CP-REFILL-30,"Car Perfume refill, 3 x 10 ml",Refills,2,14.99,29.98,6.3,23.68
SH-00067,2025-01-21,2025-01-01,Shopify,TX,C-00096,CP-REFILL-10,"Car Perfume refill, 10 ml",Refills,1,5.99,5.99,1.05,4.94
SH-00068,2025-01-21,2025-01-01,Shopify,VA,C-00097,DF-VERSACE-EROS,Versace Eros EDT 3.4 oz,Designer fragrance,1,63.21,63.21,46.0,17.21
SH-00069,2025-01-21,2025-01-01,Shopify,CA,C-00098,CP-BOTTLE-CLASSIC,"Car Perfume bottle, Onyx, Chrome or Gold",Car Perfume,1,7.99,7.99,2.35,5.64
SH-00069,2025-01-21,2025-01-01,Shopify,CA,C-00098,CP-REFILL-10,"Car Perfume refill, 10 ml",Refills,1,5.99,5.99,1.05,4.94
SH-00070,2025-01-21,2025-01-01,Shopify,NY,C-00099,CP-BOTTLE-CLASSIC,"Car Perfume bottle, Onyx, Chrome or Gold",Car Perfume,1,7.99,7.99,2.35,5.64
SH-00070,2025-01-21,2025-01-01,Shopify,NY,C-00099,CP-REFILL-20,"Car Perfume refill, 2 x 10 ml",Refills,3,10.99,32.97,6.3,26.67
SH-00071,2025-01-21,2025-01-01,Shopify,TN,C-00100,DF-JPG-ELIXIR,Jean Paul Gaultier Le Male Elixir 4.2 oz,Designer fragrance,1,113.4,113.4,87.0,26.4
SH-00072,2025-01-21,2025-01-01,Shopify,FL,C-00077,DF-MFK-BR540,Maison Francis Kurkdjian Baccarat Rouge 540 EDP 2.4 oz,Designer fragrance,1,255.7,255.7,219.0,36.7
EB-00052,2025-01-22,2025-01-01,eBay,TN,C-00052,CP-REFILL-20,"Car Perfume refill, 2 x 10 ml",Refills,2,10.99,21.98,4.2,17.78
EB-00053,2025-01-22,2025-01-01,eBay,CO,C-00103,DF-DIOR-SAUVAGE,Dior Sauvage EDT 3.4 oz,Designer fragrance,1,100.8,100.8,76.0,24.8
SH-00073,2025-01-22,2025-01-01,Shopify,MA,C-00101,CP-BOTTLE-COLOR,"Car Perfume bottle, color collection",Car Perfume,1,9.99,9.99,2.55,7.44
SH-00073,2025-01-22,2025-01-01,Shopify,MA,C-00101,CP-REFILL-20,"Car Perfume refill, 2 x 10 ml",Refills,1,10.99,10.99,2.1,8.89
SH-00074,2025-01-22,2025-01-01,Shopify,TX,C-00079,CP-REFILL-10,"Car Perfume refill, 10 ml",Refills,1,5.99,5.99,1.05,4.94
SH-00074,2025-01-22,2025-01-01,Shopify,TX,C-00079,CP-REFILL-30,"Car Perfume refill, 3 x 10 ml",Refills,1,14.99,14.99,3.15,11.84
SH-00074,2025-01-22,2025-01-01,Shopify,TX,C-00079,CP-REFILL-20,"Car Perfume refill, 2 x 10 ml",Refills,1,10.99,10.99,2.1,8.89
SH-00075,2025-01-22,2025-01-01,Shopify,NY,C-00102,CP-BOTTLE-CLASSIC,"Car Perfume bottle, Onyx, Chrome or Gold",Car Perfume,1,7.99,7.99,2.35,5.64
SH-00075,2025-01-22,2025-01-01,Shopify,NY,C-00102,CP-REFILL-20,"Car Perfume refill, 2 x 10 ml",Refills,1,10.99,10.99,2.1,8.89
SH-00075,2025-01-22,2025-01-01,Shopify,NY,C-00102,CP-REFILL-10,"Car Perfume refill, 10 ml",Refills,1,5.99,5.99,1.05,4.94
EB-00054,2025-01-23,2025-01-01,eBay,CA,C-00029,CP-BOTTLE-CLASSIC,"Car Perfume bottle, Onyx, Chrome or Gold",Car Perfume,1,7.99,7.99,2.35,5.64
EB-00055,2025-01-23,2025-01-01,eBay,OR,C-00104,DF-MFK-BR540,Maison Francis Kurkdjian Baccarat Rouge 540 EDP 2.4 oz,Designer fragrance,1,253.55,253.55,219.0,34.55
SH-00076,2025-01-23,2025-01-01,Shopify,MA,C-00101,CP-REFILL-20,"Car Perfume refill, 2 x 10 ml",Refills,1,10.99,10.99,2.1,8.89
SH-00076,2025-01-23,2025-01-01,Shopify,MA,C-00101,CP-REFILL-10,"Car Perfume refill, 10 ml",Refills,2,5.99,11.98,2.1,9.88
SH-00076,2025-01-23,2025-01-01,Shopify,MA,C-00101,CP-REFILL-30,"Car Perfume refill, 3 x 10 ml",Refills,1,14.99,14.99,3.15,11.84
EB-00056,2025-01-24,2025-01-01,eBay,MD,C-00106,DF-CREED-AVENTUS,Creed Aventus EDP 3.3 oz,Designer fragrance,1,287.91,287.91,244.0,43.91
SH-00077,2025-01-24,2025-01-01,Shopify,CA,C-00105,CP-REFILL-20,"Car Perfume refill, 2 x 10 ml",Refills,1,10.99,10.99,2.1,8.89
SH-00077,2025-01-24,2025-01-01,Shopify,CA,C-00105,CP-REFILL-10,"Car Perfume refill, 10 ml",Refills,1,5.99,5.99,1.05,4.94
SH-00078,2025-01-24,2025-01-01,Shopify,TN,C-00107,DF-CREED-AVENTUS,Creed Aventus EDP 3.3 oz,Designer fragrance,1,285.75,285.75,244.0,41.75
SH-00079,2025-01-24,2025-01-01,Shopify,WA,C-00108,CP-REFILL-10,"Car Perfume refill, 10 ml",Refills,2,5.99,11.98,2.1,9.88
SH-00079,2025-01-24,2025-01-01,Shopify,WA,C-00108,CP-REFILL-20,"Car Perfume refill, 2 x 10 ml",Refills,2,10.99,21.98,4.2,17.78
EB-00057,2025-01-25,2025-01-01,eBay,MD,C-00087,DF-VAL-BIR,Valentino Born in Roma Uomo EDT 3.4 oz,Designer fragrance,1,96.18,96.18,76.0,20.18
EB-00058,2025-01-25,2025-01-01,eBay,TX,C-00079,CP-REFILL-10,"Car Perfume refill, 10 ml",Refills,1,5.99,5.99,1.05,4.94
EB-00059,2025-01-25,2025-01-01,eBay,PA,C-00110,CP-BOTTLE-COLOR,"Car Perfume bottle, color collection",Car Perfume,1,9.99,9.99,2.55,7.44
EB-00059,2025-01-25,2025-01-01,eBay,PA,C-00110,CP-REFILL-20,"Car Perfume refill, 2 x 10 ml",Refills,1,10.99,10.99,2.1,8.89
EB-00059,2025-01-25,2025-01-01,eBay,PA,C-00110,CP-REFILL-10,"Car Perfume refill, 10 ml",Refills,1,5.99,5.99,1.05,4.94
SH-00080,2025-01-25,2025-01-01,Shopify,VA,C-00109,DF-YSL-LIBRE,YSL Libre EDP 3.0 oz,Designer fragrance,1,99.5,99.5,82.0,17.5
SH-00081,2025-01-25,2025-01-01,Shopify,CA,C-00029,CP-BOTTLE-COLOR,"Car Perfume bottle, color collection",Car Perfume,1,9.99,9.99,2.55,7.44
SH-00081,2025-01-25,2025-01-01,Shopify,CA,C-00029,CP-REFILL-10,"Car Perfume refill, 10 ml",Refills,1,5.99,5.99,1.05,4.94
SH-00082,2025-01-25,2025-01-01,Shopify,CA,C-00009,CP-BOTTLE-CLASSIC,"Car Perfume bottle, Onyx, Chrome or Gold",Car Perfume,1,7.99,7.99,2.35,5.64
SH-00082,2025-01-25,2025-01-01,Shopify,CA,C-00009,CP-REFILL-20,"Car Perfume refill, 2 x 10 ml",Refills,2,10.99,21.98,4.2,17.78
SH-00083,2025-01-25,2025-01-01,Shopify,VA,C-00034,CP-REFILL-30,"Car Perfume refill, 3 x 10 ml",Refills,1,14.99,14.99,3.15,11.84
SH-00084,2025-01-25,2025-01-01,Shopify,AZ,C-00111,CP-BOTTLE-CLASSIC,"Car Perfume bottle, Onyx, Chrome or Gold",Car Perfume,1,7.99,7.99,2.35,5.64
EB-00060,2025-01-26,2025-01-01,eBay,MD,C-00069,CP-BOTTLE-CLASSIC,"Car Perfume bottle, Onyx, Chrome or Gold",Car Perfume,1,7.99,7.99,2.35,5.64
EB-00060,2025-01-26,2025-01-01,eBay,MD,C-00069,CP-REFILL-20,"Car Perfume refill, 2 x 10 ml",Refills,1,10.99,10.99,2.1,8.89
EB-00061,2025-01-26,2025-01-01,eBay,CA,C-00114,DF-DIOR-SAUVAGE,Dior Sauvage EDT 3.4 oz,Designer fragrance,1,94.89,94.89,76.0,18.89
EB-00062,2025-01-26,2025-01-01,eBay,NC,C-00115,DF-PDM-LAYTON,Parfums de Marly Layton EDP 4.2 oz,Designer fragrance,1,178.18,178.18,148.0,30.18
SH-00085,2025-01-26,2025-01-01,Shopify,MA,C-00112,CP-BOTTLE-COLOR,"Car Perfume bottle, color collection",Car Perfume,1,9.99,9.99,2.55,7.44
SH-00085,2025-01-26,2025-01-01,Shopify,MA,C-00112,CP-REFILL-30,"Car Perfume refill, 3 x 10 ml",Refills,1,14.99,14.99,3.15,11.84
SH-00086,2025-01-26,2025-01-01,Shopify,OR,C-00037,CP-BOTTLE-COLOR,"Car Perfume bottle, color collection",Car Perfume,1,9.99,9.99,2.55,7.44
SH-00086,2025-01-26,2025-01-01,Shopify,OR,C-00037,CP-REFILL-10,"Car Perfume refill, 10 ml",Refills,1,5.99,5.99,1.05,4.94
SH-00087,2025-01-26,2025-01-01,Shopify,MD,C-00069,CP-REFILL-30,"Car Perfume refill, 3 x 10 ml",Refills,1,14.99,14.99,3.15,11.84
SH-00088,2025-01-26,2025-01-01,Shopify,NY,C-00113,DF-VERSACE-EROS,Versace Eros EDT 3.4 oz,Designer fragrance,1,62.56,62.56,46.0,16.56
EB-00063,2025-01-27,2025-01-01,eBay,AZ,C-00116,DF-TF-OMBRE,Tom Ford Ombre Leather EDP 3.4 oz,Designer fragrance,1,115.71,115.71,93.0,22.71
EB-00064,2025-01-27,2025-01-01,eBay,MI,C-00118,CP-BOTTLE-CLASSIC,"Car Perfume bottle, Onyx, Chrome or Gold",Car Perfume,1,7.99,7.99,2.35,5.64
EB-00065,2025-01-27,2025-01-01,eBay,CA,C-00119,DF-MFK-BR540,Maison Francis Kurkdjian Baccarat Rouge 540 EDP 2.4 oz,Designer fragrance,1,255.36,255.36,219.0,36.36
SH-00089,2025-01-27,2025-01-01,Shopify,CA,C-00117,CP-REFILL-10,"Car Perfume refill, 10 ml",Refills,2,5.99,11.98,2.1,9.88
SH-00090,2025-01-27,2025-01-01,Shopify,TX,C-00096,CP-BOTTLE-CLASSIC,"Car Perfume bottle, Onyx, Chrome or Gold",Car Perfume,1,7.99,7.99,2.35,5.64
SH-00091,2025-01-27,2025-01-01,Shopify,TN,C-00052,CP-BOTTLE-COLOR,"Car Perfume bottle, color collection",Car Perfume,1,9.99,9.99,2.55,7.44
EB-00066,2025-01-28,2025-01-01,eBay,CA,C-00120,CP-BOTTLE-CLASSIC,"Car Perfume bottle, Onyx, Chrome or Gold",Car Perfume,1,7.99,7.99,2.35,5.64
EB-00066,2025-01-28,2025-01-01,eBay,CA,C-00120,CP-REFILL-10,"Car Perfume refill, 10 ml",Refills,1,5.99,5.99,1.05,4.94
SH-00092,2025-01-28,2025-01-01,Shopify,CA,C-00121,CP-REFILL-30,"Car Perfume refill, 3 x 10 ml",Refills,1,14.99,14.99,3.15,11.84
SH-00093,2025-01-28,2025-01-01,Shopify,CA,C-00122,CP-BOTTLE-CLASSIC,"Car Perfume bottle, Onyx, Chrome or Gold",Car Perfume,1,7.99,7.99,2.35,5.64
SH-00093,2025-01-28,2025-01-01,Shopify,CA,C-00122,CP-REFILL-20,"Car Perfume refill, 2 x 10 ml",Refills,1,10.99,10.99,2.1,8.89
EB-00067,2025-01-29,2025-01-01,eBay,CA,C-00125,DF-PDM-DELINA,Parfums de Marly Delina EDP 2.5 oz,Designer fragrance,1,201.26,201.26,170.0,31.26
EB-00068,2025-01-29,2025-01-01,eBay,TN,C-00107,DF-JPG-ELIXIR,Jean Paul Gaultier Le Male Elixir 4.2 oz,Designer fragrance,1,114.99,114.99,87.0,27.99
EB-00069,2025-01-29,2025-01-01,eBay,CA,C-00064,CP-BOTTLE-CLASSIC,"Car Perfume bottle, Onyx, Chrome or Gold",Car Perfume,1,7.99,7.99,2.35,5.64
EB-00069,2025-01-29,2025-01-01,eBay,CA,C-00064,CP-REFILL-10,"Car Perfume refill, 10 ml",Refills,1,5.99,5.99,1.05,4.94
SH-00094,2025-01-29,2025-01-01,Shopify,TX,C-00123,CP-BOTTLE-CLASSIC,"Car Perfume bottle, Onyx, Chrome or Gold",Car Perfume,1,7.99,7.99,2.35,5.64
SH-00095,2025-01-29,2025-01-01,Shopify,FL,C-00124,CP-BOTTLE-COLOR,"Car Perfume bottle, color collection",Car Perfume,1,9.99,9.99,2.55,7.44
SH-00095,2025-01-29,2025-01-01,Shopify,FL,C-00124,CP-REFILL-30,"Car Perfume refill, 3 x 10 ml",Refills,1,14.99,14.99,3.15,11.84
SH-00096,2025-01-29,2025-01-01,Shopify,MI,C-00126,CP-BOTTLE-CLASSIC,"Car Perfume bottle, Onyx, Chrome or Gold",Car Perfume,1,7.99,7.99,2.35,5.64
SH-00097,2025-01-29,2025-01-01,Shopify,TX,C-00123,CP-REFILL-20,"Car Perfume refill, 2 x 10 ml",Refills,1,10.99,10.99,2.1,8.89
SH-00097,2025-01-29,2025-01-01,Shopify,TX,C-00123,CP-REFILL-10,"Car Perfume refill, 10 ml",Refills,2,5.99,11.98,2.1,9.88
SH-00098,2025-01-30,2025-01-01,Shopify,FL,C-00127,DF-VERSACE-EROS,Versace Eros EDT 3.4 oz,Designer fragrance,1,58.65,58.65,46.0,12.65
SH-00099,2025-01-30,2025-01-01,Shopify,PA,C-00128,DF-VERSACE-EROS,Versace Eros EDT 3.4 oz,Designer fragrance,1,60.99,60.99,46.0,14.99
SH-00100,2025-01-30,2025-01-01,Shopify,MD,C-00129,CP-BOTTLE-COLOR,"Car Perfume bottle, color collection",Car Perfume,1,9.99,9.99,2.55,7.44
SH-00100,2025-01-30,2025-01-01,Shopify,MD,C-00129,CP-REFILL-30,"Car Perfume refill, 3 x 10 ml",Refills,1,14.99,14.99,3.15,11.84
SH-00101,2025-01-30,2025-01-01,Shopify,CA,C-00130,CP-BOTTLE-CLASSIC,"Car Perfume bottle, Onyx, Chrome or Gold",Car Perfume,1,7.99,7.99,2.35,5.64
SH-00101,2025-01-30,2025-01-01,Shopify,CA,C-00130,CP-REFILL-10,"Car Perfume refill, 10 ml",Refills,1,5.99,5.99,1.05,4.94
SH-00102,2025-01-30,2025-01-01,Shopify,MD,C-00131,CP-REFILL-10,"Car Perfume refill, 10 ml",Refills,1,5.99,5.99,1.05,4.94
EB-00070,2025-01-31,2025-01-01,eBay,TN,C-00135,CP-BOTTLE-COLOR,"Car Perfume bottle, color collection",Car Perfume,1,9.99,9.99,2.55,7.44
SH-00103,2025-01-31,2025-01-01,Shopify,TX,C-00132,CP-BOTTLE-CLASSIC,"Car Perfume bottle, Onyx, Chrome or Gold",Car Perfume,1,7.99,7.99,2.35,5.64
SH-00103,2025-01-31,2025-01-01,Shopify,TX,C-00132,CP-REFILL-10,"Car Perfume refill, 10 ml",Refills,1,5.99,5.99,1.05,4.94
SH-00104,2025-01-31,2025-01-01,Shopify,CA,C-00130,CP-BOTTLE-COLOR,"Car Perfume bottle, color collection",Car Perfume,1,9.99,9.99,2.55,7.44
SH-00104,2025-01-31,2025-01-01,Shopify,CA,C-00130,CP-REFILL-10,"Car Perfume refill, 10 ml",Refills,1,5.99,5.99,1.05,4.94
SH-00104,2025-01-31,2025-01-01,Shopify,CA,C-00130,CP-REFILL-20,"Car Perfume refill, 2 x 10 ml",Refills,1,10.99,10.99,2.1,8.89
SH-00105,2025-01-31,2025-01-01,Shopify,AZ,C-00133,DF-PDM-LAYTON,Parfums de Marly Layton EDP 4.2 oz,Designer fragrance,1,189.48,189.48,148.0,41.48
SH-00106,2025-01-31,2025-01-01,Shopify,GA,C-00134,CP-BOTTLE-CLASSIC,"Car Perfume bottle, Onyx, Chrome or Gold",Car Perfume,1,7.99,7.99,2.35,5.64
SH-00106,2025-01-31,2025-01-01,Shopify,GA,C-00134,CP-REFILL-20,"Car Perfume refill, 2 x 10 ml",Refills,1,10.99,10.99,2.1,8.89
SH-00106,2025-01-31,2025-01-01,Shopify,GA,C-00134,CP-REFILL-10,"Car Perfume refill, 10 ml",Refills,2,5.99,11.98,2.1,9.88
SH-00107,2025-01-31,2025-01-01,Shopify,AZ,C-00136,CP-BOTTLE-CLASSIC,"Car Perfume bottle, Onyx, Chrome or Gold",Car Perfume,1,7.99,7.99,2.35,5.64
SH-00107,2025-01-31,2025-01-01,Shopify,AZ,C-00136,CP-REFILL-10,"Car Perfume refill, 10 ml",Refills,1,5.99,5.99,1.05,4.94
SH-00108,2025-01-31,2025-01-01,Shopify,TN,C-00052,CP-BOTTLE-CLASSIC,"Car Perfume bottle, Onyx, Chrome or Gold",Car Perfume,1,7.99,7.99,2.35,5.64
SH-00109,2025-01-31,2025-01-01,Shopify,TX,C-00132,CP-BOTTLE-COLOR,"Car Perfume bottle, color collection",Car Perfume,1,9.99,9.99,2.55,7.44
SH-00110,2025-01-31,2025-01-01,Shopify,CA,C-00098,CP-REFILL-20,"Car Perfume refill, 2 x 10 ml",Refills,1,10.99,10.99,2.1,8.89
SH-00110,2025-01-31,2025-01-01,Shopify,CA,C-00098,CP-REFILL-30,"Car Perfume refill, 3 x 10 ml",Refills,1,14.99,14.99,3.15,11.84
SH-00111,2025-01-31,2025-01-01,Shopify,WA,C-00137,CP-REFILL-30,"Car Perfume refill, 3 x 10 ml",Refills,1,14.99,14.99,3.15,11.84
SH-00112,2025-01-31,2025-01-01,Shopify,NY,C-00138,DF-TF-OMBRE,Tom Ford Ombre Leather EDP 3.4 oz,Designer fragrance,1,120.88,120.88,93.0,27.88
EB-00071,2025-02-01,2025-02-01,eBay,CA,C-00143,DF-DIOR-SAUVAGE,Dior Sauvage EDT 3.4 oz,Designer fragrance,1,99.46,99.46,76.0,23.46
SH-00113,2025-02-01,2025-02-01,Shopify,FL,C-00139,CP-BOTTLE-CLASSIC,"Car Perfume bottle, Onyx, Chrome or Gold",Car Perfume,1,7.99,7.99,2.35,5.64
SH-00113,2025-02-01,2025-02-01,Shopify,FL,C-00139,CP-REFILL-10,"Car Perfume refill, 10 ml",Refills,1,5.99,5.99,1.05,4.94
SH-00114,2025-02-01,2025-02-01,Shopify,MD,C-00140,CP-BOTTLE-CLASSIC,"Car Perfume bottle, Onyx, Chrome or Gold",Car Perfume,1,7.99,7.99,2.35,5.64
SH-00114,2025-02-01,2025-02-01,Shopify,MD,C-00140,CP-REFILL-10,"Car Perfume refill, 10 ml",Refills,2,5.99,11.98,2.1,9.88
SH-00115,2025-02-01,2025-02-01,Shopify,CA,C-00141,CP-BOTTLE-CLASSIC,"Car Perfume bottle, Onyx, Chrome or Gold",Car Perfume,1,7.99,7.99,2.35,5.64
SH-00116,2025-02-01,2025-02-01,Shopify,OH,C-00142,CP-BOTTLE-CLASSIC,"Car Perfume bottle, Onyx, Chrome or Gold",Car Perfume,1,7.99,7.99,2.35,5.64
SH-00117,2025-02-01,2025-02-01,Shopify,MI,C-00144,DF-VERSACE-EROS,Versace Eros EDT 3.4 oz,Designer fragrance,1,60.24,60.24,46.0,14.24
SH-00118,2025-02-01,2025-02-01,Shopify,NY,C-00145,CP-BOTTLE-COLOR,"Car Perfume bottle, color collection",Car Perfume,1,9.99,9.99,2.55,7.44
SH-00118,2025-02-01,2025-02-01,Shopify,NY,C-00145,CP-REFILL-10,"Car Perfume refill, 10 ml",Refills,2,5.99,11.98,2.1,9.88
SH-00119,2025-02-01,2025-02-01,Shopify,CA,C-00146,DF-VERSACE-EROS,Versace Eros EDT 3.4 oz,Designer fragrance,1,58.89,58.89,46.0,12.89
SH-00120,2025-02-01,2025-02-01,Shopify,FL,C-00147,DF-VERSACE-EROS,Versace Eros EDT 3.4 oz,Designer fragrance,1,62.15,62.15,46.0,16.15
SH-00120,2025-02-01,2025-02-01,Shopify,FL,C-00147,DF-INITIO-OUD,Initio Oud for Greatness EDP 3.0 oz,Designer fragrance,1,199.9,199.9,169.0,30.9
EB-00072,2025-02-02,2025-02-01,eBay,TX,C-00149,DF-CREED-AVENTUS,Creed Aventus EDP 3.3 oz,Designer fragrance,1,303.73,303.73,244.0,59.73
EB-00073,2025-02-02,2025-02-01,eBay,MI,C-00126,CP-BOTTLE-CLASSIC,"Car Perfume bottle, Onyx, Chrome or Gold",Car Perfume,1,7.99,7.99,2.35,5.64
EB-00073,2025-02-02,2025-02-01,eBay,MI,C-00126,CP-REFILL-10,"Car Perfume refill, 10 ml",Refills,1,5.99,5.99,1.05,4.94
EB-00074,2025-02-02,2025-02-01,eBay,TX,C-00154,DF-CREED-AVENTUS,Creed Aventus EDP 3.3 oz,Designer fragrance,1,293.16,293.16,244.0,49.16
SH-00121,2025-02-02,2025-02-01,Shopify,CA,C-00148,DF-VERSACE-EROS,Versace Eros EDT 3.4 oz,Designer fragrance,1,58.82,58.82,46.0,12.82
SH-00122,2025-02-02,2025-02-01,Shopify,TN,C-00150,CP-REFILL-20,"Car Perfume refill, 2 x 10 ml",Refills,1,10.99,10.99,2.1,8.89
SH-00123,2025-02-02,2025-02-01,Shopify,CA,C-00151,CP-BOTTLE-CLASSIC,"Car Perfume bottle, Onyx, Chrome or Gold",Car Perfume,1,7.99,7.99,2.35,5.64
SH-00123,2025-02-02,2025-02-01,Shopify,CA,C-00151,CP-REFILL-20,"Car Perfume refill, 2 x 10 ml",Refills,1,10.99,10.99,2.1,8.89
SH-00123,2025-02-02,2025-02-01,Shopify,CA,C-00151,CP-REFILL-10,"Car Perfume refill, 10 ml",Refills,1,5.99,5.99,1.05,4.94
SH-00124,2025-02-02,2025-02-01,Shopify,NY,C-00152,DF-VERSACE-EROS,Versace Eros EDT 3.4 oz,Designer fragrance,1,59.04,59.04,46.0,13.04
SH-00125,2025-02-02,2025-02-01,Shopify,CA,C-00117,CP-BOTTLE-COLOR,"Car Perfume bottle, color collection",Car Perfume,1,9.99,9.99,2.55,7.44
SH-00126,2025-02-02,2025-02-01,Shopify,OH,C-00142,CP-BOTTLE-CLASSIC,"Car Perfume bottle, Onyx, Chrome or Gold",Car Perfume,1,7.99,7.99,2.35,5.64
SH-00126,2025-02-02,2025-02-01,Shopify,OH,C-00142,CP-REFILL-10,"Car Perfume refill, 10 ml",Refills,1,5.99,5.99,1.05,4.94
SH-00127,2025-02-02,2025-02-01,Shopify,OH,C-00142,CP-BOTTLE-COLOR,"Car Perfume bottle, color collection",Car Perfume,1,9.99,9.99,2.55,7.44
SH-00127,2025-02-02,2025-02-01,Shopify,OH,C-00142,CP-REFILL-30,"Car Perfume refill, 3 x 10 ml",Refills,1,14.99,14.99,3.15,11.84
SH-00128,2025-02-02,2025-02-01,Shopify,MA,C-00153,CP-BOTTLE-COLOR,"Car Perfume bottle, color collection",Car Perfume,1,9.99,9.99,2.55,7.44
SH-00129,2025-02-02,2025-02-01,Shopify,CA,C-00155,DF-YSL-LIBRE,YSL Libre EDP 3.0 oz,Designer fragrance,1,107.95,107.95,82.0,25.95
EB-00075,2025-02-03,2025-02-01,eBay,IL,C-00156,DF-CREED-AVENTUS,Creed Aventus EDP 3.3 oz,Designer fragrance,1,294.34,294.34,244.0,50.34
EB-00076,2025-02-03,2025-02-01,eBay,TX,C-00159,DF-VAL-BIR,Valentino Born in Roma Uomo EDT 3.4 oz,Designer fragrance,1,96.89,96.89,76.0,20.89
SH-00130,2025-02-03,2025-02-01,Shopify,MA,C-00153,CP-BOTTLE-COLOR,"Car Perfume bottle, color collection",Car Perfume,1,9.99,9.99,2.55,7.44
SH-00130,2025-02-03,2025-02-01,Shopify,MA,C-00153,CP-REFILL-30,"Car Perfume refill, 3 x 10 ml",Refills,1,14.99,14.99,3.15,11.84
SH-00131,2025-02-03,2025-02-01,Shopify,FL,C-00157,CP-REFILL-10,"Car Perfume refill, 10 ml",Refills,1,5.99,5.99,1.05,4.94
SH-00131,2025-02-03,2025-02-01,Shopify,FL,C-00157,CP-REFILL-30,"Car Perfume refill, 3 x 10 ml",Refills,1,14.99,14.99,3.15,11.84
SH-00132,2025-02-03,2025-02-01,Shopify,WA,C-00083,CP-REFILL-30,"Car Perfume refill, 3 x 10 ml",Refills,1,14.99,14.99,3.15,11.84
SH-00133,2025-02-03,2025-02-01,Shopify,MD,C-00158,CP-BOTTLE-COLOR,"Car Perfume bottle, color collection",Car Perfume,1,9.99,9.99,2.55,7.44
SH-00133,2025-02-03,2025-02-01,Shopify,MD,C-00158,CP-REFILL-30,"Car Perfume refill, 3 x 10 ml",Refills,1,14.99,14.99,3.15,11.84
SH-00134,2025-02-03,2025-02-01,Shopify,WA,C-00160,DF-CREED-AVENTUS,Creed Aventus EDP 3.3 oz,Designer fragrance,1,303.55,303.55,244.0,59.55
SH-00135,2025-02-03,2025-02-01,Shopify,PA,C-00161,DF-YSL-LIBRE,YSL Libre EDP 3.0 oz,Designer fragrance,1,101.38,101.38,82.0,19.38
SH-00136,2025-02-03,2025-02-01,Shopify,AZ,C-00162,CP-BOTTLE-COLOR,"Car Perfume bottle, color collection",Car Perfume,1,9.99,9.99,2.55,7.44
EB-00077,2025-02-04,2025-02-01,eBay,CA,C-00167,DF-PDM-LAYTON,Parfums de Marly Layton EDP 4.2 oz,Designer fragrance,1,186.14,186.14,148.0,38.14
SH-00137,2025-02-04,2025-02-01,Shopify,FL,C-00157,CP-REFILL-10,"Car Perfume refill, 10 ml",Refills,2,5.99,11.98,2.1,9.88
SH-00138,2025-02-04,2025-02-01,Shopify,FL,C-00157,CP-REFILL-20,"Car Perfume refill, 2 x 10 ml",Refills,2,10.99,21.98,4.2,17.78
SH-00138,2025-02-04,2025-02-01,Shopify,FL,C-00157,CP-REFILL-30,"Car Perfume refill, 3 x 10 ml",Refills,1,14.99,14.99,3.15,11.84
SH-00139,2025-02-04,2025-02-01,Shopify,FL,C-00163,DF-PDM-LAYTON,Parfums de Marly Layton EDP 4.2 oz,Designer fragrance,1,189.34,189.34,148.0,41.34
SH-00139,2025-02-04,2025-02-01,Shopify,FL,C-00163,DF-PDM-DELINA,Parfums de Marly Delina EDP 2.5 oz,Designer fragrance,1,214.11,214.11,170.0,44.11
SH-00140,2025-02-04,2025-02-01,Shopify,TN,C-00164,CP-BOTTLE-COLOR,"Car Perfume bottle, color collection",Car Perfume,1,9.99,9.99,2.55,7.44
SH-00140,2025-02-04,2025-02-01,Shopify,TN,C-00164,CP-REFILL-20,"Car Perfume refill, 2 x 10 ml",Refills,1,10.99,10.99,2.1,8.89
SH-00141,2025-02-04,2025-02-01,Shopify,CA,C-00165,CP-BOTTLE-COLOR,"Car Perfume bottle, color collection",Car Perfume,1,9.99,9.99,2.55,7.44
SH-00141,2025-02-04,2025-02-01,Shopify,CA,C-00165,CP-REFILL-30,"Car Perfume refill, 3 x 10 ml",Refills,1,14.99,14.99,3.15,11.84
SH-00142,2025-02-04,2025-02-01,Shopify,CA,C-00166,CP-BOTTLE-COLOR,"Car Perfume bottle, color collection",Car Perfume,1,9.99,9.99,2.55,7.44
SH-00143,2025-02-04,2025-02-01,Shopify,TX,C-00132,CP-REFILL-30,"Car Perfume refill, 3 x 10 ml",Refills,1,14.99,14.99,3.15,11.84
SH-00143,2025-02-04,2025-02-01,Shopify,TX,C-00132,CP-REFILL-10,"Car Perfume refill, 10 ml",Refills,1,5.99,5.99,1.05,4.94
SH-00144,2025-02-04,2025-02-01,Shopify,AZ,C-00136,CP-REFILL-20,"Car Perfume refill, 2 x 10 ml",Refills,3,10.99,32.97,6.3,26.67
SH-00144,2025-02-04,2025-02-01,Shopify,AZ,C-00136,CP-REFILL-30,"Car Perfume refill, 3 x 10 ml",Refills,1,14.99,14.99,3.15,11.84
EB-00078,2025-02-05,2025-02-01,eBay,CA,C-00168,DF-PDM-LAYTON,Parfums de Marly Layton EDP 4.2 oz,Designer fragrance,1,189.28,189.28,148.0,41.28
EB-00079,2025-02-05,2025-02-01,eBay,NY,C-00169,CP-BOTTLE-CLASSIC,"Car Perfume bottle, Onyx, Chrome or Gold",Car Perfume,1,7.99,7.99,2.35,5.64
EB-00079,2025-02-05,2025-02-01,eBay,NY,C-00169,CP-REFILL-10,"Car Perfume refill, 10 ml",Refills,1,5.99,5.99,1.05,4.94
EB-00080,2025-02-05,2025-02-01,eBay,TX,C-00132,CP-BOTTLE-COLOR,"Car Perfume bottle, color collection",Car Perfume,1,9.99,9.99,2.55,7.44
EB-00080,2025-02-05,2025-02-01,eBay,TX,C-00132,CP-REFILL-30,"Car Perfume refill, 3 x 10 ml",Refills,2,14.99,29.98,6.3,23.68
EB-00081,2025-02-05,2025-02-01,eBay,GA,C-00170,DF-PDM-LAYTON,Parfums de Marly Layton EDP 4.2 oz,Designer fragrance,1,189.4,189.4,148.0,41.4
EB-00082,2025-02-05,2025-02-01,eBay,NV,C-00174,CP-BOTTLE-COLOR,"Car Perfume bottle, color collection",Car Perfume,1,9.99,9.99,2.55,7.44
EB-00083,2025-02-05,2025-02-01,eBay,FL,C-00080,CP-BOTTLE-CLASSIC,"Car Perfume bottle, Onyx, Chrome or Gold",Car Perfume,1,7.99,7.99,2.35,5.64
EB-00083,2025-02-05,2025-02-01,eBay,FL,C-00080,CP-REFILL-10,"Car Perfume refill, 10 ml",Refills,1,5.99,5.99,1.05,4.94
EB-00084,2025-02-05,2025-02-01,eBay,NY,C-00175,CP-REFILL-30,"Car Perfume refill, 3 x 10 ml",Refills,1,14.99,14.99,3.15,11.84
SH-00145,2025-02-05,2025-02-01,Shopify,CA,C-00171,CP-REFILL-30,"Car Perfume refill, 3 x 10 ml",Refills,1,14.99,14.99,3.15,11.84
SH-00146,2025-02-05,2025-02-01,Shopify,MA,C-00172,CP-BOTTLE-CLASSIC,"Car Perfume bottle, Onyx, Chrome or Gold",Car Perfume,1,7.99,7.99,2.35,5.64
SH-00146,2025-02-05,2025-02-01,Shopify,MA,C-00172,CP-REFILL-20,"Car Perfume refill, 2 x 10 ml",Refills,1,10.99,10.99,2.1,8.89
SH-00147,2025-02-05,2025-02-01,Shopify,OH,C-00173,CP-REFILL-10,"Car Perfume refill, 10 ml",Refills,1,5.99,5.99,1.05,4.94
SH-00148,2025-02-05,2025-02-01,Shopify,NV,C-00176,DF-VERSACE-EROS,Versace Eros EDT 3.4 oz,Designer fragrance,1,62.17,62.17,46.0,16.17
SH-00149,2025-02-05,2025-02-01,Shopify,CO,C-00177,CP-BOTTLE-CLASSIC,"Car Perfume bottle, Onyx, Chrome or Gold",Car Perfume,1,7.99,7.99,2.35,5.64
SH-00150,2025-02-05,2025-02-01,Shopify,CA,C-00045,CP-REFILL-10,"Car Perfume refill, 10 ml",Refills,1,5.99,5.99,1.05,4.94
SH-00150,2025-02-05,2025-02-01,Shopify,CA,C-00045,CP-REFILL-20,"Car Perfume refill, 2 x 10 ml",Refills,1,10.99,10.99,2.1,8.89
EB-00085,2025-02-06,2025-02-01,eBay,FL,C-00163,DF-YSL-LIBRE,YSL Libre EDP 3.0 oz,Designer fragrance,1,102.59,102.59,82.0,20.59
EB-00086,2025-02-06,2025-02-01,eBay,CA,C-00183,DF-JPG-ELIXIR,Jean Paul Gaultier Le Male Elixir 4.2 oz,Designer fragrance,1,113.36,113.36,87.0,26.36
EB-00087,2025-02-06,2025-02-01,eBay,FL,C-00080,CP-BOTTLE-CLASSIC,"Car Perfume bottle, Onyx, Chrome or Gold",Car Perfume,1,7.99,7.99,2.35,5.64
EB-00087,2025-02-06,2025-02-01,eBay,FL,C-00080,CP-REFILL-10,"Car Perfume refill, 10 ml",Refills,1,5.99,5.99,1.05,4.94
EB-00087,2025-02-06,2025-02-01,eBay,FL,C-00080,CP-REFILL-20,"Car Perfume refill, 2 x 10 ml",Refills,1,10.99,10.99,2.1,8.89
EB-00088,2025-02-06,2025-02-01,eBay,CA,C-00184,DF-INITIO-OUD,Initio Oud for Greatness EDP 3.0 oz,Designer fragrance,1,203.44,203.44,169.0,34.44
EB-00089,2025-02-06,2025-02-01,eBay,TX,C-00186,DF-JPG-ELIXIR,Jean Paul Gaultier Le Male Elixir 4.2 oz,Designer fragrance,1,114.39,114.39,87.0,27.39
SH-00151,2025-02-06,2025-02-01,Shopify,FL,C-00178,CP-REFILL-20,"Car Perfume refill, 2 x 10 ml",Refills,1,10.99,10.99,2.1,8.89
SH-00152,2025-02-06,2025-02-01,Shopify,TX,C-00179,DF-TF-OMBRE,Tom Ford Ombre Leather EDP 3.4 oz,Designer fragrance,1,116.7,116.7,93.0,23.7
SH-00153,2025-02-06,2025-02-01,Shopify,CA,C-00045,CP-REFILL-20,"Car Perfume refill, 2 x 10 ml",Refills,2,10.99,21.98,4.2,17.78
SH-00153,2025-02-06,2025-02-01,Shopify,CA,C-00045,CP-REFILL-10,"Car Perfume refill, 10 ml",Refills,1,5.99,5.99,1.05,4.94
SH-00154,2025-02-06,2025-02-01,Shopify,FL,C-00180,CP-REFILL-20,"Car Perfume refill, 2 x 10 ml",Refills,1,10.99,10.99,2.1,8.89
SH-00154,2025-02-06,2025-02-01,Shopify,FL,C-00180,CP-REFILL-10,"Car Perfume refill, 10 ml",Refills,1,5.99,5.99,1.05,4.94
SH-00155,2025-02-06,2025-02-01,Shopify,CA,C-00181,DF-PDM-LAYTON,Parfums de Marly Layton EDP 4.2 oz,Designer fragrance,1,184.27,184.27,148.0,36.27
SH-00156,2025-02-06,2025-02-01,Shopify,CA,C-00182,CP-REFILL-20,"Car Perfume refill, 2 x 10 ml",Refills,2,10.99,21.98,4.2,17.78
SH-00157,2025-02-06,2025-02-01,Shopify,CA,C-00166,CP-BOTTLE-CLASSIC,"Car Perfume bottle, Onyx, Chrome or Gold",Car Perfume,1,7.99,7.99,2.35,5.64
SH-00157,2025-02-06,2025-02-01,Shopify,CA,C-00166,CP-REFILL-10,"Car Perfume refill, 10 ml",Refills,2,5.99,11.98,2.1,9.88
SH-00158,2025-02-06,2025-02-01,Shopify,TX,C-00185,CP-BOTTLE-CLASSIC,"Car Perfume bottle, Onyx, Chrome or Gold",Car Perfume,1,7.99,7.99,2.35,5.64
SH-00158,2025-02-06,2025-02-01,Shopify,TX,C-00185,CP-REFILL-10,"Car Perfume refill, 10 ml",Refills,2,5.99,11.98,2.1,9.88
SH-00159,2025-02-06,2025-02-01,Shopify,FL,C-00139,CP-BOTTLE-CLASSIC,"Car Perfume bottle, Onyx, Chrome or Gold",Car Perfume,1,7.99,7.99,2.35,5.64
SH-00159,2025-02-06,2025-02-01,Shopify,FL,C-00139,CP-REFILL-20,"Car Perfume refill, 2 x 10 ml",Refills,1,10.99,10.99,2.1,8.89
EB-00090,2025-02-07,2025-02-01,eBay,CA,C-00187,CP-BOTTLE-COLOR,"Car Perfume bottle, color collection",Car Perfume,1,9.99,9.99,2.55,7.44
EB-00090,2025-02-07,2025-02-01,eBay,CA,C-00187,CP-REFILL-20,"Car Perfume refill, 2 x 10 ml",Refills,1,10.99,10.99,2.1,8.89
EB-00091,2025-02-07,2025-02-01,eBay,CA,C-00188,CP-REFILL-30,"Car Perfume refill, 3 x 10 ml",Refills,1,14.99,14.99,3.15,11.84
EB-00091,2025-02-07,2025-02-01,eBay,CA,C-00188,CP-REFILL-10,"Car Perfume refill, 10 ml",Refills,1,5.99,5.99,1.05,4.94
SH-00160,2025-02-07,2025-02-01,Shopify,CA,C-00189,CP-REFILL-10,"Car Perfume refill, 10 ml",Refills,1,5.99,5.99,1.05,4.94
SH-00161,2025-02-07,2025-02-01,Shopify,NY,C-00190,CP-REFILL-20,"Car Perfume refill, 2 x 10 ml",Refills,2,10.99,21.98,4.2,17.78
SH-00161,2025-02-07,2025-02-01,Shopify,NY,C-00190,CP-REFILL-30,"Car Perfume refill, 3 x 10 ml",Refills,1,14.99,14.99,3.15,11.84
SH-00161,2025-02-07,2025-02-01,Shopify,NY,C-00190,CP-REFILL-10,"Car Perfume refill, 10 ml",Refills,1,5.99,5.99,1.05,4.94
SH-00162,2025-02-07,2025-02-01,Shopify,NY,C-00145,CP-BOTTLE-COLOR,"Car Perfume bottle, color collection",Car Perfume,1,9.99,9.99,2.55,7.44
EB-00092,2025-02-08,2025-02-01,eBay,WA,C-00192,DF-VERSACE-EROS,Versace Eros EDT 3.4 oz,Designer fragrance,1,62.71,62.71,46.0,16.71
EB-00093,2025-02-08,2025-02-01,eBay,TN,C-00193,DF-VERSACE-EROS,Versace Eros EDT 3.4 oz,Designer fragrance,1,63.13,63.13,46.0,17.13
EB-00094,2025-02-08,2025-02-01,eBay,CA,C-00196,DF-DIOR-SAUVAGE,Dior Sauvage EDT 3.4 oz,Designer fragrance,1,94.85,94.85,76.0,18.85
SH-00163,2025-02-08,2025-02-01,Shopify,TX,C-00191,CP-BOTTLE-CLASSIC,"Car Perfume bottle, Onyx, Chrome or Gold",Car Perfume,1,7.99,7.99,2.35,5.64
SH-00163,2025-02-08,2025-02-01,Shopify,TX,C-00191,CP-REFILL-10,"Car Perfume refill, 10 ml",Refills,1,5.99,5.99,1.05,4.94
SH-00163,2025-02-08,2025-02-01,Shopify,TX,C-00191,CP-REFILL-20,"Car Perfume refill, 2 x 10 ml",Refills,1,10.99,10.99,2.1,8.89
SH-00164,2025-02-08,2025-02-01,Shopify,NY,C-00190,CP-REFILL-20,"Car Perfume refill, 2 x 10 ml",Refills,1,10.99,10.99,2.1,8.89
SH-00165,2025-02-08,2025-02-01,Shopify,OR,C-00037,CP-REFILL-10,"Car Perfume refill, 10 ml",Refills,1,5.99,5.99,1.05,4.94
SH-00166,2025-02-08,2025-02-01,Shopify,CA,C-00194,DF-MFK-BR540,Maison Francis Kurkdjian Baccarat Rouge 540 EDP 2.4 oz,Designer fragrance,1,264.38,264.38,219.0,45.38
SH-00167,2025-02-08,2025-02-01,Shopify,FL,C-00139,CP-BOTTLE-COLOR,"Car Perfume bottle, color collection",Car Perfume,1,9.99,9.99,2.55,7.44
SH-00168,2025-02-08,2025-02-01,Shopify,CA,C-00195,DF-VERSACE-EROS,Versace Eros EDT 3.4 oz,Designer fragrance,1,58.41,58.41,46.0,12.41
SH-00169,2025-02-08,2025-02-01,Shopify,MD,C-00197,CP-REFILL-10,"Car Perfume refill, 10 ml",Refills,1,5.99,5.99,1.05,4.94
SH-00169,2025-02-08,2025-02-01,Shopify,MD,C-00197,CP-REFILL-20,"Car Perfume refill, 2 x 10 ml",Refills,1,10.99,10.99,2.1,8.89
EB-00095,2025-02-09,2025-02-01,eBay,NY,C-00201,DF-VERSACE-EROS,Versace Eros EDT 3.4 oz,Designer fragrance,1,59.87,59.87,46.0,13.87
EB-00095,2025-02-09,2025-02-01,eBay,NY,C-00201,DF-PDM-LAYTON,Parfums de Marly Layton EDP 4.2 oz,Designer fragrance,1,181.61,181.61,148.0,33.61
EB-00096,2025-02-09,2025-02-01,eBay,WA,C-00202,DF-XJ-ERBA,Xerjoff Erba Pura EDP 3.4 oz,Designer fragrance,1,163.27,163.27,133.0,30.27
EB-00097,2025-02-09,2025-02-01,eBay,TX,C-00204,DF-XJ-ERBA,Xerjoff Erba Pura EDP 3.4 oz,Designer fragrance,1,169.47,169.47,133.0,36.47
EB-00098,2025-02-09,2025-02-01,eBay,TN,C-00205,DF-YSL-LIBRE,YSL Libre EDP 3.0 oz,Designer fragrance,1,104.26,104.26,82.0,22.26
EB-00099,2025-02-09,2025-02-01,eBay,AZ,C-00206,DF-VERSACE-EROS,Versace Eros EDT 3.4 oz,Designer fragrance,1,60.55,60.55,46.0,14.55
EB-00100,2025-02-09,2025-02-01,eBay,CA,C-00207,DF-PDM-LAYTON,Parfums de Marly Layton EDP 4.2 oz,Designer fragrance,1,190.48,190.48,148.0,42.48
EB-00101,2025-02-09,2025-02-01,eBay,AZ,C-00209,DF-TF-OMBRE,Tom Ford Ombre Leather EDP 3.4 oz,Designer fragrance,1,118.19,118.19,93.0,25.19
EB-00102,2025-02-09,2025-02-01,eBay,FL,C-00211,CP-REFILL-30,"Car Perfume refill, 3 x 10 ml",Refills,1,14.99,14.99,3.15,11.84
EB-00102,2025-02-09,2025-02-01,eBay,FL,C-00211,CP-REFILL-20,"Car Perfume refill, 2 x 10 ml",Refills,1,10.99,10.99,2.1,8.89
SH-00170,2025-02-09,2025-02-01,Shopify,NC,C-00198,CP-BOTTLE-CLASSIC,"Car Perfume bottle, Onyx, Chrome or Gold",Car Perfume,1,7.99,7.99,2.35,5.64
SH-00170,2025-02-09,2025-02-01,Shopify,NC,C-00198,CP-REFILL-30,"Car Perfume refill, 3 x 10 ml",Refills,1,14.99,14.99,3.15,11.84
SH-00171,2025-02-09,2025-02-01,Shopify,IL,C-00199,DF-MFK-BR540,Maison Francis Kurkdjian Baccarat Rouge 540 EDP 2.4 oz,Designer fragrance,1,267.27,267.27,219.0,48.27
SH-00172,2025-02-09,2025-02-01,Shopify,VA,C-00200,CP-BOTTLE-CLASSIC,"Car Perfume bottle, Onyx, Chrome or Gold",Car Perfume,1,7.99,7.99,2.35,5.64
SH-00172,2025-02-09,2025-02-01,Shopify,VA,C-00200,CP-REFILL-20,"Car Perfume refill, 2 x 10 ml",Refills,1,10.99,10.99,2.1,8.89
SH-00173,2025-02-09,2025-02-01,Shopify,CA,C-00203,CP-BOTTLE-COLOR,"Car Perfume bottle, color collection",Car Perfume,1,9.99,9.99,2.55,7.44
SH-00174,2025-02-09,2025-02-01,Shopify,CA,C-00208,CP-BOTTLE-CLASSIC,"Car Perfume bottle, Onyx, Chrome or Gold",Car Perfume,1,7.99,7.99,2.35,5.64
SH-00175,2025-02-09,2025-02-01,Shopify,NJ,C-00210,CP-BOTTLE-CLASSIC,"Car Perfume bottle, Onyx, Chrome or Gold",Car Perfume,1,7.99,7.99,2.35,5.64
SH-00176,2025-02-09,2025-02-01,Shopify,CA,C-00212,CP-BOTTLE-CLASSIC,"Car Perfume bottle, Onyx, Chrome or Gold",Car Perfume,1,7.99,7.99,2.35,5.64
SH-00176,2025-02-09,2025-02-01,Shopify,CA,C-00212,CP-REFILL-10,"Car Perfume refill, 10 ml",Refills,1,5.99,5.99,1.05,4.94
EB-00103,2025-02-10,2025-02-01,eBay,CA,C-00214,CP-REFILL-20,"Car Perfume refill, 2 x 10 ml",Refills,1,10.99,10.99,2.1,8.89
EB-00103,2025-02-10,2025-02-01,eBay,CA,C-00214,CP-REFILL-30,"Car Perfume refill, 3 x 10 ml",Refills,1,14.99,14.99,3.15,11.84
EB-00103,2025-02-10,2025-02-01,eBay,CA,C-00214,CP-REFILL-10,"Car Perfume refill, 10 ml",Refills,2,5.99,11.98,2.1,9.88
EB-00104,2025-02-10,2025-02-01,eBay,CA,C-00217,DF-CREED-AVENTUS,Creed Aventus EDP 3.3 oz,Designer fragrance,1,289.93,289.93,244.0,45.93
EB-00105,2025-02-10,2025-02-01,eBay,TX,C-00218,DF-DIOR-SAUVAGE,Dior Sauvage EDT 3.4 oz,Designer fragrance,1,98.93,98.93,76.0,22.93
SH-00177,2025-02-10,2025-02-01,Shopify,CA,C-00213,CP-REFILL-20,"Car Perfume refill, 2 x 10 ml",Refills,2,10.99,21.98,4.2,17.78
SH-00177,2025-02-10,2025-02-01,Shopify,CA,C-00213,CP-REFILL-30,"Car Perfume refill, 3 x 10 ml",Refills,1,14.99,14.99,3.15,11.84
SH-00177,2025-02-10,2025-02-01,Shopify,CA,C-00213,CP-REFILL-10,"Car Perfume refill, 10 ml",Refills,1,5.99,5.99,1.05,4.94
SH-00178,2025-02-10,2025-02-01,Shopify,OH,C-00215,CP-REFILL-10,"Car Perfume refill, 10 ml",Refills,2,5.99,11.98,2.1,9.88
SH-00178,2025-02-10,2025-02-01,Shopify,OH,C-00215,CP-REFILL-30,"Car Perfume refill, 3 x 10 ml",Refills,1,14.99,14.99,3.15,11.84
SH-00179,2025-02-10,2025-02-01,Shopify,FL,C-00216,CP-BOTTLE-COLOR,"Car Perfume bottle, color collection",Car Perfume,1,9.99,9.99,2.55,7.44
SH-00180,2025-02-10,2025-02-01,Shopify,OH,C-00219,DF-YSL-LIBRE,YSL Libre EDP 3.0 oz,Designer fragrance,1,107.7,107.7,82.0,25.7
EB-00106,2025-02-11,2025-02-01,eBay,CA,C-00220,CP-BOTTLE-CLASSIC,"Car Perfume bottle, Onyx, Chrome or Gold",Car Perfume,1,7.99,7.99,2.35,5.64
SH-00181,2025-02-11,2025-02-01,Shopify,OH,C-00221,CP-BOTTLE-COLOR,"Car Perfume bottle, color collection",Car Perfume,1,9.99,9.99,2.55,7.44
SH-00181,2025-02-11,2025-02-01,Shopify,OH,C-00221,CP-REFILL-30,"Car Perfume refill, 3 x 10 ml",Refills,1,14.99,14.99,3.15,11.84
SH-00181,2025-02-11,2025-02-01,Shopify,OH,C-00221,CP-REFILL-10,"Car Perfume refill, 10 ml",Refills,1,5.99,5.99,1.05,4.94
SH-00182,2025-02-11,2025-02-01,Shopify,NY,C-00222,DF-YSL-LIBRE,YSL Libre EDP 3.0 oz,Designer fragrance,1,107.63,107.63,82.0,25.63
SH-00183,2025-02-11,2025-02-01,Shopify,CA,C-00223,CP-REFILL-20,"Car Perfume refill, 2 x 10 ml",Refills,1,10.99,10.99,2.1,8.89
SH-00184,2025-02-11,2025-02-01,Shopify,FL,C-00224,CP-BOTTLE-COLOR,"Car Perfume bottle, color collection",Car Perfume,1,9.99,9.99,2.55,7.44
SH-00184,2025-02-11,2025-02-01,Shopify,FL,C-00224,CP-REFILL-10,"Car Perfume refill, 10 ml",Refills,1,5.99,5.99,1.05,4.94
SH-00185,2025-02-11,2025-02-01,Shopify,OH,C-00225,DF-MFK-BR540,Maison Francis Kurkdjian Baccarat Rouge 540 EDP 2.4 oz,Designer fragrance,1,251.41,251.41,219.0,32.41
EB-00107,2025-02-12,2025-02-01,eBay,MA,C-00227,CP-BOTTLE-COLOR,"Car Perfume bottle, color collection",Car Perfume,1,9.99,9.99,2.55,7.44
EB-00107,2025-02-12,2025-02-01,eBay,MA,C-00227,CP-REFILL-20,"Car Perfume refill, 2 x 10 ml",Refills,1,10.99,10.99,2.1,8.89
EB-00107,2025-02-12,2025-02-01,eBay,MA,C-00227,CP-REFILL-10,"Car Perfume refill, 10 ml",Refills,1,5.99,5.99,1.05,4.94
EB-00108,2025-02-12,2025-02-01,eBay,NY,C-00229,DF-MFK-BR540,Maison Francis Kurkdjian Baccarat Rouge 540 EDP 2.4 oz,Designer fragrance,1,252.8,252.8,219.0,33.8
SH-00186,2025-02-12,2025-02-01,Shopify,CA,C-00226,DF-DIOR-SAUVAGE,Dior Sauvage EDT 3.4 oz,Designer fragrance,1,95.75,95.75,76.0,19.75
SH-00187,2025-02-12,2025-02-01,Shopify,FL,C-00228,CP-BOTTLE-CLASSIC,"Car Perfume bottle, Onyx, Chrome or Gold",Car Perfume,1,7.99,7.99,2.35,5.64
SH-00187,2025-02-12,2025-02-01,Shopify,FL,C-00228,CP-REFILL-30,"Car Perfume refill, 3 x 10 ml",Refills,1,14.99,14.99,3.15,11.84
SH-00188,2025-02-12,2025-02-01,Shopify,NY,C-00230,CP-BOTTLE-COLOR,"Car Perfume bottle, color collection",Car Perfume,1,9.99,9.99,2.55,7.44
SH-00188,2025-02-12,2025-02-01,Shopify,NY,C-00230,CP-REFILL-10,"Car Perfume refill, 10 ml",Refills,1,5.99,5.99,1.05,4.94
EB-00109,2025-02-13,2025-02-01,eBay,WA,C-00233,DF-TF-OMBRE,Tom Ford Ombre Leather EDP 3.4 oz,Designer fragrance,1,115.43,115.43,93.0,22.43
SH-00189,2025-02-13,2025-02-01,Shopify,FL,C-00231,CP-REFILL-20,"Car Perfume refill, 2 x 10 ml",Refills,1,10.99,10.99,2.1,8.89
SH-00190,2025-02-13,2025-02-01,Shopify,MI,C-00232,DF-INITIO-OUD,Initio Oud for Greatness EDP 3.0 oz,Designer fragrance,1,203.02,203.02,169.0,34.02
SH-00191,2025-02-13,2025-02-01,Shopify,OH,C-00234,CP-REFILL-10,"Car Perfume refill, 10 ml",Refills,2,5.99,11.98,2.1,9.88
SH-00192,2025-02-13,2025-02-01,Shopify,CA,C-00235,CP-REFILL-20,"Car Perfume refill, 2 x 10 ml",Refills,1,10.99,10.99,2.1,8.89
SH-00193,2025-02-13,2025-02-01,Shopify,CA,C-00009,CP-BOTTLE-CLASSIC,"Car Perfume bottle, Onyx, Chrome or Gold",Car Perfume,1,7.99,7.99,2.35,5.64
EB-00110,2025-02-14,2025-02-01,eBay,TX,C-00236,DF-YSL-LIBRE,YSL Libre EDP 3.0 oz,Designer fragrance,1,98.98,98.98,82.0,16.98
EB-00111,2025-02-14,2025-02-01,eBay,NV,C-00237,CP-REFILL-20,"Car Perfume refill, 2 x 10 ml",Refills,1,10.99,10.99,2.1,8.89
EB-00111,2025-02-14,2025-02-01,eBay,NV,C-00237,CP-REFILL-10,"Car Perfume refill, 10 ml",Refills,1,5.99,5.99,1.05,4.94
EB-00111,2025-02-14,2025-02-01,eBay,NV,C-00237,CP-REFILL-30,"Car Perfume refill, 3 x 10 ml",Refills,1,14.99,14.99,3.15,11.84
EB-00112,2025-02-14,2025-02-01,eBay,MI,C-00238,DF-JPG-ELIXIR,Jean Paul Gaultier Le Male Elixir 4.2 oz,Designer fragrance,1,114.45,114.45,87.0,27.45
EB-00113,2025-02-14,2025-02-01,eBay,NJ,C-00210,CP-BOTTLE-CLASSIC,"Car Perfume bottle, Onyx, Chrome or Gold",Car Perfume,1,7.99,7.99,2.35,5.64
EB-00114,2025-02-15,2025-02-01,eBay,AZ,C-00239,DF-MFK-BR540,Maison Francis Kurkdjian Baccarat Rouge 540 EDP 2.4 oz,Designer fragrance,1,257.0,257.0,219.0,38.0
SH-00194,2025-02-15,2025-02-01,Shopify,CA,C-00009,CP-BOTTLE-CLASSIC,"Car Perfume bottle, Onyx, Chrome or Gold",Car Perfume,1,7.99,7.99,2.35,5.64
SH-00195,2025-02-15,2025-02-01,Shopify,NY,C-00102,CP-BOTTLE-COLOR,"Car Perfume bottle, color collection",Car Perfume,1,9.99,9.99,2.55,7.44
SH-00196,2025-02-15,2025-02-01,Shopify,NV,C-00176,DF-MFK-BR540,Maison Francis Kurkdjian Baccarat Rouge 540 EDP 2.4 oz,Designer fragrance,1,260.22,260.22,219.0,41.22
SH-00197,2025-02-15,2025-02-01,Shopify,CA,C-00240,DF-VERSACE-EROS,Versace Eros EDT 3.4 oz,Designer fragrance,1,58.61,58.61,46.0,12.61
SH-00198,2025-02-15,2025-02-01,Shopify,TX,C-00132,CP-REFILL-20,"Car Perfume refill, 2 x 10 ml",Refills,2,10.99,21.98,4.2,17.78
SH-00198,2025-02-15,2025-02-01,Shopify,TX,C-00132,CP-REFILL-10,"Car Perfume refill, 10 ml",Refills,1,5.99,5.99,1.05,4.94
EB-00115,2025-02-16,2025-02-01,eBay,IL,C-00241,DF-JPG-ELIXIR,Jean Paul Gaultier Le Male Elixir 4.2 oz,Designer fragrance,1,106.17,106.17,87.0,19.17
EB-00116,2025-02-16,2025-02-01,eBay,VA,C-00242,CP-BOTTLE-COLOR,"Car Perfume bottle, color collection",Car Perfume,1,9.99,9.99,2.55,7.44
EB-00117,2025-02-16,2025-02-01,eBay,FL,C-00246,DF-VAL-BIR,Valentino Born in Roma Uomo EDT 3.4 oz,Designer fragrance,1,92.34,92.34,76.0,16.34
EB-00118,2025-02-16,2025-02-01,eBay,NY,C-00247,DF-CREED-AVENTUS,Creed Aventus EDP 3.3 oz,Designer fragrance,1,278.12,278.12,244.0,34.12
EB-00119,2025-02-16,2025-02-01,eBay,CA,C-00248,DF-INITIO-OUD,Initio Oud for Greatness EDP 3.0 oz,Designer fragrance,1,206.77,206.77,169.0,37.77
EB-00120,2025-02-16,2025-02-01,eBay,TX,C-00251,DF-VERSACE-EROS,Versace Eros EDT 3.4 oz,Designer fragrance,1,60.4,60.4,46.0,14.4
EB-00121,2025-02-16,2025-02-01,eBay,NJ,C-00252,DF-JPG-ELIXIR,Jean Paul Gaultier Le Male Elixir 4.2 oz,Designer fragrance,1,114.02,114.02,87.0,27.02
EB-00122,2025-02-16,2025-02-01,eBay,CA,C-00253,DF-TF-OMBRE,Tom Ford Ombre Leather EDP 3.4 oz,Designer fragrance,1,119.47,119.47,93.0,26.47
SH-00199,2025-02-16,2025-02-01,Shopify,MA,C-00243,CP-REFILL-10,"Car Perfume refill, 10 ml",Refills,1,5.99,5.99,1.05,4.94
SH-00199,2025-02-16,2025-02-01,Shopify,MA,C-00243,CP-REFILL-30,"Car Perfume refill, 3 x 10 ml",Refills,2,14.99,29.98,6.3,23.68
SH-00200,2025-02-16,2025-02-01,Shopify,WA,C-00244,DF-VERSACE-EROS,Versace Eros EDT 3.4 oz,Designer fragrance,1,60.43,60.43,46.0,14.43
SH-00201,2025-02-16,2025-02-01,Shopify,IL,C-00245,CP-REFILL-20,"Car Perfume refill, 2 x 10 ml",Refills,1,10.99,10.99,2.1,8.89
SH-00202,2025-02-16,2025-02-01,Shopify,WA,C-00249,CP-BOTTLE-CLASSIC,"Car Perfume bottle, Onyx, Chrome or Gold",Car Perfume,1,7.99,7.99,2.35,5.64
SH-00202,2025-02-16,2025-02-01,Shopify,WA,C-00249,CP-REFILL-10,"Car Perfume refill, 10 ml",Refills,2,5.99,11.98,2.1,9.88
SH-00203,2025-02-16,2025-02-01,Shopify,CO,C-00250,CP-REFILL-20,"Car Perfume refill, 2 x 10 ml",Refills,1,10.99,10.99,2.1,8.89
EB-00123,2025-02-17,2025-02-01,eBay,FL,C-00254,CP-BOTTLE-COLOR,"Car Perfume bottle, color collection",Car Perfume,1,9.99,9.99,2.55,7.44
EB-00124,2025-02-17,2025-02-01,eBay,CA,C-00091,DF-CREED-AVENTUS,Creed Aventus EDP 3.3 oz,Designer fragrance,1,296.52,296.52,244.0,52.52
EB-00125,2025-02-17,2025-02-01,eBay,TX,C-00258,CP-BOTTLE-COLOR,"Car Perfume bottle, color collection",Car Perfume,1,9.99,9.99,2.55,7.44
EB-00126,2025-02-17,2025-02-01,eBay,CA,C-00259,DF-DIOR-SAUVAGE,Dior Sauvage EDT 3.4 oz,Designer fragrance,1,99.44,99.44,76.0,23.44
EB-00127,2025-02-17,2025-02-01,eBay,TX,C-00260,DF-DIOR-SAUVAGE,Dior Sauvage EDT 3.4 oz,Designer fragrance,1,98.04,98.04,76.0,22.04
SH-00204,2025-02-17,2025-02-01,Shopify,AZ,C-00111,CP-BOTTLE-CLASSIC,"Car Perfume bottle, Onyx, Chrome or Gold",Car Perfume,1,7.99,7.99,2.35,5.64
SH-00204,2025-02-17,2025-02-01,Shopify,AZ,C-00111,CP-REFILL-10,"Car Perfume refill, 10 ml",Refills,1,5.99,5.99,1.05,4.94
SH-00204,2025-02-17,2025-02-01,Shopify,AZ,C-00111,CP-REFILL-30,"Car Perfume refill, 3 x 10 ml",Refills,1,14.99,14.99,3.15,11.84
SH-00205,2025-02-17,2025-02-01,Shopify,CO,C-00255,CP-BOTTLE-COLOR,"Car Perfume bottle, color collection",Car Perfume,1,9.99,9.99,2.55,7.44
SH-00206,2025-02-17,2025-02-01,Shopify,PA,C-00256,DF-PDM-LAYTON,Parfums de Marly Layton EDP 4.2 oz,Designer fragrance,1,174.77,174.77,148.0,26.77
SH-00207,2025-02-17,2025-02-01,Shopify,NY,C-00257,CP-REFILL-20,"Car Perfume refill, 2 x 10 ml",Refills,1,10.99,10.99,2.1,8.89
EB-00128,2025-02-18,2025-02-01,eBay,CA,C-00261,CP-BOTTLE-CLASSIC,"Car Perfume bottle, Onyx, Chrome or Gold",Car Perfume,1,7.99,7.99,2.35,5.64
EB-00128,2025-02-18,2025-02-01,eBay,CA,C-00261,CP-REFILL-20,"Car Perfume refill, 2 x 10 ml",Refills,1,10.99,10.99,2.1,8.89
EB-00129,2025-02-18,2025-02-01,eBay,AZ,C-00111,CP-REFILL-10,"Car Perfume refill, 10 ml",Refills,2,5.99,11.98,2.1,9.88
EB-00130,2025-02-18,2025-02-01,eBay,CA,C-00038,DF-PDM-LAYTON,Parfums de Marly Layton EDP 4.2 oz,Designer fragrance,1,182.62,182.62,148.0,34.62
EB-00131,2025-02-18,2025-02-01,eBay,IL,C-00262,DF-PDM-LAYTON,Parfums de Marly Layton EDP 4.2 oz,Designer fragrance,1,180.31,180.31,148.0,32.31
EB-00132,2025-02-18,2025-02-01,eBay,TX,C-00185,CP-REFILL-10,"Car Perfume refill, 10 ml",Refills,1,5.99,5.99,1.05,4.94
EB-00133,2025-02-18,2025-02-01,eBay,NC,C-00263,DF-VAL-BIR,Valentino Born in Roma Uomo EDT 3.4 oz,Designer fragrance,1,98.24,98.24,76.0,22.24
EB-00134,2025-02-18,2025-02-01,eBay,TN,C-00264,DF-DIOR-SAUVAGE,Dior Sauvage EDT 3.4 oz,Designer fragrance,1,100.92,100.92,76.0,24.92
EB-00135,2025-02-18,2025-02-01,eBay,MD,C-00265,DF-PDM-LAYTON,Parfums de Marly Layton EDP 4.2 oz,Designer fragrance,1,181.06,181.06,148.0,33.06
SH-00208,2025-02-18,2025-02-01,Shopify,AZ,C-00111,CP-REFILL-20,"Car Perfume refill, 2 x 10 ml",Refills,1,10.99,10.99,2.1,8.89
EB-00136,2025-02-19,2025-02-01,eBay,CA,C-00267,CP-REFILL-30,"Car Perfume refill, 3 x 10 ml",Refills,1,14.99,14.99,3.15,11.84
EB-00137,2025-02-19,2025-02-01,eBay,CA,C-00009,CP-REFILL-10,"Car Perfume refill, 10 ml",Refills,1,5.99,5.99,1.05,4.94
EB-00137,2025-02-19,2025-02-01,eBay,CA,C-00009,CP-REFILL-20,"Car Perfume refill, 2 x 10 ml",Refills,1,10.99,10.99,2.1,8.89
EB-00138,2025-02-19,2025-02-01,eBay,NV,C-00269,CP-REFILL-10,"Car Perfume refill, 10 ml",Refills,2,5.99,11.98,2.1,9.88
EB-00139,2025-02-19,2025-02-01,eBay,NY,C-00271,DF-TF-OMBRE,Tom Ford Ombre Leather EDP 3.4 oz,Designer fragrance,1,119.19,119.19,93.0,26.19
EB-00140,2025-02-19,2025-02-01,eBay,NY,C-00272,DF-VERSACE-EROS,Versace Eros EDT 3.4 oz,Designer fragrance,1,60.83,60.83,46.0,14.83
EB-00140,2025-02-19,2025-02-01,eBay,NY,C-00272,DF-YSL-LIBRE,YSL Libre EDP 3.0 oz,Designer fragrance,1,106.29,106.29,82.0,24.29
SH-00209,2025-02-19,2025-02-01,Shopify,VA,C-00266,CP-BOTTLE-COLOR,"Car Perfume bottle, color collection",Car Perfume,1,9.99,9.99,2.55,7.44
SH-00209,2025-02-19,2025-02-01,Shopify,VA,C-00266,CP-REFILL-30,"Car Perfume refill, 3 x 10 ml",Refills,1,14.99,14.99,3.15,11.84
SH-00210,2025-02-19,2025-02-01,Shopify,MD,C-00268,CP-BOTTLE-COLOR,"Car Perfume bottle, color collection",Car Perfume,1,9.99,9.99,2.55,7.44
SH-00210,2025-02-19,2025-02-01,Shopify,MD,C-00268,CP-REFILL-10,"Car Perfume refill, 10 ml",Refills,1,5.99,5.99,1.05,4.94
SH-00211,2025-02-19,2025-02-01,Shopify,NV,C-00269,CP-BOTTLE-CLASSIC,"Car Perfume bottle, Onyx, Chrome or Gold",Car Perfume,1,7.99,7.99,2.35,5.64
SH-00212,2025-02-19,2025-02-01,Shopify,CA,C-00270,DF-PDM-DELINA,Parfums de Marly Delina EDP 2.5 oz,Designer fragrance,1,211.37,211.37,170.0,41.37
EB-00141,2025-02-20,2025-02-01,eBay,FL,C-00274,DF-VAL-BIR,Valentino Born in Roma Uomo EDT 3.4 oz,Designer fragrance,1,96.13,96.13,76.0,20.13
EB-00142,2025-02-20,2025-02-01,eBay,CO,C-00280,DF-PDM-LAYTON,Parfums de Marly Layton EDP 4.2 oz,Designer fragrance,1,188.55,188.55,148.0,40.55
SH-00213,2025-02-20,2025-02-01,Shopify,CA,C-00273,CP-BOTTLE-CLASSIC,"Car Perfume bottle, Onyx, Chrome or Gold",Car Perfume,1,7.99,7.99,2.35,5.64
SH-00214,2025-02-20,2025-02-01,Shopify,CA,C-00098,CP-REFILL-20,"Car Perfume refill, 2 x 10 ml",Refills,3,10.99,32.97,6.3,26.67
SH-00215,2025-02-20,2025-02-01,Shopify,VA,C-00266,CP-REFILL-10,"Car Perfume refill, 10 ml",Refills,1,5.99,5.99,1.05,4.94
SH-00215,2025-02-20,2025-02-01,Shopify,VA,C-00266,CP-REFILL-20,"Car Perfume refill, 2 x 10 ml",Refills,1,10.99,10.99,2.1,8.89
SH-00216,2025-02-20,2025-02-01,Shopify,PA,C-00275,CP-REFILL-30,"Car Perfume refill, 3 x 10 ml",Refills,1,14.99,14.99,3.15,11.84
SH-00216,2025-02-20,2025-02-01,Shopify,PA,C-00275,CP-REFILL-20,"Car Perfume refill, 2 x 10 ml",Refills,2,10.99,21.98,4.2,17.78
SH-00217,2025-02-20,2025-02-01,Shopify,CA,C-00276,DF-PDM-DELINA,Parfums de Marly Delina EDP 2.5 oz,Designer fragrance,1,204.52,204.52,170.0,34.52
SH-00218,2025-02-20,2025-02-01,Shopify,NJ,C-00277,CP-BOTTLE-COLOR,"Car Perfume bottle, color collection",Car Perfume,1,9.99,9.99,2.55,7.44
SH-00219,2025-02-20,2025-02-01,Shopify,CA,C-00278,CP-BOTTLE-CLASSIC,"Car Perfume bottle, Onyx, Chrome or Gold",Car Perfume,1,7.99,7.99,2.35,5.64
SH-00219,2025-02-20,2025-02-01,Shopify,CA,C-00278,CP-REFILL-10,"Car Perfume refill, 10 ml",Refills,2,5.99,11.98,2.1,9.88
SH-00220,2025-02-20,2025-02-01,Shopify,PA,C-00279,CP-BOTTLE-COLOR,"Car Perfume bottle, color collection",Car Perfume,1,9.99,9.99,2.55,7.44
SH-00220,2025-02-20,2025-02-01,Shopify,PA,C-00279,CP-REFILL-20,"Car Perfume refill, 2 x 10 ml",Refills,1,10.99,10.99,2.1,8.89
SH-00220,2025-02-20,2025-02-01,Shopify,PA,C-00279,CP-REFILL-10,"Car Perfume refill, 10 ml",Refills,1,5.99,5.99,1.05,4.94
SH-00221,2025-02-20,2025-02-01,Shopify,CA,C-00203,CP-REFILL-10,"Car Perfume refill, 10 ml",Refills,2,5.99,11.98,2.1,9.88
SH-00221,2025-02-20,2025-02-01,Shopify,CA,C-00203,CP-REFILL-30,"Car Perfume refill, 3 x 10 ml",Refills,1,14.99,14.99,3.15,11.84
EB-00143,2025-02-21,2025-02-01,eBay,NY,C-00271,DF-YSL-LIBRE,YSL Libre EDP 3.0 oz,Designer fragrance,1,106.34,106.34,82.0,24.34
SH-00222,2025-02-21,2025-02-01,Shopify,CA,C-00281,CP-BOTTLE-COLOR,"Car Perfume bottle, color collection",Car Perfume,1,9.99,9.99,2.55,7.44
SH-00222,2025-02-21,2025-02-01,Shopify,CA,C-00281,CP-REFILL-10,"Car Perfume refill, 10 ml",Refills,1,5.99,5.99,1.05,4.94
SH-00223,2025-02-21,2025-02-01,Shopify,FL,C-00211,CP-BOTTLE-CLASSIC,"Car Perfume bottle, Onyx, Chrome or Gold",Car Perfume,1,7.99,7.99,2.35,5.64
SH-00224,2025-02-21,2025-02-01,Shopify,PA,C-00279,CP-REFILL-20,"Car Perfume refill, 2 x 10 ml",Refills,1,10.99,10.99,2.1,8.89
SH-00224,2025-02-21,2025-02-01,Shopify,PA,C-00279,CP-REFILL-30,"Car Perfume refill, 3 x 10 ml",Refills,1,14.99,14.99,3.15,11.84
SH-00225,2025-02-21,2025-02-01,Shopify,NC,C-00282,DF-DIOR-SAUVAGE,Dior Sauvage EDT 3.4 oz,Designer fragrance,1,99.05,99.05,76.0,23.05
EB-00144,2025-02-22,2025-02-01,eBay,CA,C-00285,DF-TF-OMBRE,Tom Ford Ombre Leather EDP 3.4 oz,Designer fragrance,1,117.67,117.67,93.0,24.67
EB-00145,2025-02-22,2025-02-01,eBay,CA,C-00286,DF-VAL-BIR,Valentino Born in Roma Uomo EDT 3.4 oz,Designer fragrance,1,96.27,96.27,76.0,20.27
SH-00226,2025-02-22,2025-02-01,Shopify,MD,C-00283,DF-VERSACE-EROS,Versace Eros EDT 3.4 oz,Designer fragrance,1,61.93,61.93,46.0,15.93
SH-00227,2025-02-22,2025-02-01,Shopify,CA,C-00284,CP-REFILL-10,"Car Perfume refill, 10 ml",Refills,2,5.99,11.98,2.1,9.88
SH-00228,2025-02-22,2025-02-01,Shopify,FL,C-00062,CP-REFILL-10,"Car Perfume refill, 10 ml",Refills,1,5.99,5.99,1.05,4.94
EB-00146,2025-02-23,2025-02-01,eBay,NV,C-00004,CP-BOTTLE-COLOR,"Car Perfume bottle, color collection",Car Perfume,1,9.99,9.99,2.55,7.44
EB-00146,2025-02-23,2025-02-01,eBay,NV,C-00004,CP-REFILL-10,"Car Perfume refill, 10 ml",Refills,2,5.99,11.98,2.1,9.88
EB-00147,2025-02-23,2025-02-01,eBay,TX,C-00289,DF-CREED-AVENTUS,Creed Aventus EDP 3.3 oz,Designer fragrance,1,288.66,288.66,244.0,44.66
EB-00148,2025-02-23,2025-02-01,eBay,CA,C-00291,DF-YSL-LIBRE,YSL Libre EDP 3.0 oz,Designer fragrance,1,105.57,105.57,82.0,23.57
EB-00148,2025-02-23,2025-02-01,eBay,CA,C-00291,DF-JPG-ELIXIR,Jean Paul Gaultier Le Male Elixir 4.2 oz,Designer fragrance,1,110.69,110.69,87.0,23.69
EB-00149,2025-02-23,2025-02-01,eBay,CO,C-00293,CP-REFILL-10,"Car Perfume refill, 10 ml",Refills,1,5.99,5.99,1.05,4.94
EB-00149,2025-02-23,2025-02-01,eBay,CO,C-00293,CP-REFILL-20,"Car Perfume refill, 2 x 10 ml",Refills,1,10.99,10.99,2.1,8.89
SH-00229,2025-02-23,2025-02-01,Shopify,TX,C-00287,CP-BOTTLE-COLOR,"Car Perfume bottle, color collection",Car Perfume,1,9.99,9.99,2.55,7.44
SH-00229,2025-02-23,2025-02-01,Shopify,TX,C-00287,CP-REFILL-20,"Car Perfume refill, 2 x 10 ml",Refills,1,10.99,10.99,2.1,8.89
SH-00230,2025-02-23,2025-02-01,Shopify,IL,C-00288,DF-TF-OMBRE,Tom Ford Ombre Leather EDP 3.4 oz,Designer fragrance,1,119.42,119.42,93.0,26.42
SH-00231,2025-02-23,2025-02-01,Shopify,CA,C-00226,DF-TF-OMBRE,Tom Ford Ombre Leather EDP 3.4 oz,Designer fragrance,1,111.4,111.4,93.0,18.4
SH-00232,2025-02-23,2025-02-01,Shopify,CA,C-00171,CP-BOTTLE-CLASSIC,"Car Perfume bottle, Onyx, Chrome or Gold",Car Perfume,1,7.99,7.99,2.35,5.64
SH-00233,2025-02-23,2025-02-01,Shopify,FL,C-00290,DF-PDM-LAYTON,Parfums de Marly Layton EDP 4.2 oz,Designer fragrance,1,181.05,181.05,148.0,33.05
SH-00233,2025-02-23,2025-02-01,Shopify,FL,C-00290,DF-TF-OMBRE,Tom Ford Ombre Leather EDP 3.4 oz,Designer fragrance,1,111.35,111.35,93.0,18.35
SH-00234,2025-02-23,2025-02-01,Shopify,CA,C-00292,DF-DIOR-SAUVAGE,Dior Sauvage EDT 3.4 oz,Designer fragrance,1,92.22,92.22,76.0,16.22
EB-00150,2025-02-24,2025-02-01,eBay,AZ,C-00111,CP-REFILL-10,"Car Perfume refill, 10 ml",Refills,2,5.99,11.98,2.1,9.88
EB-00150,2025-02-24,2025-02-01,eBay,AZ,C-00111,CP-REFILL-20,"Car Perfume refill, 2 x 10 ml",Refills,1,10.99,10.99,2.1,8.89
EB-00151,2025-02-24,2025-02-01,eBay,TX,C-00294,DF-JPG-ELIXIR,Jean Paul Gaultier Le Male Elixir 4.2 oz,Designer fragrance,1,107.85,107.85,87.0,20.85
EB-00152,2025-02-24,2025-02-01,eBay,TX,C-00296,DF-PDM-LAYTON,Parfums de Marly Layton EDP 4.2 oz,Designer fragrance,1,183.23,183.23,148.0,35.23
SH-00235,2025-02-24,2025-02-01,Shopify,TX,C-00295,CP-BOTTLE-CLASSIC,"Car Perfume bottle, Onyx, Chrome or Gold",Car Perfume,1,7.99,7.99,2.35,5.64
SH-00235,2025-02-24,2025-02-01,Shopify,TX,C-00295,CP-REFILL-20,"Car Perfume refill, 2 x 10 ml",Refills,1,10.99,10.99,2.1,8.89
SH-00235,2025-02-24,2025-02-01,Shopify,TX,C-00295,CP-REFILL-30,"Car Perfume refill, 3 x 10 ml",Refills,1,14.99,14.99,3.15,11.84
SH-00236,2025-02-24,2025-02-01,Shopify,CA,C-00297,CP-BOTTLE-CLASSIC,"Car Perfume bottle, Onyx, Chrome or Gold",Car Perfume,1,7.99,7.99,2.35,5.64
SH-00237,2025-02-24,2025-02-01,Shopify,AZ,C-00162,CP-BOTTLE-CLASSIC,"Car Perfume bottle, Onyx, Chrome or Gold",Car Perfume,1,7.99,7.99,2.35,5.64
SH-00238,2025-02-24,2025-02-01,Shopify,MD,C-00298,DF-PDM-DELINA,Parfums de Marly Delina EDP 2.5 oz,Designer fragrance,1,199.91,199.91,170.0,29.91
EB-00153,2025-02-25,2025-02-01,eBay,CA,C-00299,CP-BOTTLE-COLOR,"Car Perfume bottle, color collection",Car Perfume,1,9.99,9.99,2.55,7.44
EB-00154,2025-02-25,2025-02-01,eBay,AZ,C-00301,DF-INITIO-OUD,Initio Oud for Greatness EDP 3.0 oz,Designer fragrance,1,208.6,208.6,169.0,39.6
EB-00155,2025-02-25,2025-02-01,eBay,MI,C-00302,DF-VERSACE-EROS,Versace Eros EDT 3.4 oz,Designer fragrance,1,60.07,60.07,46.0,14.07
EB-00156,2025-02-25,2025-02-01,eBay,NC,C-00303,DF-PDM-LAYTON,Parfums de Marly Layton EDP 4.2 oz,Designer fragrance,1,174.7,174.7,148.0,26.7
SH-00239,2025-02-25,2025-02-01,Shopify,AZ,C-00300,CP-REFILL-10,"Car Perfume refill, 10 ml",Refills,2,5.99,11.98,2.1,9.88
SH-00240,2025-02-25,2025-02-01,Shopify,FL,C-00224,CP-BOTTLE-COLOR,"Car Perfume bottle, color collection",Car Perfume,1,9.99,9.99,2.55,7.44
SH-00240,2025-02-25,2025-02-01,Shopify,FL,C-00224,CP-REFILL-20,"Car Perfume refill, 2 x 10 ml",Refills,1,10.99,10.99,2.1,8.89
SH-00240,2025-02-25,2025-02-01,Shopify,FL,C-00224,CP-REFILL-30,"Car Perfume refill, 3 x 10 ml",Refills,1,14.99,14.99,3.15,11.84
SH-00241,2025-02-25,2025-02-01,Shopify,CO,C-00177,CP-BOTTLE-CLASSIC,"Car Perfume bottle, Onyx, Chrome or Gold",Car Perfume,1,7.99,7.99,2.35,5.64
SH-00242,2025-02-25,2025-02-01,Shopify,NJ,C-00304,CP-REFILL-10,"Car Perfume refill, 10 ml",Refills,1,5.99,5.99,1.05,4.94
SH-00242,2025-02-25,2025-02-01,Shopify,NJ,C-00304,CP-REFILL-30,"Car Perfume refill, 3 x 10 ml",Refills,2,14.99,29.98,6.3,23.68
SH-00242,2025-02-25,2025-02-01,Shopify,NJ,C-00304,CP-REFILL-20,"Car Perfume refill, 2 x 10 ml",Refills,1,10.99,10.99,2.1,8.89
SH-00243,2025-02-25,2025-02-01,Shopify,CA,C-00305,CP-BOTTLE-CLASSIC,"Car Perfume bottle, Onyx, Chrome or Gold",Car Perfume,1,7.99,7.99,2.35,5.64
SH-00243,2025-02-25,2025-02-01,Shopify,CA,C-00305,CP-REFILL-10,"Car Perfume refill, 10 ml",Refills,1,5.99,5.99,1.05,4.94
EB-00157,2025-02-26,2025-02-01,eBay,CA,C-00306,DF-YSL-LIBRE,YSL Libre EDP 3.0 oz,Designer fragrance,1,105.72,105.72,82.0,23.72
EB-00158,2025-02-26,2025-02-01,eBay,NV,C-00307,DF-DIOR-SAUVAGE,Dior Sauvage EDT 3.4 oz,Designer fragrance,1,95.59,95.59,76.0,19.59
EB-00159,2025-02-26,2025-02-01,eBay,TX,C-00308,DF-VERSACE-EROS,Versace Eros EDT 3.4 oz,Designer fragrance,1,62.85,62.85,46.0,16.85
EB-00160,2025-02-26,2025-02-01,eBay,NY,C-00309,CP-BOTTLE-CLASSIC,"Car Perfume bottle, Onyx, Chrome or Gold",Car Perfume,1,7.99,7.99,2.35,5.64
EB-00160,2025-02-26,2025-02-01,eBay,NY,C-00309,CP-REFILL-20,"Car Perfume refill, 2 x 10 ml",Refills,1,10.99,10.99,2.1,8.89
EB-00161,2025-02-26,2025-02-01,eBay,CA,C-00310,DF-INITIO-OUD,Initio Oud for Greatness EDP 3.0 oz,Designer fragrance,1,202.72,202.72,169.0,33.72
SH-00244,2025-02-26,2025-02-01,Shopify,AZ,C-00311,CP-BOTTLE-COLOR,"Car Perfume bottle, color collection",Car Perfume,1,9.99,9.99,2.55,7.44
SH-00245,2025-02-26,2025-02-01,Shopify,IL,C-00312,CP-BOTTLE-CLASSIC,"Car Perfume bottle, Onyx, Chrome or Gold",Car Perfume,1,7.99,7.99,2.35,5.64
SH-00245,2025-02-26,2025-02-01,Shopify,IL,C-00312,CP-REFILL-10,"Car Perfume refill, 10 ml",Refills,1,5.99,5.99,1.05,4.94
EB-00162,2025-02-27,2025-02-01,eBay,GA,C-00050,DF-VAL-BIR,Valentino Born in Roma Uomo EDT 3.4 oz,Designer fragrance,1,98.77,98.77,76.0,22.77
SH-00246,2025-02-27,2025-02-01,Shopify,FL,C-00178,CP-BOTTLE-COLOR,"Car Perfume bottle, color collection",Car Perfume,1,9.99,9.99,2.55,7.44
SH-00246,2025-02-27,2025-02-01,Shopify,FL,C-00178,CP-REFILL-20,"Car Perfume refill, 2 x 10 ml",Refills,1,10.99,10.99,2.1,8.89
SH-00247,2025-02-27,2025-02-01,Shopify,TX,C-00313,DF-PDM-DELINA,Parfums de Marly Delina EDP 2.5 oz,Designer fragrance,1,210.37,210.37,170.0,40.37
EB-00163,2025-02-28,2025-02-01,eBay,TX,C-00315,DF-DIOR-SAUVAGE,Dior Sauvage EDT 3.4 oz,Designer fragrance,1,96.37,96.37,76.0,20.37
SH-00248,2025-02-28,2025-02-01,Shopify,CA,C-00314,CP-REFILL-20,"Car Perfume refill, 2 x 10 ml",Refills,1,10.99,10.99,2.1,8.89
SH-00248,2025-02-28,2025-02-01,Shopify,CA,C-00314,CP-REFILL-10,"Car Perfume refill, 10 ml",Refills,2,5.99,11.98,2.1,9.88
SH-00248,2025-02-28,2025-02-01,Shopify,CA,C-00314,CP-REFILL-30,"Car Perfume refill, 3 x 10 ml",Refills,1,14.99,14.99,3.15,11.84
SH-00249,2025-02-28,2025-02-01,Shopify,TX,C-00316,DF-JPG-ELIXIR,Jean Paul Gaultier Le Male Elixir 4.2 oz,Designer fragrance,1,113.41,113.41,87.0,26.41
SH-00250,2025-02-28,2025-02-01,Shopify,MI,C-00317,DF-TF-OMBRE,Tom Ford Ombre Leather EDP 3.4 oz,Designer fragrance,1,112.39,112.39,93.0,19.39
SH-00251,2025-02-28,2025-02-01,Shopify,PA,C-00318,CP-REFILL-10,"Car Perfume refill, 10 ml",Refills,3,5.99,17.97,3.15,14.82
SH-00251,2025-02-28,2025-02-01,Shopify,PA,C-00318,CP-REFILL-20,"Car Perfume refill, 2 x 10 ml",Refills,1,10.99,10.99,2.1,8.89
EB-00164,2025-03-01,2025-03-01,eBay,CA,C-00321,DF-VERSACE-EROS,Versace Eros EDT 3.4 oz,Designer fragrance,1,58.8,58.8,46.0,12.8
SH-00252,2025-03-01,2025-03-01,Shopify,CA,C-00319,CP-BOTTLE-COLOR,"Car Perfume bottle, color collection",Car Perfume,1,9.99,9.99,2.55,7.44
SH-00252,2025-03-01,2025-03-01,Shopify,CA,C-00319,CP-REFILL-20,"Car Perfume refill, 2 x 10 ml",Refills,1,10.99,10.99,2.1,8.89
SH-00253,2025-03-01,2025-03-01,Shopify,TX,C-00320,CP-BOTTLE-COLOR,"Car Perfume bottle, color collection",Car Perfume,1,9.99,9.99,2.55,7.44
SH-00253,2025-03-01,2025-03-01,Shopify,TX,C-00320,CP-REFILL-10,"Car Perfume refill, 10 ml",Refills,1,5.99,5.99,1.05,4.94
SH-00254,2025-03-01,2025-03-01,Shopify,AZ,C-00162,CP-BOTTLE-CLASSIC,"Car Perfume bottle, Onyx, Chrome or Gold",Car Perfume,1,7.99,7.99,2.35,5.64
SH-00254,2025-03-01,2025-03-01,Shopify,AZ,C-00162,CP-REFILL-10,"Car Perfume refill, 10 ml",Refills,1,5.99,5.99,1.05,4.94
SH-00255,2025-03-01,2025-03-01,Shopify,MD,C-00268,CP-BOTTLE-CLASSIC,"Car Perfume bottle, Onyx, Chrome or Gold",Car Perfume,1,7.99,7.99,2.35,5.64
EB-00165,2025-03-02,2025-03-01,eBay,MD,C-00322,CP-BOTTLE-COLOR,"Car Perfume bottle, color collection",Car Perfume,1,9.99,9.99,2.55,7.44
EB-00165,2025-03-02,2025-03-01,eBay,MD,C-00322,CP-REFILL-20,"Car Perfume refill, 2 x 10 ml",Refills,1,10.99,10.99,2.1,8.89
EB-00165,2025-03-02,2025-03-01,eBay,MD,C-00322,CP-REFILL-10,"Car Perfume refill, 10 ml",Refills,1,5.99,5.99,1.05,4.94
SH-00256,2025-03-02,2025-03-01,Shopify,TX,C-00323,DF-DIOR-SAUVAGE,Dior Sauvage EDT 3.4 oz,Designer fragrance,1,98.35,98.35,76.0,22.35
SH-00257,2025-03-02,2025-03-01,Shopify,MD,C-00324,CP-BOTTLE-COLOR,"Car Perfume bottle, color collection",Car Perfume,1,9.99,9.99,2.55,7.44
SH-00257,2025-03-02,2025-03-01,Shopify,MD,C-00324,CP-REFILL-10,"Car Perfume refill, 10 ml",Refills,1,5.99,5.99,1.05,4.94
EB-00166,2025-03-03,2025-03-01,eBay,CA,C-00325,DF-VERSACE-EROS,Versace Eros EDT 3.4 oz,Designer fragrance,1,61.63,61.63,46.0,15.63
EB-00167,2025-03-03,2025-03-01,eBay,CA,C-00183,DF-PDM-DELINA,Parfums de Marly Delina EDP 2.5 oz,Designer fragrance,1,199.38,199.38,170.0,29.38
EB-00168,2025-03-03,2025-03-01,eBay,CA,C-00327,CP-REFILL-20,"Car Perfume refill, 2 x 10 ml",Refills,1,10.99,10.99,2.1,8.89
EB-00169,2025-03-03,2025-03-01,eBay,CA,C-00329,CP-BOTTLE-CLASSIC,"Car Perfume bottle, Onyx, Chrome or Gold",Car Perfume,1,7.99,7.99,2.35,5.64
EB-00170,2025-03-03,2025-03-01,eBay,IL,C-00331,DF-DIOR-SAUVAGE,Dior Sauvage EDT 3.4 oz,Designer fragrance,1,99.22,99.22,76.0,23.22
SH-00258,2025-03-03,2025-03-01,Shopify,VA,C-00266,CP-REFILL-20,"Car Perfume refill, 2 x 10 ml",Refills,1,10.99,10.99,2.1,8.89
SH-00258,2025-03-03,2025-03-01,Shopify,VA,C-00266,CP-REFILL-30,"Car Perfume refill, 3 x 10 ml",Refills,1,14.99,14.99,3.15,11.84
SH-00259,2025-03-03,2025-03-01,Shopify,MI,C-00326,CP-BOTTLE-CLASSIC,"Car Perfume bottle, Onyx, Chrome or Gold",Car Perfume,1,7.99,7.99,2.35,5.64
SH-00259,2025-03-03,2025-03-01,Shopify,MI,C-00326,CP-REFILL-30,"Car Perfume refill, 3 x 10 ml",Refills,1,14.99,14.99,3.15,11.84
SH-00260,2025-03-03,2025-03-01,Shopify,CA,C-00328,CP-REFILL-30,"Car Perfume refill, 3 x 10 ml",Refills,1,14.99,14.99,3.15,11.84
SH-00260,2025-03-03,2025-03-01,Shopify,CA,C-00328,CP-REFILL-20,"Car Perfume refill, 2 x 10 ml",Refills,1,10.99,10.99,2.1,8.89
SH-00260,2025-03-03,2025-03-01,Shopify,CA,C-00328,CP-REFILL-10,"Car Perfume refill, 10 ml",Refills,2,5.99,11.98,2.1,9.88
SH-00261,2025-03-03,2025-03-01,Shopify,IL,C-00330,DF-PDM-LAYTON,Parfums de Marly Layton EDP 4.2 oz,Designer fragrance,1,189.17,189.17,148.0,41.17
SH-00262,2025-03-03,2025-03-01,Shopify,WA,C-00086,CP-REFILL-30,"Car Perfume refill, 3 x 10 ml",Refills,1,14.99,14.99,3.15,11.84
SH-00263,2025-03-03,2025-03-01,Shopify,TX,C-00332,CP-BOTTLE-CLASSIC,"Car Perfume bottle, Onyx, Chrome or Gold",Car Perfume,1,7.99,7.99,2.35,5.64
SH-00264,2025-03-03,2025-03-01,Shopify,NY,C-00333,DF-CREED-AVENTUS,Creed Aventus EDP 3.3 oz,Designer fragrance,1,295.99,295.99,244.0,51.99
EB-00171,2025-03-04,2025-03-01,eBay,CA,C-00334,CP-BOTTLE-CLASSIC,"Car Perfume bottle, Onyx, Chrome or Gold",Car Perfume,1,7.99,7.99,2.35,5.64
EB-00171,2025-03-04,2025-03-01,eBay,CA,C-00334,CP-REFILL-20,"Car Perfume refill, 2 x 10 ml",Refills,1,10.99,10.99,2.1,8.89
EB-00172,2025-03-04,2025-03-01,eBay,CA,C-00336,DF-PDM-LAYTON,Parfums de Marly Layton EDP 4.2 oz,Designer fragrance,1,174.79,174.79,148.0,26.79
EB-00172,2025-03-04,2025-03-01,eBay,CA,C-00336,DF-YSL-LIBRE,YSL Libre EDP 3.0 oz,Designer fragrance,1,98.73,98.73,82.0,16.73
EB-00173,2025-03-04,2025-03-01,eBay,CA,C-00338,DF-YSL-LIBRE,YSL Libre EDP 3.0 oz,Designer fragrance,1,105.34,105.34,82.0,23.34
EB-00174,2025-03-04,2025-03-01,eBay,FL,C-00341,CP-BOTTLE-COLOR,"Car Perfume bottle, color collection",Car Perfume,1,9.99,9.99,2.55,7.44
EB-00174,2025-03-04,2025-03-01,eBay,FL,C-00341,CP-REFILL-20,"Car Perfume refill, 2 x 10 ml",Refills,1,10.99,10.99,2.1,8.89
EB-00175,2025-03-04,2025-03-01,eBay,CA,C-00343,CP-REFILL-30,"Car Perfume refill, 3 x 10 ml",Refills,1,14.99,14.99,3.15,11.84
EB-00175,2025-03-04,2025-03-01,eBay,CA,C-00343,CP-REFILL-10,"Car Perfume refill, 10 ml",Refills,2,5.99,11.98,2.1,9.88
EB-00176,2025-03-04,2025-03-01,eBay,CA,C-00344,CP-BOTTLE-CLASSIC,"Car Perfume bottle, Onyx, Chrome or Gold",Car Perfume,1,7.99,7.99,2.35,5.64
EB-00176,2025-03-04,2025-03-01,eBay,CA,C-00344,CP-REFILL-20,"Car Perfume refill, 2 x 10 ml",Refills,1,10.99,10.99,2.1,8.89
SH-00265,2025-03-04,2025-03-01,Shopify,GA,C-00335,DF-VERSACE-EROS,Versace Eros EDT 3.4 oz,Designer fragrance,1,58.98,58.98,46.0,12.98
SH-00266,2025-03-04,2025-03-01,Shopify,FL,C-00337,DF-DIOR-SAUVAGE,Dior Sauvage EDT 3.4 oz,Designer fragrance,1,100.94,100.94,76.0,24.94
SH-00267,2025-03-04,2025-03-01,Shopify,AZ,C-00339,DF-MFK-BR540,Maison Francis Kurkdjian Baccarat Rouge 540 EDP 2.4 oz,Designer fragrance,1,258.15,258.15,219.0,39.15
SH-00268,2025-03-04,2025-03-01,Shopify,CA,C-00340,CP-BOTTLE-CLASSIC,"Car Perfume bottle, Onyx, Chrome or Gold",Car Perfume,1,7.99,7.99,2.35,5.64
SH-00268,2025-03-04,2025-03-01,Shopify,CA,C-00340,CP-REFILL-10,"Car Perfume refill, 10 ml",Refills,1,5.99,5.99,1.05,4.94
SH-00269,2025-03-04,2025-03-01,Shopify,TN,C-00342,CP-BOTTLE-COLOR,"Car Perfume bottle, color collection",Car Perfume,1,9.99,9.99,2.55,7.44
EB-00177,2025-03-05,2025-03-01,eBay,CA,C-00346,DF-PDM-LAYTON,Parfums de Marly Layton EDP 4.2 oz,Designer fragrance,1,189.16,189.16,148.0,41.16
EB-00178,2025-03-05,2025-03-01,eBay,GA,C-00347,DF-CREED-AVENTUS,Creed Aventus EDP 3.3 oz,Designer fragrance,1,296.74,296.74,244.0,52.74
EB-00179,2025-03-05,2025-03-01,eBay,NC,C-00348,DF-PDM-LAYTON,Parfums de Marly Layton EDP 4.2 oz,Designer fragrance,1,182.83,182.83,148.0,34.83
SH-00270,2025-03-05,2025-03-01,Shopify,WA,C-00083,CP-REFILL-10,"Car Perfume refill, 10 ml",Refills,1,5.99,5.99,1.05,4.94
SH-00271,2025-03-05,2025-03-01,Shopify,CA,C-00345,DF-PDM-LAYTON,Parfums de Marly Layton EDP 4.2 oz,Designer fragrance,1,179.85,179.85,148.0,31.85
EB-00180,2025-03-06,2025-03-01,eBay,CA,C-00351,DF-YSL-LIBRE,YSL Libre EDP 3.0 oz,Designer fragrance,1,107.87,107.87,82.0,25.87
EB-00181,2025-03-06,2025-03-01,eBay,NJ,C-00352,DF-VAL-BIR,Valentino Born in Roma Uomo EDT 3.4 oz,Designer fragrance,1,99.9,99.9,76.0,23.9
SH-00272,2025-03-06,2025-03-01,Shopify,MA,C-00349,CP-REFILL-30,"Car Perfume refill, 3 x 10 ml",Refills,1,14.99,14.99,3.15,11.84
SH-00273,2025-03-06,2025-03-01,Shopify,MA,C-00349,CP-BOTTLE-CLASSIC,"Car Perfume bottle, Onyx, Chrome or Gold",Car Perfume,1,7.99,7.99,2.35,5.64
SH-00273,2025-03-06,2025-03-01,Shopify,MA,C-00349,CP-REFILL-10,"Car Perfume refill, 10 ml",Refills,1,5.99,5.99,1.05,4.94
SH-00274,2025-03-06,2025-03-01,Shopify,TX,C-00350,CP-REFILL-10,"Car Perfume refill, 10 ml",Refills,1,5.99,5.99,1.05,4.94
SH-00275,2025-03-06,2025-03-01,Shopify,OH,C-00353,DF-TF-OMBRE,Tom Ford Ombre Leather EDP 3.4 oz,Designer fragrance,1,120.25,120.25,93.0,27.25
SH-00276,2025-03-06,2025-03-01,Shopify,TX,C-00354,CP-REFILL-20,"Car Perfume refill, 2 x 10 ml",Refills,2,10.99,21.98,4.2,17.78
SH-00277,2025-03-06,2025-03-01,Shopify,TX,C-00296,DF-TF-OMBRE,Tom Ford Ombre Leather EDP 3.4 oz,Designer fragrance,1,115.31,115.31,93.0,22.31
SH-00278,2025-03-06,2025-03-01,Shopify,CA,C-00120,CP-BOTTLE-CLASSIC,"Car Perfume bottle, Onyx, Chrome or Gold",Car Perfume,1,7.99,7.99,2.35,5.64
SH-00278,2025-03-06,2025-03-01,Shopify,CA,C-00120,CP-REFILL-10,"Car Perfume refill, 10 ml",Refills,1,5.99,5.99,1.05,4.94
EB-00182,2025-03-07,2025-03-01,eBay,AZ,C-00356,CP-BOTTLE-COLOR,"Car Perfume bottle, color collection",Car Perfume,1,9.99,9.99,2.55,7.44
SH-00279,2025-03-07,2025-03-01,Shopify,NY,C-00355,CP-BOTTLE-COLOR,"Car Perfume bottle, color collection",Car Perfume,1,9.99,9.99,2.55,7.44
SH-00280,2025-03-07,2025-03-01,Shopify,CA,C-00329,CP-REFILL-10,"Car Perfume refill, 10 ml",Refills,1,5.99,5.99,1.05,4.94
SH-00281,2025-03-07,2025-03-01,Shopify,CA,C-00291,DF-CREED-AVENTUS,Creed Aventus EDP 3.3 oz,Designer fragrance,1,280.94,280.94,244.0,36.94
EB-00183,2025-03-08,2025-03-01,eBay,FL,C-00357,CP-REFILL-10,"Car Perfume refill, 10 ml",Refills,2,5.99,11.98,2.1,9.88
EB-00183,2025-03-08,2025-03-01,eBay,FL,C-00357,CP-REFILL-20,"Car Perfume refill, 2 x 10 ml",Refills,1,10.99,10.99,2.1,8.89
EB-00184,2025-03-08,2025-03-01,eBay,CA,C-00358,DF-VAL-BIR,Valentino Born in Roma Uomo EDT 3.4 oz,Designer fragrance,1,97.06,97.06,76.0,21.06
SH-00282,2025-03-08,2025-03-01,Shopify,CO,C-00177,CP-REFILL-20,"Car Perfume refill, 2 x 10 ml",Refills,1,10.99,10.99,2.1,8.89
SH-00282,2025-03-08,2025-03-01,Shopify,CO,C-00177,CP-REFILL-10,"Car Perfume refill, 10 ml",Refills,1,5.99,5.99,1.05,4.94
SH-00282,2025-03-08,2025-03-01,Shopify,CO,C-00177,CP-REFILL-30,"Car Perfume refill, 3 x 10 ml",Refills,1,14.99,14.99,3.15,11.84
SH-00283,2025-03-08,2025-03-01,Shopify,TX,C-00359,CP-BOTTLE-CLASSIC,"Car Perfume bottle, Onyx, Chrome or Gold",Car Perfume,1,7.99,7.99,2.35,5.64
SH-00284,2025-03-08,2025-03-01,Shopify,FL,C-00062,CP-BOTTLE-CLASSIC,"Car Perfume bottle, Onyx, Chrome or Gold",Car Perfume,1,7.99,7.99,2.35,5.64
SH-00285,2025-03-08,2025-03-01,Shopify,NY,C-00360,DF-VAL-BIR,Valentino Born in Roma Uomo EDT 3.4 oz,Designer fragrance,1,94.99,94.99,76.0,18.99
EB-00185,2025-03-09,2025-03-01,eBay,FL,C-00362,DF-PDM-DELINA,Parfums de Marly Delina EDP 2.5 oz,Designer fragrance,1,211.32,211.32,170.0,41.32
SH-00286,2025-03-09,2025-03-01,Shopify,IL,C-00288,DF-MFK-BR540,Maison Francis Kurkdjian Baccarat Rouge 540 EDP 2.4 oz,Designer fragrance,1,254.64,254.64,219.0,35.64
SH-00287,2025-03-09,2025-03-01,Shopify,NY,C-00361,CP-BOTTLE-CLASSIC,"Car Perfume bottle, Onyx, Chrome or Gold",Car Perfume,1,7.99,7.99,2.35,5.64
SH-00288,2025-03-09,2025-03-01,Shopify,TX,C-00295,CP-BOTTLE-COLOR,"Car Perfume bottle, color collection",Car Perfume,1,9.99,9.99,2.55,7.44
SH-00288,2025-03-09,2025-03-01,Shopify,TX,C-00295,CP-REFILL-20,"Car Perfume refill, 2 x 10 ml",Refills,1,10.99,10.99,2.1,8.89
SH-00288,2025-03-09,2025-03-01,Shopify,TX,C-00295,CP-REFILL-10,"Car Perfume refill, 10 ml",Refills,1,5.99,5.99,1.05,4.94
SH-00289,2025-03-09,2025-03-01,Shopify,AZ,C-00136,CP-BOTTLE-CLASSIC,"Car Perfume bottle, Onyx, Chrome or Gold",Car Perfume,1,7.99,7.99,2.35,5.64
SH-00289,2025-03-09,2025-03-01,Shopify,AZ,C-00136,CP-REFILL-10,"Car Perfume refill, 10 ml",Refills,1,5.99,5.99,1.05,4.94
SH-00289,2025-03-09,2025-03-01,Shopify,AZ,C-00136,CP-REFILL-30,"Car Perfume refill, 3 x 10 ml",Refills,1,14.99,14.99,3.15,11.84
SH-00290,2025-03-09,2025-03-01,Shopify,MI,C-00326,CP-BOTTLE-COLOR,"Car Perfume bottle, color collection",Car Perfume,1,9.99,9.99,2.55,7.44
SH-00290,2025-03-09,2025-03-01,Shopify,MI,C-00326,CP-REFILL-30,"Car Perfume refill, 3 x 10 ml",Refills,1,14.99,14.99,3.15,11.84
SH-00291,2025-03-09,2025-03-01,Shopify,CA,C-00278,CP-REFILL-20,"Car Perfume refill, 2 x 10 ml",Refills,1,10.99,10.99,2.1,8.89
EB-00186,2025-03-10,2025-03-01,eBay,CA,C-00363,DF-TF-OMBRE,Tom Ford Ombre Leather EDP 3.4 oz,Designer fragrance,1,121.03,121.03,93.0,28.03
EB-00187,2025-03-10,2025-03-01,eBay,TX,C-00366,DF-VERSACE-EROS,Versace Eros EDT 3.4 oz,Designer fragrance,1,58.92,58.92,46.0,12.92
SH-00292,2025-03-10,2025-03-01,Shopify,TX,C-00364,DF-JPG-ELIXIR,Jean Paul Gaultier Le Male Elixir 4.2 oz,Designer fragrance,1,107.66,107.66,87.0,20.66
SH-00293,2025-03-10,2025-03-01,Shopify,CA,C-00365,CP-BOTTLE-COLOR,"Car Perfume bottle, color collection",Car Perfume,1,9.99,9.99,2.55,7.44
SH-00293,2025-03-10,2025-03-01,Shopify,CA,C-00365,CP-REFILL-10,"Car Perfume refill, 10 ml",Refills,1,5.99,5.99,1.05,4.94
SH-00294,2025-03-10,2025-03-01,Shopify,IL,C-00367,CP-BOTTLE-COLOR,"Car Perfume bottle, color collection",Car Perfume,1,9.99,9.99,2.55,7.44
SH-00294,2025-03-10,2025-03-01,Shopify,IL,C-00367,CP-REFILL-10,"Car Perfume refill, 10 ml",Refills,2,5.99,11.98,2.1,9.88
EB-00188,2025-03-11,2025-03-01,eBay,AZ,C-00369,CP-BOTTLE-COLOR,"Car Perfume bottle, color collection",Car Perfume,1,9.99,9.99,2.55,7.44
EB-00188,2025-03-11,2025-03-01,eBay,AZ,C-00369,CP-REFILL-30,"Car Perfume refill, 3 x 10 ml",Refills,1,14.99,14.99,3.15,11.84
EB-00189,2025-03-11,2025-03-01,eBay,OR,C-00373,DF-XJ-ERBA,Xerjoff Erba Pura EDP 3.4 oz,Designer fragrance,1,165.77,165.77,133.0,32.77
SH-00295,2025-03-11,2025-03-01,Shopify,AZ,C-00368,CP-BOTTLE-CLASSIC,"Car Perfume bottle, Onyx, Chrome or Gold",Car Perfume,1,7.99,7.99,2.35,5.64
SH-00296,2025-03-11,2025-03-01,Shopify,TX,C-00370,CP-REFILL-10,"Car Perfume refill, 10 ml",Refills,2,5.99,11.98,2.1,9.88
SH-00297,2025-03-11,2025-03-01,Shopify,CA,C-00371,CP-BOTTLE-CLASSIC,"Car Perfume bottle, Onyx, Chrome or Gold",Car Perfume,1,7.99,7.99,2.35,5.64
SH-00297,2025-03-11,2025-03-01,Shopify,CA,C-00371,CP-REFILL-10,"Car Perfume refill, 10 ml",Refills,2,5.99,11.98,2.1,9.88
SH-00298,2025-03-11,2025-03-01,Shopify,CO,C-00372,CP-BOTTLE-CLASSIC,"Car Perfume bottle, Onyx, Chrome or Gold",Car Perfume,1,7.99,7.99,2.35,5.64
SH-00298,2025-03-11,2025-03-01,Shopify,CO,C-00372,CP-REFILL-10,"Car Perfume refill, 10 ml",Refills,1,5.99,5.99,1.05,4.94
EB-00190,2025-03-12,2025-03-01,eBay,NJ,C-00377,DF-DIOR-SAUVAGE,Dior Sauvage EDT 3.4 oz,Designer fragrance,1,96.85,96.85,76.0,20.85
SH-00299,2025-03-12,2025-03-01,Shopify,OH,C-00374,DF-VERSACE-EROS,Versace Eros EDT 3.4 oz,Designer fragrance,1,63.44,63.44,46.0,17.44
SH-00300,2025-03-12,2025-03-01,Shopify,TX,C-00375,DF-PDM-LAYTON,Parfums de Marly Layton EDP 4.2 oz,Designer fragrance,1,177.35,177.35,148.0,29.35
SH-00301,2025-03-12,2025-03-01,Shopify,TX,C-00376,CP-BOTTLE-COLOR,"Car Perfume bottle, color collection",Car Perfume,1,9.99,9.99,2.55,7.44
SH-00301,2025-03-12,2025-03-01,Shopify,TX,C-00376,CP-REFILL-30,"Car Perfume refill, 3 x 10 ml",Refills,1,14.99,14.99,3.15,11.84
SH-00302,2025-03-12,2025-03-01,Shopify,NJ,C-00377,DF-MFK-BR540,Maison Francis Kurkdjian Baccarat Rouge 540 EDP 2.4 oz,Designer fragrance,1,267.68,267.68,219.0,48.68
SH-00303,2025-03-12,2025-03-01,Shopify,PA,C-00318,CP-BOTTLE-COLOR,"Car Perfume bottle, color collection",Car Perfume,1,9.99,9.99,2.55,7.44
SH-00303,2025-03-12,2025-03-01,Shopify,PA,C-00318,CP-REFILL-20,"Car Perfume refill, 2 x 10 ml",Refills,1,10.99,10.99,2.1,8.89
SH-00304,2025-03-13,2025-03-01,Shopify,CA,C-00378,CP-REFILL-10,"Car Perfume refill, 10 ml",Refills,1,5.99,5.99,1.05,4.94
SH-00305,2025-03-13,2025-03-01,Shopify,TX,C-00370,CP-BOTTLE-CLASSIC,"Car Perfume bottle, Onyx, Chrome or Gold",Car Perfume,1,7.99,7.99,2.35,5.64
EB-00191,2025-03-14,2025-03-01,eBay,NY,C-00379,DF-MFK-BR540,Maison Francis Kurkdjian Baccarat Rouge 540 EDP 2.4 oz,Designer fragrance,1,269.17,269.17,219.0,50.17
EB-00192,2025-03-14,2025-03-01,eBay,MD,C-00382,DF-TF-OMBRE,Tom Ford Ombre Leather EDP 3.4 oz,Designer fragrance,1,111.62,111.62,93.0,18.62
SH-00306,2025-03-14,2025-03-01,Shopify,TX,C-00380,CP-REFILL-30,"Car Perfume refill, 3 x 10 ml",Refills,1,14.99,14.99,3.15,11.84
SH-00307,2025-03-14,2025-03-01,Shopify,CA,C-00381,CP-REFILL-10,"Car Perfume refill, 10 ml",Refills,1,5.99,5.99,1.05,4.94
SH-00308,2025-03-14,2025-03-01,Shopify,CO,C-00255,CP-BOTTLE-CLASSIC,"Car Perfume bottle, Onyx, Chrome or Gold",Car Perfume,1,7.99,7.99,2.35,5.64
SH-00308,2025-03-14,2025-03-01,Shopify,CO,C-00255,CP-REFILL-10,"Car Perfume refill, 10 ml",Refills,2,5.99,11.98,2.1,9.88
SH-00308,2025-03-14,2025-03-01,Shopify,CO,C-00255,CP-REFILL-30,"Car Perfume refill, 3 x 10 ml",Refills,1,14.99,14.99,3.15,11.84
SH-00309,2025-03-14,2025-03-01,Shopify,CA,C-00383,CP-BOTTLE-COLOR,"Car Perfume bottle, color collection",Car Perfume,1,9.99,9.99,2.55,7.44
SH-00309,2025-03-14,2025-03-01,Shopify,CA,C-00383,CP-REFILL-10,"Car Perfume refill, 10 ml",Refills,1,5.99,5.99,1.05,4.94
SH-00310,2025-03-14,2025-03-01,Shopify,CA,C-00384,CP-REFILL-20,"Car Perfume refill, 2 x 10 ml",Refills,1,10.99,10.99,2.1,8.89
SH-00311,2025-03-14,2025-03-01,Shopify,AZ,C-00356,CP-BOTTLE-CLASSIC,"Car Perfume bottle, Onyx, Chrome or Gold",Car Perfume,1,7.99,7.99,2.35,5.64
SH-00311,2025-03-14,2025-03-01,Shopify,AZ,C-00356,CP-REFILL-20,"Car Perfume refill, 2 x 10 ml",Refills,1,10.99,10.99,2.1,8.89
SH-00311,2025-03-14,2025-03-01,Shopify,AZ,C-00356,CP-REFILL-10,"Car Perfume refill, 10 ml",Refills,1,5.99,5.99,1.05,4.94
SH-00312,2025-03-14,2025-03-01,Shopify,NJ,C-00385,DF-XJ-ERBA,Xerjoff Erba Pura EDP 3.4 oz,Designer fragrance,1,165.6,165.6,133.0,32.6
EB-00193,2025-03-15,2025-03-01,eBay,TN,C-00033,CP-BOTTLE-COLOR,"Car Perfume bottle, color collection",Car Perfume,1,9.99,9.99,2.55,7.44
EB-00194,2025-03-15,2025-03-01,eBay,PA,C-00387,CP-REFILL-30,"Car Perfume refill, 3 x 10 ml",Refills,2,14.99,29.98,6.3,23.68
EB-00194,2025-03-15,2025-03-01,eBay,PA,C-00387,CP-REFILL-10,"Car Perfume refill, 10 ml",Refills,2,5.99,11.98,2.1,9.88
SH-00313,2025-03-15,2025-03-01,Shopify,TN,C-00033,CP-REFILL-10,"Car Perfume refill, 10 ml",Refills,1,5.99,5.99,1.05,4.94
SH-00313,2025-03-15,2025-03-01,Shopify,TN,C-00033,CP-REFILL-20,"Car Perfume refill, 2 x 10 ml",Refills,1,10.99,10.99,2.1,8.89
SH-00314,2025-03-15,2025-03-01,Shopify,CA,C-00386,DF-VAL-BIR,Valentino Born in Roma Uomo EDT 3.4 oz,Designer fragrance,1,92.58,92.58,76.0,16.58
EB-00195,2025-03-16,2025-03-01,eBay,PA,C-00389,DF-PDM-LAYTON,Parfums de Marly Layton EDP 4.2 oz,Designer fragrance,1,179.86,179.86,148.0,31.86
SH-00315,2025-03-16,2025-03-01,Shopify,NC,C-00388,CP-BOTTLE-CLASSIC,"Car Perfume bottle, Onyx, Chrome or Gold",Car Perfume,1,7.99,7.99,2.35,5.64
SH-00316,2025-03-16,2025-03-01,Shopify,GA,C-00024,CP-REFILL-10,"Car Perfume refill, 10 ml",Refills,1,5.99,5.99,1.05,4.94
SH-00317,2025-03-16,2025-03-01,Shopify,TX,C-00390,CP-REFILL-30,"Car Perfume refill, 3 x 10 ml",Refills,1,14.99,14.99,3.15,11.84
SH-00318,2025-03-16,2025-03-01,Shopify,NY,C-00391,DF-XJ-ERBA,Xerjoff Erba Pura EDP 3.4 oz,Designer fragrance,1,163.72,163.72,133.0,30.72
SH-00319,2025-03-17,2025-03-01,Shopify,OH,C-00392,DF-VAL-BIR,Valentino Born in Roma Uomo EDT 3.4 oz,Designer fragrance,1,95.55,95.55,76.0,19.55
SH-00320,2025-03-17,2025-03-01,Shopify,AZ,C-00393,CP-BOTTLE-CLASSIC,"Car Perfume bottle, Onyx, Chrome or Gold",Car Perfume,1,7.99,7.99,2.35,5.64
SH-00320,2025-03-17,2025-03-01,Shopify,AZ,C-00393,CP-REFILL-10,"Car Perfume refill, 10 ml",Refills,1,5.99,5.99,1.05,4.94
SH-00320,2025-03-17,2025-03-01,Shopify,AZ,C-00393,CP-REFILL-20,"Car Perfume refill, 2 x 10 ml",Refills,2,10.99,21.98,4.2,17.78
SH-00321,2025-03-17,2025-03-01,Shopify,OH,C-00234,CP-BOTTLE-CLASSIC,"Car Perfume bottle, Onyx, Chrome or Gold",Car Perfume,1,7.99,7.99,2.35,5.64
SH-00321,2025-03-17,2025-03-01,Shopify,OH,C-00234,CP-REFILL-10,"Car Perfume refill, 10 ml",Refills,1,5.99,5.99,1.05,4.94
SH-00321,2025-03-17,2025-03-01,Shopify,OH,C-00234,CP-REFILL-20,"Car Perfume refill, 2 x 10 ml",Refills,1,10.99,10.99,2.1,8.89
EB-00196,2025-03-18,2025-03-01,eBay,CA,C-00009,CP-BOTTLE-CLASSIC,"Car Perfume bottle, Onyx, Chrome or Gold",Car Perfume,1,7.99,7.99,2.35,5.64
EB-00196,2025-03-18,2025-03-01,eBay,CA,C-00009,CP-REFILL-20,"Car Perfume refill, 2 x 10 ml",Refills,1,10.99,10.99,2.1,8.89
SH-00322,2025-03-18,2025-03-01,Shopify,CA,C-00073,CP-BOTTLE-CLASSIC,"Car Perfume bottle, Onyx, Chrome or Gold",Car Perfume,1,7.99,7.99,2.35,5.64
SH-00322,2025-03-18,2025-03-01,Shopify,CA,C-00073,CP-REFILL-10,"Car Perfume refill, 10 ml",Refills,2,5.99,11.98,2.1,9.88
SH-00323,2025-03-18,2025-03-01,Shopify,FL,C-00394,DF-VERSACE-EROS,Versace Eros EDT 3.4 oz,Designer fragrance,1,59.78,59.78,46.0,13.78
SH-00324,2025-03-18,2025-03-01,Shopify,WA,C-00395,CP-REFILL-10,"Car Perfume refill, 10 ml",Refills,1,5.99,5.99,1.05,4.94
SH-00324,2025-03-18,2025-03-01,Shopify,WA,C-00395,CP-REFILL-20,"Car Perfume refill, 2 x 10 ml",Refills,1,10.99,10.99,2.1,8.89
SH-00325,2025-03-18,2025-03-01,Shopify,CA,C-00396,CP-REFILL-30,"Car Perfume refill, 3 x 10 ml",Refills,2,14.99,29.98,6.3,23.68
SH-00325,2025-03-18,2025-03-01,Shopify,CA,C-00396,CP-REFILL-20,"Car Perfume refill, 2 x 10 ml",Refills,1,10.99,10.99,2.1,8.89
SH-00325,2025-03-18,2025-03-01,Shopify,CA,C-00396,CP-REFILL-10,"Car Perfume refill, 10 ml",Refills,1,5.99,5.99,1.05,4.94
SH-00326,2025-03-18,2025-03-01,Shopify,TX,C-00185,CP-REFILL-10,"Car Perfume refill, 10 ml",Refills,3,5.99,17.97,3.15,14.82
SH-00327,2025-03-19,2025-03-01,Shopify,CA,C-00397,DF-XJ-ERBA,Xerjoff Erba Pura EDP 3.4 oz,Designer fragrance,1,164.41,164.41,133.0,31.41
SH-00328,2025-03-19,2025-03-01,Shopify,OR,C-00011,CP-BOTTLE-COLOR,"Car Perfume bottle, color collection",Car Perfume,1,9.99,9.99,2.55,7.44
SH-00328,2025-03-19,2025-03-01,Shopify,OR,C-00011,CP-REFILL-10,"Car Perfume refill, 10 ml",Refills,1,5.99,5.99,1.05,4.94
SH-00329,2025-03-20,2025-03-01,Shopify,CA,C-00398,DF-PDM-LAYTON,Parfums de Marly Layton EDP 4.2 oz,Designer fragrance,1,178.55,178.55,148.0,30.55
SH-00330,2025-03-20,2025-03-01,Shopify,TX,C-00399,DF-VERSACE-EROS,Versace Eros EDT 3.4 oz,Designer fragrance,1,62.66,62.66,46.0,16.66
SH-00331,2025-03-20,2025-03-01,Shopify,CA,C-00400,CP-BOTTLE-CLASSIC,"Car Perfume bottle, Onyx, Chrome or Gold",Car Perfume,1,7.99,7.99,2.35,5.64
SH-00331,2025-03-20,2025-03-01,Shopify,CA,C-00400,CP-REFILL-10,"Car Perfume refill, 10 ml",Refills,1,5.99,5.99,1.05,4.94
SH-00332,2025-03-20,2025-03-01,Shopify,CA,C-00130,CP-BOTTLE-COLOR,"Car Perfume bottle, color collection",Car Perfume,1,9.99,9.99,2.55,7.44
EB-00197,2025-03-21,2025-03-01,eBay,CA,C-00401,DF-DIOR-SAUVAGE,Dior Sauvage EDT 3.4 oz,Designer fragrance,1,99.49,99.49,76.0,23.49
EB-00198,2025-03-21,2025-03-01,eBay,CA,C-00403,CP-BOTTLE-COLOR,"Car Perfume bottle, color collection",Car Perfume,1,9.99,9.99,2.55,7.44
EB-00198,2025-03-21,2025-03-01,eBay,CA,C-00403,CP-REFILL-10,"Car Perfume refill, 10 ml",Refills,1,5.99,5.99,1.05,4.94
EB-00199,2025-03-21,2025-03-01,eBay,TX,C-00404,DF-JPG-ELIXIR,Jean Paul Gaultier Le Male Elixir 4.2 oz,Designer fragrance,1,105.54,105.54,87.0,18.54
SH-00333,2025-03-21,2025-03-01,Shopify,NC,C-00402,CP-BOTTLE-CLASSIC,"Car Perfume bottle, Onyx, Chrome or Gold",Car Perfume,1,7.99,7.99,2.35,5.64
SH-00333,2025-03-21,2025-03-01,Shopify,NC,C-00402,CP-REFILL-20,"Car Perfume refill, 2 x 10 ml",Refills,1,10.99,10.99,2.1,8.89
SH-00333,2025-03-21,2025-03-01,Shopify,NC,C-00402,CP-REFILL-10,"Car Perfume refill, 10 ml",Refills,1,5.99,5.99,1.05,4.94
SH-00334,2025-03-21,2025-03-01,Shopify,FL,C-00341,CP-BOTTLE-COLOR,"Car Perfume bottle, color collection",Car Perfume,1,9.99,9.99,2.55,7.44
SH-00335,2025-03-21,2025-03-01,Shopify,CA,C-00319,CP-REFILL-20,"Car Perfume refill, 2 x 10 ml",Refills,2,10.99,21.98,4.2,17.78
SH-00335,2025-03-21,2025-03-01,Shopify,CA,C-00319,CP-REFILL-30,"Car Perfume refill, 3 x 10 ml",Refills,1,14.99,14.99,3.15,11.84
SH-00335,2025-03-21,2025-03-01,Shopify,CA,C-00319,CP-REFILL-10,"Car Perfume refill, 10 ml",Refills,1,5.99,5.99,1.05,4.94
EB-00200,2025-03-22,2025-03-01,eBay,WA,C-00406,DF-INITIO-OUD,Initio Oud for Greatness EDP 3.0 oz,Designer fragrance,1,204.38,204.38,169.0,35.38
EB-00201,2025-03-22,2025-03-01,eBay,NC,C-00402,CP-BOTTLE-CLASSIC,"Car Perfume bottle, Onyx, Chrome or Gold",Car Perfume,1,7.99,7.99,2.35,5.64
EB-00202,2025-03-22,2025-03-01,eBay,IL,C-00407,DF-MFK-BR540,Maison Francis Kurkdjian Baccarat Rouge 540 EDP 2.4 oz,Designer fragrance,1,272.14,272.14,219.0,53.14
SH-00336,2025-03-22,2025-03-01,Shopify,CA,C-00405,CP-REFILL-30,"Car Perfume refill, 3 x 10 ml",Refills,1,14.99,14.99,3.15,11.84
SH-00336,2025-03-22,2025-03-01,Shopify,CA,C-00405,CP-REFILL-10,"Car Perfume refill, 10 ml",Refills,1,5.99,5.99,1.05,4.94
SH-00336,2025-03-22,2025-03-01,Shopify,CA,C-00405,CP-REFILL-20,"Car Perfume refill, 2 x 10 ml",Refills,1,10.99,10.99,2.1,8.89
SH-00337,2025-03-22,2025-03-01,Shopify,NY,C-00408,CP-BOTTLE-COLOR,"Car Perfume bottle, color collection",Car Perfume,1,9.99,9.99,2.55,7.44
SH-00337,2025-03-22,2025-03-01,Shopify,NY,C-00408,CP-REFILL-30,"Car Perfume refill, 3 x 10 ml",Refills,1,14.99,14.99,3.15,11.84
SH-00338,2025-03-22,2025-03-01,Shopify,CA,C-00409,DF-PDM-DELINA,Parfums de Marly Delina EDP 2.5 oz,Designer fragrance,1,206.67,206.67,170.0,36.67
EB-00203,2025-03-23,2025-03-01,eBay,CA,C-00411,DF-PDM-LAYTON,Parfums de Marly Layton EDP 4.2 oz,Designer fragrance,1,175.24,175.24,148.0,27.24
EB-00204,2025-03-23,2025-03-01,eBay,MA,C-00412,DF-CREED-AVENTUS,Creed Aventus EDP 3.3 oz,Designer fragrance,1,278.96,278.96,244.0,34.96
SH-00339,2025-03-23,2025-03-01,Shopify,WA,C-00410,CP-REFILL-10,"Car Perfume refill, 10 ml",Refills,1,5.99,5.99,1.05,4.94
SH-00340,2025-03-23,2025-03-01,Shopify,CA,C-00400,CP-BOTTLE-CLASSIC,"Car Perfume bottle, Onyx, Chrome or Gold",Car Perfume,1,7.99,7.99,2.35,5.64
SH-00340,2025-03-23,2025-03-01,Shopify,CA,C-00400,CP-REFILL-30,"Car Perfume refill, 3 x 10 ml",Refills,1,14.99,14.99,3.15,11.84
SH-00341,2025-03-23,2025-03-01,Shopify,TN,C-00033,CP-REFILL-10,"Car Perfume refill, 10 ml",Refills,1,5.99,5.99,1.05,4.94
SH-00341,2025-03-23,2025-03-01,Shopify,TN,C-00033,CP-REFILL-30,"Car Perfume refill, 3 x 10 ml",Refills,1,14.99,14.99,3.15,11.84
SH-00341,2025-03-23,2025-03-01,Shopify,TN,C-00033,CP-REFILL-20,"Car Perfume refill, 2 x 10 ml",Refills,1,10.99,10.99,2.1,8.89
EB-00205,2025-03-24,2025-03-01,eBay,NY,C-00415,DF-CREED-AVENTUS,Creed Aventus EDP 3.3 oz,Designer fragrance,1,298.32,298.32,244.0,54.32
EB-00206,2025-03-24,2025-03-01,eBay,MI,C-00417,DF-YSL-LIBRE,YSL Libre EDP 3.0 oz,Designer fragrance,1,102.43,102.43,82.0,20.43
EB-00206,2025-03-24,2025-03-01,eBay,MI,C-00417,DF-PDM-LAYTON,Parfums de Marly Layton EDP 4.2 oz,Designer fragrance,1,181.08,181.08,148.0,33.08
SH-00342,2025-03-24,2025-03-01,Shopify,OH,C-00413,DF-PDM-LAYTON,Parfums de Marly Layton EDP 4.2 oz,Designer fragrance,1,187.88,187.88,148.0,39.88
SH-00343,2025-03-24,2025-03-01,Shopify,CA,C-00414,DF-PDM-LAYTON,Parfums de Marly Layton EDP 4.2 oz,Designer fragrance,1,190.29,190.29,148.0,42.29
SH-00344,2025-03-24,2025-03-01,Shopify,CA,C-00416,CP-REFILL-10,"Car Perfume refill, 10 ml",Refills,1,5.99,5.99,1.05,4.94
SH-00345,2025-03-24,2025-03-01,Shopify,FL,C-00418,CP-BOTTLE-CLASSIC,"Car Perfume bottle, Onyx, Chrome or Gold",Car Perfume,1,7.99,7.99,2.35,5.64
SH-00345,2025-03-24,2025-03-01,Shopify,FL,C-00418,CP-REFILL-10,"Car Perfume refill, 10 ml",Refills,1,5.99,5.99,1.05,4.94
SH-00346,2025-03-24,2025-03-01,Shopify,TX,C-00419,CP-REFILL-30,"Car Perfume refill, 3 x 10 ml",Refills,1,14.99,14.99,3.15,11.84
SH-00346,2025-03-24,2025-03-01,Shopify,TX,C-00419,CP-REFILL-20,"Car Perfume refill, 2 x 10 ml",Refills,1,10.99,10.99,2.1,8.89
SH-00346,2025-03-24,2025-03-01,Shopify,TX,C-00419,CP-REFILL-10,"Car Perfume refill, 10 ml",Refills,1,5.99,5.99,1.05,4.94
SH-00347,2025-03-24,2025-03-01,Shopify,NV,C-00420,CP-REFILL-20,"Car Perfume refill, 2 x 10 ml",Refills,1,10.99,10.99,2.1,8.89
SH-00348,2025-03-24,2025-03-01,Shopify,FL,C-00421,CP-BOTTLE-CLASSIC,"Car Perfume bottle, Onyx, Chrome or Gold",Car Perfume,1,7.99,7.99,2.35,5.64
EB-00207,2025-03-25,2025-03-01,eBay,AZ,C-00422,DF-DIOR-SAUVAGE,Dior Sauvage EDT 3.4 oz,Designer fragrance,1,100.15,100.15,76.0,24.15
EB-00208,2025-03-25,2025-03-01,eBay,AZ,C-00423,DF-PDM-LAYTON,Parfums de Marly Layton EDP 4.2 oz,Designer fragrance,1,189.04,189.04,148.0,41.04
EB-00209,2025-03-25,2025-03-01,eBay,AZ,C-00423,DF-YSL-LIBRE,YSL Libre EDP 3.0 oz,Designer fragrance,1,102.9,102.9,82.0,20.9
SH-00349,2025-03-25,2025-03-01,Shopify,FL,C-00424,CP-REFILL-10,"Car Perfume refill, 10 ml",Refills,2,5.99,11.98,2.1,9.88
EB-00210,2025-03-26,2025-03-01,eBay,GA,C-00425,DF-XJ-ERBA,Xerjoff Erba Pura EDP 3.4 oz,Designer fragrance,1,163.93,163.93,133.0,30.93
EB-00211,2025-03-26,2025-03-01,eBay,CA,C-00427,DF-TF-OMBRE,Tom Ford Ombre Leather EDP 3.4 oz,Designer fragrance,1,117.52,117.52,93.0,24.52
SH-00350,2025-03-26,2025-03-01,Shopify,TX,C-00426,DF-DIOR-SAUVAGE,Dior Sauvage EDT 3.4 oz,Designer fragrance,1,92.74,92.74,76.0,16.74
SH-00351,2025-03-26,2025-03-01,Shopify,NY,C-00408,CP-BOTTLE-CLASSIC,"Car Perfume bottle, Onyx, Chrome or Gold",Car Perfume,1,7.99,7.99,2.35,5.64
SH-00352,2025-03-26,2025-03-01,Shopify,CA,C-00182,CP-BOTTLE-CLASSIC,"Car Perfume bottle, Onyx, Chrome or Gold",Car Perfume,1,7.99,7.99,2.35,5.64
SH-00352,2025-03-26,2025-03-01,Shopify,CA,C-00182,CP-REFILL-30,"Car Perfume refill, 3 x 10 ml",Refills,1,14.99,14.99,3.15,11.84
SH-00353,2025-03-26,2025-03-01,Shopify,NY,C-00408,CP-BOTTLE-CLASSIC,"Car Perfume bottle, Onyx, Chrome or Gold",Car Perfume,1,7.99,7.99,2.35,5.64
EB-00212,2025-03-27,2025-03-01,eBay,TX,C-00428,DF-MFK-BR540,Maison Francis Kurkdjian Baccarat Rouge 540 EDP 2.4 oz,Designer fragrance,1,256.84,256.84,219.0,37.84
EB-00213,2025-03-27,2025-03-01,eBay,NJ,C-00430,DF-PDM-LAYTON,Parfums de Marly Layton EDP 4.2 oz,Designer fragrance,1,174.61,174.61,148.0,26.61
EB-00213,2025-03-27,2025-03-01,eBay,NJ,C-00430,DF-PDM-DELINA,Parfums de Marly Delina EDP 2.5 oz,Designer fragrance,1,203.85,203.85,170.0,33.85
SH-00354,2025-03-27,2025-03-01,Shopify,TX,C-00429,CP-REFILL-10,"Car Perfume refill, 10 ml",Refills,1,5.99,5.99,1.05,4.94
SH-00354,2025-03-27,2025-03-01,Shopify,TX,C-00429,CP-REFILL-20,"Car Perfume refill, 2 x 10 ml",Refills,1,10.99,10.99,2.1,8.89
SH-00355,2025-03-27,2025-03-01,Shopify,NC,C-00431,CP-BOTTLE-COLOR,"Car Perfume bottle, color collection",Car Perfume,1,9.99,9.99,2.55,7.44
SH-00355,2025-03-27,2025-03-01,Shopify,NC,C-00431,CP-REFILL-20,"Car Perfume refill, 2 x 10 ml",Refills,1,10.99,10.99,2.1,8.89
SH-00355,2025-03-27,2025-03-01,Shopify,NC,C-00431,CP-REFILL-10,"Car Perfume refill, 10 ml",Refills,2,5.99,11.98,2.1,9.88
SH-00356,2025-03-27,2025-03-01,Shopify,OH,C-00432,CP-REFILL-30,"Car Perfume refill, 3 x 10 ml",Refills,1,14.99,14.99,3.15,11.84
SH-00356,2025-03-27,2025-03-01,Shopify,OH,C-00432,CP-REFILL-10,"Car Perfume refill, 10 ml",Refills,2,5.99,11.98,2.1,9.88
SH-00357,2025-03-27,2025-03-01,Shopify,TX,C-00390,CP-REFILL-30,"Car Perfume refill, 3 x 10 ml",Refills,2,14.99,29.98,6.3,23.68
EB-00214,2025-03-28,2025-03-01,eBay,NY,C-00433,DF-TF-OMBRE,Tom Ford Ombre Leather EDP 3.4 oz,Designer fragrance,1,118.27,118.27,93.0,25.27
SH-00358,2025-03-28,2025-03-01,Shopify,TX,C-00434,DF-PDM-LAYTON,Parfums de Marly Layton EDP 4.2 oz,Designer fragrance,1,183.15,183.15,148.0,35.15
SH-00359,2025-03-28,2025-03-01,Shopify,CA,C-00435,CP-BOTTLE-COLOR,"Car Perfume bottle, color collection",Car Perfume,1,9.99,9.99,2.55,7.44
SH-00359,2025-03-28,2025-03-01,Shopify,CA,C-00435,CP-REFILL-10,"Car Perfume refill, 10 ml",Refills,1,5.99,5.99,1.05,4.94
SH-00360,2025-03-28,2025-03-01,Shopify,CA,C-00436,CP-REFILL-20,"Car Perfume refill, 2 x 10 ml",Refills,2,10.99,21.98,4.2,17.78
SH-00360,2025-03-28,2025-03-01,Shopify,CA,C-00436,CP-REFILL-30,"Car Perfume refill, 3 x 10 ml",Refills,1,14.99,14.99,3.15,11.84
SH-00361,2025-03-28,2025-03-01,Shopify,CA,C-00437,DF-DIOR-SAUVAGE,Dior Sauvage EDT 3.4 oz,Designer fragrance,1,96.87,96.87,76.0,20.87
SH-00362,2025-03-28,2025-03-01,Shopify,CA,C-00436,CP-REFILL-30,"Car Perfume refill, 3 x 10 ml",Refills,2,14.99,29.98,6.3,23.68
SH-00362,2025-03-28,2025-03-01,Shopify,CA,C-00436,CP-REFILL-20,"Car Perfume refill, 2 x 10 ml",Refills,1,10.99,10.99,2.1,8.89
SH-00362,2025-03-28,2025-03-01,Shopify,CA,C-00436,CP-REFILL-10,"Car Perfume refill, 10 ml",Refills,1,5.99,5.99,1.05,4.94
EB-00215,2025-03-29,2025-03-01,eBay,FL,C-00438,DF-INITIO-OUD,Initio Oud for Greatness EDP 3.0 oz,Designer fragrance,1,205.5,205.5,169.0,36.5
EB-00216,2025-03-29,2025-03-01,eBay,GA,C-00134,CP-BOTTLE-CLASSIC,"Car Perfume bottle, Onyx, Chrome or Gold",Car Perfume,1,7.99,7.99,2.35,5.64
EB-00216,2025-03-29,2025-03-01,eBay,GA,C-00134,CP-REFILL-20,"Car Perfume refill, 2 x 10 ml",Refills,1,10.99,10.99,2.1,8.89
EB-00216,2025-03-29,2025-03-01,eBay,GA,C-00134,CP-REFILL-10,"Car Perfume refill, 10 ml",Refills,1,5.99,5.99,1.05,4.94
EB-00217,2025-03-29,2025-03-01,eBay,TN,C-00439,DF-DIOR-SAUVAGE,Dior Sauvage EDT 3.4 oz,Designer fragrance,1,94.86,94.86,76.0,18.86
EB-00218,2025-03-29,2025-03-01,eBay,FL,C-00441,DF-DIOR-SAUVAGE,Dior Sauvage EDT 3.4 oz,Designer fragrance,1,97.46,97.46,76.0,21.46
SH-00363,2025-03-29,2025-03-01,Shopify,CA,C-00383,CP-BOTTLE-CLASSIC,"Car Perfume bottle, Onyx, Chrome or Gold",Car Perfume,1,7.99,7.99,2.35,5.64
SH-00364,2025-03-29,2025-03-01,Shopify,FL,C-00211,CP-BOTTLE-CLASSIC,"Car Perfume bottle, Onyx, Chrome or Gold",Car Perfume,1,7.99,7.99,2.35,5.64
SH-00365,2025-03-29,2025-03-01,Shopify,TX,C-00419,CP-BOTTLE-CLASSIC,"Car Perfume bottle, Onyx, Chrome or Gold",Car Perfume,1,7.99,7.99,2.35,5.64
SH-00365,2025-03-29,2025-03-01,Shopify,TX,C-00419,CP-REFILL-10,"Car Perfume refill, 10 ml",Refills,1,5.99,5.99,1.05,4.94
SH-00366,2025-03-29,2025-03-01,Shopify,NC,C-00198,CP-REFILL-10,"Car Perfume refill, 10 ml",Refills,1,5.99,5.99,1.05,4.94
SH-00367,2025-03-29,2025-03-01,Shopify,NC,C-00198,CP-BOTTLE-COLOR,"Car Perfume bottle, color collection",Car Perfume,1,9.99,9.99,2.55,7.44
SH-00368,2025-03-29,2025-03-01,Shopify,IL,C-00440,DF-JPG-ELIXIR,Jean Paul Gaultier Le Male Elixir 4.2 oz,Designer fragrance,1,112.47,112.47,87.0,25.47
SH-00369,2025-03-29,2025-03-01,Shopify,TX,C-00442,DF-MFK-BR540,Maison Francis Kurkdjian Baccarat Rouge 540 EDP 2.4 oz,Designer fragrance,1,271.95,271.95,219.0,52.95
EB-00219,2025-03-30,2025-03-01,eBay,GA,C-00134,CP-REFILL-30,"Car Perfume refill, 3 x 10 ml",Refills,1,14.99,14.99,3.15,11.84
EB-00219,2025-03-30,2025-03-01,eBay,GA,C-00134,CP-REFILL-20,"Car Perfume refill, 2 x 10 ml",Refills,2,10.99,21.98,4.2,17.78
EB-00219,2025-03-30,2025-03-01,eBay,GA,C-00134,CP-REFILL-10,"Car Perfume refill, 10 ml",Refills,1,5.99,5.99,1.05,4.94
EB-00220,2025-03-30,2025-03-01,eBay,TX,C-00289,DF-PDM-LAYTON,Parfums de Marly Layton EDP 4.2 oz,Designer fragrance,1,175.38,175.38,148.0,27.38
EB-00220,2025-03-30,2025-03-01,eBay,TX,C-00289,DF-MFK-BR540,Maison Francis Kurkdjian Baccarat Rouge 540 EDP 2.4 oz,Designer fragrance,1,271.35,271.35,219.0,52.35
EB-00221,2025-03-30,2025-03-01,eBay,NC,C-00445,DF-INITIO-OUD,Initio Oud for Greatness EDP 3.0 oz,Designer fragrance,1,198.19,198.19,169.0,29.19
EB-00222,2025-03-30,2025-03-01,eBay,FL,C-00447,DF-PDM-LAYTON,Parfums de Marly Layton EDP 4.2 oz,Designer fragrance,1,180.64,180.64,148.0,32.64
EB-00223,2025-03-30,2025-03-01,eBay,FL,C-00448,DF-VAL-BIR,Valentino Born in Roma Uomo EDT 3.4 oz,Designer fragrance,1,98.45,98.45,76.0,22.45
SH-00370,2025-03-30,2025-03-01,Shopify,CA,C-00443,CP-BOTTLE-CLASSIC,"Car Perfume bottle, Onyx, Chrome or Gold",Car Perfume,1,7.99,7.99,2.35,5.64
SH-00370,2025-03-30,2025-03-01,Shopify,CA,C-00443,CP-REFILL-30,"Car Perfume refill, 3 x 10 ml",Refills,1,14.99,14.99,3.15,11.84
SH-00370,2025-03-30,2025-03-01,Shopify,CA,C-00443,CP-REFILL-10,"Car Perfume refill, 10 ml",Refills,1,5.99,5.99,1.05,4.94
SH-00370,2025-03-30,2025-03-01,Shopify,CA,C-00443,CP-REFILL-20,"Car Perfume refill, 2 x 10 ml",Refills,1,10.99,10.99,2.1,8.89
SH-00371,2025-03-30,2025-03-01,Shopify,GA,C-00134,CP-BOTTLE-CLASSIC,"Car Perfume bottle, Onyx, Chrome or Gold",Car Perfume,1,7.99,7.99,2.35,5.64
SH-00371,2025-03-30,2025-03-01,Shopify,GA,C-00134,CP-REFILL-10,"Car Perfume refill, 10 ml",Refills,1,5.99,5.99,1.05,4.94
SH-00372,2025-03-30,2025-03-01,Shopify,WA,C-00444,CP-REFILL-30,"Car Perfume refill, 3 x 10 ml",Refills,1,14.99,14.99,3.15,11.84
SH-00373,2025-03-30,2025-03-01,Shopify,NC,C-00198,CP-BOTTLE-CLASSIC,"Car Perfume bottle, Onyx, Chrome or Gold",Car Perfume,1,7.99,7.99,2.35,5.64
SH-00374,2025-03-30,2025-03-01,Shopify,OH,C-00446,DF-VAL-BIR,Valentino Born in Roma Uomo EDT 3.4 oz,Designer fragrance,1,96.74,96.74,76.0,20.74
SH-00375,2025-03-30,2025-03-01,Shopify,TX,C-00289,DF-PDM-DELINA,Parfums de Marly Delina EDP 2.5 oz,Designer fragrance,1,202.95,202.95,170.0,32.95
EB-00224,2025-03-31,2025-03-01,eBay,CO,C-00449,DF-YSL-LIBRE,YSL Libre EDP 3.0 oz,Designer fragrance,1,102.24,102.24,82.0,20.24
EB-00225,2025-03-31,2025-03-01,eBay,GA,C-00134,CP-BOTTLE-COLOR,"Car Perfume bottle, color collection",Car Perfume,1,9.99,9.99,2.55,7.44
EB-00225,2025-03-31,2025-03-01,eBay,GA,C-00134,CP-REFILL-30,"Car Perfume refill, 3 x 10 ml",Refills,1,14.99,14.99,3.15,11.84
EB-00225,2025-03-31,2025-03-01,eBay,GA,C-00134,CP-REFILL-10,"Car Perfume refill, 10 ml",Refills,1,5.99,5.99,1.05,4.94
EB-00226,2025-03-31,2025-03-01,eBay,TN,C-00451,DF-VERSACE-EROS,Versace Eros EDT 3.4 oz,Designer fragrance,1,60.38,60.38,46.0,14.38
SH-00376,2025-03-31,2025-03-01,Shopify,TN,C-00450,DF-XJ-ERBA,Xerjoff Erba Pura EDP 3.4 oz,Designer fragrance,1,162.3,162.3,133.0,29.3
SH-00377,2025-04-01,2025-04-01,Shopify,TX,C-00452,CP-BOTTLE-COLOR,"Car Perfume bottle, color collection",Car Perfume,1,9.99,9.99,2.55,7.44
SH-00378,2025-04-01,2025-04-01,Shopify,CA,C-00453,CP-BOTTLE-CLASSIC,"Car Perfume bottle, Onyx, Chrome or Gold",Car Perfume,1,7.99,7.99,2.35,5.64
SH-00379,2025-04-01,2025-04-01,Shopify,CA,C-00454,CP-BOTTLE-CLASSIC,"Car Perfume bottle, Onyx, Chrome or Gold",Car Perfume,1,7.99,7.99,2.35,5.64
SH-00379,2025-04-01,2025-04-01,Shopify,CA,C-00454,CP-REFILL-30,"Car Perfume refill, 3 x 10 ml",Refills,2,14.99,29.98,6.3,23.68
EB-00227,2025-04-02,2025-04-01,eBay,CA,C-00455,DF-JPG-ELIXIR,Jean Paul Gaultier Le Male Elixir 4.2 oz,Designer fragrance,1,109.58,109.58,87.0,22.58
EB-00228,2025-04-02,2025-04-01,eBay,TX,C-00458,DF-VERSACE-EROS,Versace Eros EDT 3.4 oz,Designer fragrance,1,60.13,60.13,46.0,14.13
EB-00229,2025-04-02,2025-04-01,eBay,OR,C-00459,DF-CREED-AVENTUS,Creed Aventus EDP 3.3 oz,Designer fragrance,1,290.8,290.8,244.0,46.8
SH-00380,2025-04-02,2025-04-01,Shopify,CA,C-00456,CP-REFILL-20,"Car Perfume refill, 2 x 10 ml",Refills,3,10.99,32.97,6.3,26.67
SH-00380,2025-04-02,2025-04-01,Shopify,CA,C-00456,CP-REFILL-30,"Car Perfume refill, 3 x 10 ml",Refills,1,14.99,14.99,3.15,11.84
SH-00381,2025-04-02,2025-04-01,Shopify,CA,C-00457,CP-BOTTLE-COLOR,"Car Perfume bottle, color collection",Car Perfume,1,9.99,9.99,2.55,7.44
SH-00381,2025-04-02,2025-04-01,Shopify,CA,C-00457,CP-REFILL-10,"Car Perfume refill, 10 ml",Refills,1,5.99,5.99,1.05,4.94
EB-00230,2025-04-03,2025-04-01,eBay,WA,C-00460,DF-CREED-AVENTUS,Creed Aventus EDP 3.3 oz,Designer fragrance,1,303.73,303.73,244.0,59.73
EB-00231,2025-04-03,2025-04-01,eBay,OH,C-00462,CP-BOTTLE-COLOR,"Car Perfume bottle, color collection",Car Perfume,1,9.99,9.99,2.55,7.44
EB-00231,2025-04-03,2025-04-01,eBay,OH,C-00462,CP-REFILL-20,"Car Perfume refill, 2 x 10 ml",Refills,1,10.99,10.99,2.1,8.89
SH-00382,2025-04-03,2025-04-01,Shopify,CA,C-00456,CP-REFILL-20,"Car Perfume refill, 2 x 10 ml",Refills,1,10.99,10.99,2.1,8.89
SH-00383,2025-04-03,2025-04-01,Shopify,MI,C-00461,CP-BOTTLE-CLASSIC,"Car Perfume bottle, Onyx, Chrome or Gold",Car Perfume,1,7.99,7.99,2.35,5.64
SH-00383,2025-04-03,2025-04-01,Shopify,MI,C-00461,CP-REFILL-10,"Car Perfume refill, 10 ml",Refills,2,5.99,11.98,2.1,9.88
SH-00383,2025-04-03,2025-04-01,Shopify,MI,C-00461,CP-REFILL-20,"Car Perfume refill, 2 x 10 ml",Refills,1,10.99,10.99,2.1,8.89
EB-00232,2025-04-04,2025-04-01,eBay,CA,C-00464,CP-BOTTLE-CLASSIC,"Car Perfume bottle, Onyx, Chrome or Gold",Car Perfume,1,7.99,7.99,2.35,5.64
EB-00232,2025-04-04,2025-04-01,eBay,CA,C-00464,CP-REFILL-30,"Car Perfume refill, 3 x 10 ml",Refills,1,14.99,14.99,3.15,11.84
EB-00232,2025-04-04,2025-04-01,eBay,CA,C-00464,CP-REFILL-10,"Car Perfume refill, 10 ml",Refills,1,5.99,5.99,1.05,4.94
EB-00233,2025-04-04,2025-04-01,eBay,TX,C-00466,DF-DIOR-SAUVAGE,Dior Sauvage EDT 3.4 oz,Designer fragrance,1,100.14,100.14,76.0,24.14
SH-00384,2025-04-04,2025-04-01,Shopify,OH,C-00462,CP-BOTTLE-COLOR,"Car Perfume bottle, color collection",Car Perfume,1,9.99,9.99,2.55,7.44
SH-00384,2025-04-04,2025-04-01,Shopify,OH,C-00462,CP-REFILL-30,"Car Perfume refill, 3 x 10 ml",Refills,1,14.99,14.99,3.15,11.84
SH-00385,2025-04-04,2025-04-01,Shopify,NC,C-00402,CP-REFILL-30,"Car Perfume refill, 3 x 10 ml",Refills,1,14.99,14.99,3.15,11.84
SH-00385,2025-04-04,2025-04-01,Shopify,NC,C-00402,CP-REFILL-20,"Car Perfume refill, 2 x 10 ml",Refills,1,10.99,10.99,2.1,8.89
SH-00386,2025-04-04,2025-04-01,Shopify,MI,C-00463,CP-BOTTLE-COLOR,"Car Perfume bottle, color collection",Car Perfume,1,9.99,9.99,2.55,7.44
SH-00387,2025-04-04,2025-04-01,Shopify,NC,C-00465,CP-REFILL-20,"Car Perfume refill, 2 x 10 ml",Refills,1,10.99,10.99,2.1,8.89
SH-00387,2025-04-04,2025-04-01,Shopify,NC,C-00465,CP-REFILL-30,"Car Perfume refill, 3 x 10 ml",Refills,1,14.99,14.99,3.15,11.84
SH-00388,2025-04-04,2025-04-01,Shopify,CA,C-00467,DF-PDM-LAYTON,Parfums de Marly Layton EDP 4.2 oz,Designer fragrance,1,183.5,183.5,148.0,35.5
EB-00234,2025-04-05,2025-04-01,eBay,TX,C-00470,DF-DIOR-SAUVAGE,Dior Sauvage EDT 3.4 oz,Designer fragrance,1,93.86,93.86,76.0,17.86
EB-00235,2025-04-05,2025-04-01,eBay,CA,C-00472,CP-BOTTLE-COLOR,"Car Perfume bottle, color collection",Car Perfume,1,9.99,9.99,2.55,7.44
EB-00235,2025-04-05,2025-04-01,eBay,CA,C-00472,CP-REFILL-20,"Car Perfume refill, 2 x 10 ml",Refills,1,10.99,10.99,2.1,8.89
SH-00389,2025-04-05,2025-04-01,Shopify,TX,C-00429,CP-REFILL-20,"Car Perfume refill, 2 x 10 ml",Refills,2,10.99,21.98,4.2,17.78
SH-00389,2025-04-05,2025-04-01,Shopify,TX,C-00429,CP-REFILL-30,"Car Perfume refill, 3 x 10 ml",Refills,1,14.99,14.99,3.15,11.84
SH-00390,2025-04-05,2025-04-01,Shopify,CA,C-00468,CP-BOTTLE-CLASSIC,"Car Perfume bottle, Onyx, Chrome or Gold",Car Perfume,1,7.99,7.99,2.35,5.64
SH-00390,2025-04-05,2025-04-01,Shopify,CA,C-00468,CP-REFILL-10,"Car Perfume refill, 10 ml",Refills,1,5.99,5.99,1.05,4.94
SH-00390,2025-04-05,2025-04-01,Shopify,CA,C-00468,CP-REFILL-20,"Car Perfume refill, 2 x 10 ml",Refills,1,10.99,10.99,2.1,8.89
SH-00391,2025-04-05,2025-04-01,Shopify,TX,C-00469,CP-REFILL-30,"Car Perfume refill, 3 x 10 ml",Refills,1,14.99,14.99,3.15,11.84
SH-00391,2025-04-05,2025-04-01,Shopify,TX,C-00469,CP-REFILL-20,"Car Perfume refill, 2 x 10 ml",Refills,1,10.99,10.99,2.1,8.89
SH-00391,2025-04-05,2025-04-01,Shopify,TX,C-00469,CP-REFILL-10,"Car Perfume refill, 10 ml",Refills,1,5.99,5.99,1.05,4.94
SH-00392,2025-04-05,2025-04-01,Shopify,NC,C-00471,DF-PDM-LAYTON,Parfums de Marly Layton EDP 4.2 oz,Designer fragrance,1,182.37,182.37,148.0,34.37
EB-00236,2025-04-06,2025-04-01,eBay,FL,C-00474,DF-VAL-BIR,Valentino Born in Roma Uomo EDT 3.4 oz,Designer fragrance,1,92.94,92.94,76.0,16.94
EB-00237,2025-04-06,2025-04-01,eBay,CA,C-00477,DF-VAL-BIR,Valentino Born in Roma Uomo EDT 3.4 oz,Designer fragrance,1,92.57,92.57,76.0,16.57
SH-00393,2025-04-06,2025-04-01,Shopify,MA,C-00473,CP-REFILL-10,"Car Perfume refill, 10 ml",Refills,2,5.99,11.98,2.1,9.88
SH-00394,2025-04-06,2025-04-01,Shopify,CA,C-00475,CP-REFILL-30,"Car Perfume refill, 3 x 10 ml",Refills,1,14.99,14.99,3.15,11.84
SH-00394,2025-04-06,2025-04-01,Shopify,CA,C-00475,CP-REFILL-10,"Car Perfume refill, 10 ml",Refills,2,5.99,11.98,2.1,9.88
SH-00394,2025-04-06,2025-04-01,Shopify,CA,C-00475,CP-REFILL-20,"Car Perfume refill, 2 x 10 ml",Refills,1,10.99,10.99,2.1,8.89
SH-00395,2025-04-06,2025-04-01,Shopify,TX,C-00476,CP-BOTTLE-COLOR,"Car Perfume bottle, color collection",Car Perfume,1,9.99,9.99,2.55,7.44
SH-00395,2025-04-06,2025-04-01,Shopify,TX,C-00476,CP-REFILL-10,"Car Perfume refill, 10 ml",Refills,1,5.99,5.99,1.05,4.94
SH-00396,2025-04-06,2025-04-01,Shopify,CA,C-00120,CP-REFILL-10,"Car Perfume refill, 10 ml",Refills,1,5.99,5.99,1.05,4.94
SH-00396,2025-04-06,2025-04-01,Shopify,CA,C-00120,CP-REFILL-20,"Car Perfume refill, 2 x 10 ml",Refills,1,10.99,10.99,2.1,8.89
SH-00397,2025-04-06,2025-04-01,Shopify,WA,C-00395,CP-BOTTLE-CLASSIC,"Car Perfume bottle, Onyx, Chrome or Gold",Car Perfume,1,7.99,7.99,2.35,5.64
SH-00397,2025-04-06,2025-04-01,Shopify,WA,C-00395,CP-REFILL-30,"Car Perfume refill, 3 x 10 ml",Refills,1,14.99,14.99,3.15,11.84
EB-00238,2025-04-07,2025-04-01,eBay,CA,C-00480,CP-BOTTLE-CLASSIC,"Car Perfume bottle, Onyx, Chrome or Gold",Car Perfume,1,7.99,7.99,2.35,5.64
EB-00238,2025-04-07,2025-04-01,eBay,CA,C-00480,CP-REFILL-10,"Car Perfume refill, 10 ml",Refills,1,5.99,5.99,1.05,4.94
EB-00239,2025-04-07,2025-04-01,eBay,NY,C-00482,CP-REFILL-10,"Car Perfume refill, 10 ml",Refills,1,5.99,5.99,1.05,4.94
SH-00398,2025-04-07,2025-04-01,Shopify,CA,C-00453,CP-BOTTLE-CLASSIC,"Car Perfume bottle, Onyx, Chrome or Gold",Car Perfume,1,7.99,7.99,2.35,5.64
SH-00398,2025-04-07,2025-04-01,Shopify,CA,C-00453,CP-REFILL-10,"Car Perfume refill, 10 ml",Refills,1,5.99,5.99,1.05,4.94
SH-00399,2025-04-07,2025-04-01,Shopify,CA,C-00253,DF-JPG-ELIXIR,Jean Paul Gaultier Le Male Elixir 4.2 oz,Designer fragrance,1,114.58,114.58,87.0,27.58
SH-00400,2025-04-07,2025-04-01,Shopify,CA,C-00478,CP-REFILL-30,"Car Perfume refill, 3 x 10 ml",Refills,1,14.99,14.99,3.15,11.84
SH-00401,2025-04-07,2025-04-01,Shopify,TN,C-00479,CP-REFILL-30,"Car Perfume refill, 3 x 10 ml",Refills,1,14.99,14.99,3.15,11.84
SH-00401,2025-04-07,2025-04-01,Shopify,TN,C-00479,CP-REFILL-20,"Car Perfume refill, 2 x 10 ml",Refills,1,10.99,10.99,2.1,8.89
SH-00402,2025-04-07,2025-04-01,Shopify,IL,C-00245,CP-REFILL-10,"Car Perfume refill, 10 ml",Refills,3,5.99,17.97,3.15,14.82
SH-00403,2025-04-07,2025-04-01,Shopify,NY,C-00481,DF-CREED-AVENTUS,Creed Aventus EDP 3.3 oz,Designer fragrance,1,280.97,280.97,244.0,36.97
SH-00404,2025-04-07,2025-04-01,Shopify,CA,C-00480,CP-BOTTLE-CLASSIC,"Car Perfume bottle, Onyx, Chrome or Gold",Car Perfume,1,7.99,7.99,2.35,5.64
SH-00405,2025-04-07,2025-04-01,Shopify,CA,C-00454,CP-REFILL-20,"Car Perfume refill, 2 x 10 ml",Refills,1,10.99,10.99,2.1,8.89
SH-00406,2025-04-07,2025-04-01,Shopify,TX,C-00483,CP-BOTTLE-CLASSIC,"Car Perfume bottle, Onyx, Chrome or Gold",Car Perfume,1,7.99,7.99,2.35,5.64
SH-00406,2025-04-07,2025-04-01,Shopify,TX,C-00483,CP-REFILL-20,"Car Perfume refill, 2 x 10 ml",Refills,1,10.99,10.99,2.1,8.89
EB-00240,2025-04-08,2025-04-01,eBay,CA,C-00485,CP-BOTTLE-COLOR,"Car Perfume bottle, color collection",Car Perfume,1,9.99,9.99,2.55,7.44
EB-00241,2025-04-08,2025-04-01,eBay,FL,C-00489,DF-VAL-BIR,Valentino Born in Roma Uomo EDT 3.4 oz,Designer fragrance,1,92.72,92.72,76.0,16.72
SH-00407,2025-04-08,2025-04-01,Shopify,OR,C-00484,CP-REFILL-20,"Car Perfume refill, 2 x 10 ml",Refills,1,10.99,10.99,2.1,8.89
SH-00408,2025-04-08,2025-04-01,Shopify,AZ,C-00486,CP-BOTTLE-CLASSIC,"Car Perfume bottle, Onyx, Chrome or Gold",Car Perfume,1,7.99,7.99,2.35,5.64
SH-00408,2025-04-08,2025-04-01,Shopify,AZ,C-00486,CP-REFILL-20,"Car Perfume refill, 2 x 10 ml",Refills,1,10.99,10.99,2.1,8.89
SH-00409,2025-04-08,2025-04-01,Shopify,CA,C-00487,CP-BOTTLE-CLASSIC,"Car Perfume bottle, Onyx, Chrome or Gold",Car Perfume,1,7.99,7.99,2.35,5.64
SH-00410,2025-04-08,2025-04-01,Shopify,VA,C-00488,CP-REFILL-20,"Car Perfume refill, 2 x 10 ml",Refills,1,10.99,10.99,2.1,8.89
SH-00410,2025-04-08,2025-04-01,Shopify,VA,C-00488,CP-REFILL-30,"Car Perfume refill, 3 x 10 ml",Refills,1,14.99,14.99,3.15,11.84
SH-00410,2025-04-08,2025-04-01,Shopify,VA,C-00488,CP-REFILL-10,"Car Perfume refill, 10 ml",Refills,1,5.99,5.99,1.05,4.94
SH-00411,2025-04-08,2025-04-01,Shopify,CA,C-00490,CP-BOTTLE-COLOR,"Car Perfume bottle, color collection",Car Perfume,1,9.99,9.99,2.55,7.44
SH-00411,2025-04-08,2025-04-01,Shopify,CA,C-00490,CP-REFILL-10,"Car Perfume refill, 10 ml",Refills,2,5.99,11.98,2.1,9.88
EB-00242,2025-04-09,2025-04-01,eBay,CA,C-00493,DF-DIOR-SAUVAGE,Dior Sauvage EDT 3.4 oz,Designer fragrance,1,94.86,94.86,76.0,18.86
SH-00412,2025-04-09,2025-04-01,Shopify,CA,C-00491,DF-YSL-LIBRE,YSL Libre EDP 3.0 oz,Designer fragrance,1,105.85,105.85,82.0,23.85
SH-00413,2025-04-09,2025-04-01,Shopify,IL,C-00492,CP-BOTTLE-CLASSIC,"Car Perfume bottle, Onyx, Chrome or Gold",Car Perfume,1,7.99,7.99,2.35,5.64
EB-00243,2025-04-10,2025-04-01,eBay,WA,C-00494,DF-CREED-AVENTUS,Creed Aventus EDP 3.3 oz,Designer fragrance,1,295.55,295.55,244.0,51.55
EB-00244,2025-04-10,2025-04-01,eBay,TX,C-00496,CP-BOTTLE-CLASSIC,"Car Perfume bottle, Onyx, Chrome or Gold",Car Perfume,1,7.99,7.99,2.35,5.64
EB-00244,2025-04-10,2025-04-01,eBay,TX,C-00496,CP-REFILL-20,"Car Perfume refill, 2 x 10 ml",Refills,1,10.99,10.99,2.1,8.89
SH-00414,2025-04-10,2025-04-01,Shopify,CA,C-00495,CP-BOTTLE-CLASSIC,"Car Perfume bottle, Onyx, Chrome or Gold",Car Perfume,1,7.99,7.99,2.35,5.64
SH-00415,2025-04-10,2025-04-01,Shopify,OR,C-00497,DF-CREED-AVENTUS,Creed Aventus EDP 3.3 oz,Designer fragrance,1,301.27,301.27,244.0,57.27
SH-00416,2025-04-11,2025-04-01,Shopify,MD,C-00498,CP-REFILL-20,"Car Perfume refill, 2 x 10 ml",Refills,2,10.99,21.98,4.2,17.78
SH-00416,2025-04-11,2025-04-01,Shopify,MD,C-00498,CP-REFILL-10,"Car Perfume refill, 10 ml",Refills,1,5.99,5.99,1.05,4.94
SH-00417,2025-04-11,2025-04-01,Shopify,MA,C-00499,CP-BOTTLE-CLASSIC,"Car Perfume bottle, Onyx, Chrome or Gold",Car Perfume,1,7.99,7.99,2.35,5.64
SH-00417,2025-04-11,2025-04-01,Shopify,MA,C-00499,CP-REFILL-10,"Car Perfume refill, 10 ml",Refills,1,5.99,5.99,1.05,4.94
SH-00418,2025-04-11,2025-04-01,Shopify,CA,C-00500,CP-BOTTLE-CLASSIC,"Car Perfume bottle, Onyx, Chrome or Gold",Car Perfume,1,7.99,7.99,2.35,5.64
SH-00419,2025-04-11,2025-04-01,Shopify,GA,C-00501,CP-REFILL-30,"Car Perfume refill, 3 x 10 ml",Refills,1,14.99,14.99,3.15,11.84
SH-00419,2025-04-11,2025-04-01,Shopify,GA,C-00501,CP-REFILL-10,"Car Perfume refill, 10 ml",Refills,1,5.99,5.99,1.05,4.94
SH-00419,2025-04-11,2025-04-01,Shopify,GA,C-00501,CP-REFILL-20,"Car Perfume refill, 2 x 10 ml",Refills,1,10.99,10.99,2.1,8.89
SH-00420,2025-04-12,2025-04-01,Shopify,IL,C-00502,DF-PDM-LAYTON,Parfums de Marly Layton EDP 4.2 oz,Designer fragrance,1,190.53,190.53,148.0,42.53
SH-00421,2025-04-12,2025-04-01,Shopify,FL,C-00211,CP-BOTTLE-CLASSIC,"Car Perfume bottle, Onyx, Chrome or Gold",Car Perfume,1,7.99,7.99,2.35,5.64
SH-00421,2025-04-12,2025-04-01,Shopify,FL,C-00211,CP-REFILL-30,"Car Perfume refill, 3 x 10 ml",Refills,1,14.99,14.99,3.15,11.84
SH-00421,2025-04-12,2025-04-01,Shopify,FL,C-00211,CP-REFILL-20,"Car Perfume refill, 2 x 10 ml",Refills,2,10.99,21.98,4.2,17.78
SH-00422,2025-04-12,2025-04-01,Shopify,CA,C-00503,CP-REFILL-10,"Car Perfume refill, 10 ml",Refills,1,5.99,5.99,1.05,4.94
SH-00422,2025-04-12,2025-04-01,Shopify,CA,C-00503,CP-REFILL-30,"Car Perfume refill, 3 x 10 ml",Refills,1,14.99,14.99,3.15,11.84
SH-00423,2025-04-12,2025-04-01,Shopify,CA,C-00291,DF-JPG-ELIXIR,Jean Paul Gaultier Le Male Elixir 4.2 oz,Designer fragrance,1,111.27,111.27,87.0,24.27
SH-00424,2025-04-12,2025-04-01,Shopify,CA,C-00012,CP-BOTTLE-CLASSIC,"Car Perfume bottle, Onyx, Chrome or Gold",Car Perfume,1,7.99,7.99,2.35,5.64
SH-00424,2025-04-12,2025-04-01,Shopify,CA,C-00012,CP-REFILL-10,"Car Perfume refill, 10 ml",Refills,1,5.99,5.99,1.05,4.94
SH-00425,2025-04-12,2025-04-01,Shopify,CA,C-00504,CP-REFILL-20,"Car Perfume refill, 2 x 10 ml",Refills,1,10.99,10.99,2.1,8.89
EB-00245,2025-04-13,2025-04-01,eBay,NJ,C-00505,DF-XJ-ERBA,Xerjoff Erba Pura EDP 3.4 oz,Designer fragrance,1,166.58,166.58,133.0,33.58
EB-00246,2025-04-13,2025-04-01,eBay,CA,C-00506,DF-PDM-LAYTON,Parfums de Marly Layton EDP 4.2 oz,Designer fragrance,1,175.66,175.66,148.0,27.66
EB-00247,2025-04-13,2025-04-01,eBay,NJ,C-00304,CP-BOTTLE-CLASSIC,"Car Perfume bottle, Onyx, Chrome or Gold",Car Perfume,1,7.99,7.99,2.35,5.64
EB-00248,2025-04-13,2025-04-01,eBay,CA,C-00509,DF-JPG-ELIXIR,Jean Paul Gaultier Le Male Elixir 4.2 oz,Designer fragrance,1,113.96,113.96,87.0,26.96
SH-00426,2025-04-13,2025-04-01,Shopify,CA,C-00504,CP-BOTTLE-COLOR,"Car Perfume bottle, color collection",Car Perfume,1,9.99,9.99,2.55,7.44
SH-00426,2025-04-13,2025-04-01,Shopify,CA,C-00504,CP-REFILL-10,"Car Perfume refill, 10 ml",Refills,1,5.99,5.99,1.05,4.94
SH-00427,2025-04-13,2025-04-01,Shopify,CA,C-00454,CP-BOTTLE-CLASSIC,"Car Perfume bottle, Onyx, Chrome or Gold",Car Perfume,1,7.99,7.99,2.35,5.64
SH-00428,2025-04-13,2025-04-01,Shopify,AZ,C-00507,DF-MFK-BR540,Maison Francis Kurkdjian Baccarat Rouge 540 EDP 2.4 oz,Designer fragrance,1,254.01,254.01,219.0,35.01
SH-00428,2025-04-13,2025-04-01,Shopify,AZ,C-00507,DF-VERSACE-EROS,Versace Eros EDT 3.4 oz,Designer fragrance,1,58.57,58.57,46.0,12.57
SH-00429,2025-04-13,2025-04-01,Shopify,WA,C-00083,CP-BOTTLE-CLASSIC,"Car Perfume bottle, Onyx, Chrome or Gold",Car Perfume,1,7.99,7.99,2.35,5.64
SH-00429,2025-04-13,2025-04-01,Shopify,WA,C-00083,CP-REFILL-30,"Car Perfume refill, 3 x 10 ml",Refills,1,14.99,14.99,3.15,11.84
SH-00430,2025-04-13,2025-04-01,Shopify,TX,C-00508,CP-BOTTLE-COLOR,"Car Perfume bottle, color collection",Car Perfume,1,9.99,9.99,2.55,7.44
SH-00430,2025-04-13,2025-04-01,Shopify,TX,C-00508,CP-REFILL-20,"Car Perfume refill, 2 x 10 ml",Refills,2,10.99,21.98,4.2,17.78
SH-00431,2025-04-13,2025-04-01,Shopify,CA,C-00328,CP-BOTTLE-COLOR,"Car Perfume bottle, color collection",Car Perfume,1,9.99,9.99,2.55,7.44
EB-00249,2025-04-14,2025-04-01,eBay,CA,C-00513,DF-XJ-ERBA,Xerjoff Erba Pura EDP 3.4 oz,Designer fragrance,1,167.84,167.84,133.0,34.84
EB-00250,2025-04-14,2025-04-01,eBay,AZ,C-00514,DF-JPG-ELIXIR,Jean Paul Gaultier Le Male Elixir 4.2 oz,Designer fragrance,1,106.32,106.32,87.0,19.32
EB-00250,2025-04-14,2025-04-01,eBay,AZ,C-00514,DF-YSL-LIBRE,YSL Libre EDP 3.0 oz,Designer fragrance,1,106.68,106.68,82.0,24.68
EB-00251,2025-04-14,2025-04-01,eBay,NJ,C-00515,CP-REFILL-10,"Car Perfume refill, 10 ml",Refills,2,5.99,11.98,2.1,9.88
EB-00251,2025-04-14,2025-04-01,eBay,NJ,C-00515,CP-REFILL-30,"Car Perfume refill, 3 x 10 ml",Refills,1,14.99,14.99,3.15,11.84
EB-00252,2025-04-14,2025-04-01,eBay,CA,C-00516,DF-PDM-LAYTON,Parfums de Marly Layton EDP 4.2 oz,Designer fragrance,1,177.94,177.94,148.0,29.94
SH-00432,2025-04-14,2025-04-01,Shopify,CA,C-00510,DF-YSL-LIBRE,YSL Libre EDP 3.0 oz,Designer fragrance,1,103.91,103.91,82.0,21.91
SH-00433,2025-04-14,2025-04-01,Shopify,AZ,C-00511,CP-BOTTLE-CLASSIC,"Car Perfume bottle, Onyx, Chrome or Gold",Car Perfume,1,7.99,7.99,2.35,5.64
SH-00434,2025-04-14,2025-04-01,Shopify,CA,C-00512,CP-BOTTLE-CLASSIC,"Car Perfume bottle, Onyx, Chrome or Gold",Car Perfume,1,7.99,7.99,2.35,5.64
SH-00435,2025-04-14,2025-04-01,Shopify,TX,C-00057,CP-REFILL-20,"Car Perfume refill, 2 x 10 ml",Refills,2,10.99,21.98,4.2,17.78
SH-00435,2025-04-14,2025-04-01,Shopify,TX,C-00057,CP-REFILL-10,"Car Perfume refill, 10 ml",Refills,1,5.99,5.99,1.05,4.94
SH-00436,2025-04-14,2025-04-01,Shopify,NV,C-00517,CP-BOTTLE-COLOR,"Car Perfume bottle, color collection",Car Perfume,1,9.99,9.99,2.55,7.44
SH-00436,2025-04-14,2025-04-01,Shopify,NV,C-00517,CP-REFILL-10,"Car Perfume refill, 10 ml",Refills,1,5.99,5.99,1.05,4.94
SH-00436,2025-04-14,2025-04-01,Shopify,NV,C-00517,CP-REFILL-30,"Car Perfume refill, 3 x 10 ml",Refills,1,14.99,14.99,3.15,11.84
SH-00437,2025-04-14,2025-04-01,Shopify,CA,C-00518,CP-BOTTLE-CLASSIC,"Car Perfume bottle, Onyx, Chrome or Gold",Car Perfume,1,7.99,7.99,2.35,5.64
EB-00253,2025-04-15,2025-04-01,eBay,NY,C-00521,DF-PDM-LAYTON,Parfums de Marly Layton EDP 4.2 oz,Designer fragrance,1,180.28,180.28,148.0,32.28
EB-00254,2025-04-15,2025-04-01,eBay,PA,C-00522,DF-PDM-LAYTON,Parfums de Marly Layton EDP 4.2 oz,Designer fragrance,1,190.34,190.34,148.0,42.34
EB-00255,2025-04-15,2025-04-01,eBay,CA,C-00523,DF-XJ-ERBA,Xerjoff Erba Pura EDP 3.4 oz,Designer fragrance,1,163.87,163.87,133.0,30.87
EB-00255,2025-04-15,2025-04-01,eBay,CA,C-00523,DF-CREED-AVENTUS,Creed Aventus EDP 3.3 oz,Designer fragrance,1,301.5,301.5,244.0,57.5
EB-00256,2025-04-15,2025-04-01,eBay,NY,C-00272,DF-TF-OMBRE,Tom Ford Ombre Leather EDP 3.4 oz,Designer fragrance,1,121.13,121.13,93.0,28.13
EB-00257,2025-04-15,2025-04-01,eBay,AZ,C-00524,CP-BOTTLE-CLASSIC,"Car Perfume bottle, Onyx, Chrome or Gold",Car Perfume,1,7.99,7.99,2.35,5.64
EB-00258,2025-04-15,2025-04-01,eBay,MD,C-00525,DF-INITIO-OUD,Initio Oud for Greatness EDP 3.0 oz,Designer fragrance,1,211.96,211.96,169.0,42.96
SH-00438,2025-04-15,2025-04-01,Shopify,TX,C-00519,CP-BOTTLE-CLASSIC,"Car Perfume bottle, Onyx, Chrome or Gold",Car Perfume,1,7.99,7.99,2.35,5.64
SH-00438,2025-04-15,2025-04-01,Shopify,TX,C-00519,CP-REFILL-20,"Car Perfume refill, 2 x 10 ml",Refills,2,10.99,21.98,4.2,17.78
SH-00438,2025-04-15,2025-04-01,Shopify,TX,C-00519,CP-REFILL-30,"Car Perfume refill, 3 x 10 ml",Refills,1,14.99,14.99,3.15,11.84
SH-00439,2025-04-15,2025-04-01,Shopify,CA,C-00520,CP-REFILL-10,"Car Perfume refill, 10 ml",Refills,2,5.99,11.98,2.1,9.88
SH-00439,2025-04-15,2025-04-01,Shopify,CA,C-00520,CP-REFILL-20,"Car Perfume refill, 2 x 10 ml",Refills,1,10.99,10.99,2.1,8.89
SH-00440,2025-04-15,2025-04-01,Shopify,CA,C-00475,CP-REFILL-10,"Car Perfume refill, 10 ml",Refills,2,5.99,11.98,2.1,9.88
SH-00440,2025-04-15,2025-04-01,Shopify,CA,C-00475,CP-REFILL-20,"Car Perfume refill, 2 x 10 ml",Refills,2,10.99,21.98,4.2,17.78
EB-00259,2025-04-16,2025-04-01,eBay,FL,C-00528,DF-DIOR-SAUVAGE,Dior Sauvage EDT 3.4 oz,Designer fragrance,1,96.67,96.67,76.0,20.67
SH-00441,2025-04-16,2025-04-01,Shopify,MI,C-00526,CP-REFILL-10,"Car Perfume refill, 10 ml",Refills,1,5.99,5.99,1.05,4.94
SH-00442,2025-04-16,2025-04-01,Shopify,NJ,C-00527,CP-REFILL-10,"Car Perfume refill, 10 ml",Refills,1,5.99,5.99,1.05,4.94
EB-00260,2025-04-17,2025-04-01,eBay,TX,C-00529,DF-DIOR-SAUVAGE,Dior Sauvage EDT 3.4 oz,Designer fragrance,1,97.88,97.88,76.0,21.88
EB-00261,2025-04-17,2025-04-01,eBay,TX,C-00530,DF-VERSACE-EROS,Versace Eros EDT 3.4 oz,Designer fragrance,1,59.18,59.18,46.0,13.18
EB-00262,2025-04-17,2025-04-01,eBay,CA,C-00493,DF-DIOR-SAUVAGE,Dior Sauvage EDT 3.4 oz,Designer fragrance,1,99.12,99.12,76.0,23.12
EB-00263,2025-04-17,2025-04-01,eBay,TX,C-00380,CP-REFILL-10,"Car Perfume refill, 10 ml",Refills,1,5.99,5.99,1.05,4.94
SH-00443,2025-04-17,2025-04-01,Shopify,WA,C-00083,CP-BOTTLE-CLASSIC,"Car Perfume bottle, Onyx, Chrome or Gold",Car Perfume,1,7.99,7.99,2.35,5.64
SH-00444,2025-04-17,2025-04-01,Shopify,CA,C-00500,CP-BOTTLE-COLOR,"Car Perfume bottle, color collection",Car Perfume,1,9.99,9.99,2.55,7.44
SH-00444,2025-04-17,2025-04-01,Shopify,CA,C-00500,CP-REFILL-10,"Car Perfume refill, 10 ml",Refills,1,5.99,5.99,1.05,4.94
EB-00264,2025-04-18,2025-04-01,eBay,VA,C-00535,DF-INITIO-OUD,Initio Oud for Greatness EDP 3.0 oz,Designer fragrance,1,202.99,202.99,169.0,33.99
SH-00445,2025-04-18,2025-04-01,Shopify,CA,C-00531,CP-BOTTLE-COLOR,"Car Perfume bottle, color collection",Car Perfume,1,9.99,9.99,2.55,7.44
SH-00445,2025-04-18,2025-04-01,Shopify,CA,C-00531,CP-REFILL-30,"Car Perfume refill, 3 x 10 ml",Refills,1,14.99,14.99,3.15,11.84
SH-00445,2025-04-18,2025-04-01,Shopify,CA,C-00531,CP-REFILL-20,"Car Perfume refill, 2 x 10 ml",Refills,1,10.99,10.99,2.1,8.89
SH-00446,2025-04-18,2025-04-01,Shopify,CA,C-00532,CP-BOTTLE-COLOR,"Car Perfume bottle, color collection",Car Perfume,1,9.99,9.99,2.55,7.44
SH-00446,2025-04-18,2025-04-01,Shopify,CA,C-00532,CP-REFILL-30,"Car Perfume refill, 3 x 10 ml",Refills,1,14.99,14.99,3.15,11.84
SH-00446,2025-04-18,2025-04-01,Shopify,CA,C-00532,CP-REFILL-20,"Car Perfume refill, 2 x 10 ml",Refills,1,10.99,10.99,2.1,8.89
SH-00447,2025-04-18,2025-04-01,Shopify,NV,C-00533,CP-BOTTLE-COLOR,"Car Perfume bottle, color collection",Car Perfume,1,9.99,9.99,2.55,7.44
SH-00447,2025-04-18,2025-04-01,Shopify,NV,C-00533,CP-REFILL-10,"Car Perfume refill, 10 ml",Refills,1,5.99,5.99,1.05,4.94
SH-00448,2025-04-18,2025-04-01,Shopify,IL,C-00367,CP-BOTTLE-COLOR,"Car Perfume bottle, color collection",Car Perfume,1,9.99,9.99,2.55,7.44
SH-00449,2025-04-18,2025-04-01,Shopify,MI,C-00126,CP-REFILL-10,"Car Perfume refill, 10 ml",Refills,1,5.99,5.99,1.05,4.94
SH-00450,2025-04-18,2025-04-01,Shopify,CA,C-00534,CP-REFILL-20,"Car Perfume refill, 2 x 10 ml",Refills,1,10.99,10.99,2.1,8.89
SH-00451,2025-04-19,2025-04-01,Shopify,MI,C-00536,CP-BOTTLE-COLOR,"Car Perfume bottle, color collection",Car Perfume,1,9.99,9.99,2.55,7.44
SH-00451,2025-04-19,2025-04-01,Shopify,MI,C-00536,CP-REFILL-10,"Car Perfume refill, 10 ml",Refills,1,5.99,5.99,1.05,4.94
EB-00265,2025-04-20,2025-04-01,eBay,WA,C-00538,DF-PDM-LAYTON,Parfums de Marly Layton EDP 4.2 oz,Designer fragrance,1,190.14,190.14,148.0,42.14
EB-00266,2025-04-20,2025-04-01,eBay,MI,C-00539,DF-TF-OMBRE,Tom Ford Ombre Leather EDP 3.4 oz,Designer fragrance,1,119.6,119.6,93.0,26.6
EB-00267,2025-04-20,2025-04-01,eBay,AZ,C-00540,CP-BOTTLE-CLASSIC,"Car Perfume bottle, Onyx, Chrome or Gold",Car Perfume,1,7.99,7.99,2.35,5.64
EB-00267,2025-04-20,2025-04-01,eBay,AZ,C-00540,CP-REFILL-10,"Car Perfume refill, 10 ml",Refills,1,5.99,5.99,1.05,4.94
EB-00267,2025-04-20,2025-04-01,eBay,AZ,C-00540,CP-REFILL-20,"Car Perfume refill, 2 x 10 ml",Refills,1,10.99,10.99,2.1,8.89
EB-00268,2025-04-20,2025-04-01,eBay,CA,C-00064,CP-REFILL-20,"Car Perfume refill, 2 x 10 ml",Refills,1,10.99,10.99,2.1,8.89
EB-00268,2025-04-20,2025-04-01,eBay,CA,C-00064,CP-REFILL-30,"Car Perfume refill, 3 x 10 ml",Refills,1,14.99,14.99,3.15,11.84
EB-00268,2025-04-20,2025-04-01,eBay,CA,C-00064,CP-REFILL-10,"Car Perfume refill, 10 ml",Refills,2,5.99,11.98,2.1,9.88
EB-00269,2025-04-20,2025-04-01,eBay,CA,C-00541,DF-PDM-LAYTON,Parfums de Marly Layton EDP 4.2 oz,Designer fragrance,1,186.53,186.53,148.0,38.53
SH-00452,2025-04-20,2025-04-01,Shopify,CA,C-00537,CP-BOTTLE-COLOR,"Car Perfume bottle, color collection",Car Perfume,1,9.99,9.99,2.55,7.44
SH-00453,2025-04-20,2025-04-01,Shopify,MI,C-00463,CP-BOTTLE-COLOR,"Car Perfume bottle, color collection",Car Perfume,1,9.99,9.99,2.55,7.44
SH-00453,2025-04-20,2025-04-01,Shopify,MI,C-00463,CP-REFILL-30,"Car Perfume refill, 3 x 10 ml",Refills,1,14.99,14.99,3.15,11.84
SH-00454,2025-04-20,2025-04-01,Shopify,GA,C-00542,DF-PDM-LAYTON,Parfums de Marly Layton EDP 4.2 oz,Designer fragrance,1,177.4,177.4,148.0,29.4
SH-00455,2025-04-20,2025-04-01,Shopify,CA,C-00543,CP-REFILL-10,"Car Perfume refill, 10 ml",Refills,1,5.99,5.99,1.05,4.94
SH-00455,2025-04-20,2025-04-01,Shopify,CA,C-00543,CP-REFILL-30,"Car Perfume refill, 3 x 10 ml",Refills,1,14.99,14.99,3.15,11.84
SH-00456,2025-04-20,2025-04-01,Shopify,WA,C-00538,DF-PDM-DELINA,Parfums de Marly Delina EDP 2.5 oz,Designer fragrance,1,210.06,210.06,170.0,40.06
EB-00270,2025-04-21,2025-04-01,eBay,GA,C-00544,DF-PDM-LAYTON,Parfums de Marly Layton EDP 4.2 oz,Designer fragrance,1,186.65,186.65,148.0,38.65
EB-00271,2025-04-21,2025-04-01,eBay,CA,C-00546,DF-DIOR-SAUVAGE,Dior Sauvage EDT 3.4 oz,Designer fragrance,1,100.22,100.22,76.0,24.22
EB-00272,2025-04-21,2025-04-01,eBay,NY,C-00547,DF-PDM-LAYTON,Parfums de Marly Layton EDP 4.2 oz,Designer fragrance,1,178.82,178.82,148.0,30.82
EB-00273,2025-04-21,2025-04-01,eBay,CA,C-00549,DF-MFK-BR540,Maison Francis Kurkdjian Baccarat Rouge 540 EDP 2.4 oz,Designer fragrance,1,264.24,264.24,219.0,45.24
EB-00274,2025-04-21,2025-04-01,eBay,MD,C-00551,DF-DIOR-SAUVAGE,Dior Sauvage EDT 3.4 oz,Designer fragrance,1,99.34,99.34,76.0,23.34
SH-00457,2025-04-21,2025-04-01,Shopify,CA,C-00545,CP-REFILL-30,"Car Perfume refill, 3 x 10 ml",Refills,2,14.99,29.98,6.3,23.68
SH-00458,2025-04-21,2025-04-01,Shopify,CA,C-00548,CP-BOTTLE-COLOR,"Car Perfume bottle, color collection",Car Perfume,1,9.99,9.99,2.55,7.44
SH-00458,2025-04-21,2025-04-01,Shopify,CA,C-00548,CP-REFILL-10,"Car Perfume refill, 10 ml",Refills,1,5.99,5.99,1.05,4.94
SH-00459,2025-04-21,2025-04-01,Shopify,IL,C-00367,CP-BOTTLE-CLASSIC,"Car Perfume bottle, Onyx, Chrome or Gold",Car Perfume,1,7.99,7.99,2.35,5.64
SH-00460,2025-04-21,2025-04-01,Shopify,GA,C-00550,DF-INITIO-OUD,Initio Oud for Greatness EDP 3.0 oz,Designer fragrance,1,200.11,200.11,169.0,31.11
EB-00275,2025-04-22,2025-04-01,eBay,CA,C-00555,DF-TF-OMBRE,Tom Ford Ombre Leather EDP 3.4 oz,Designer fragrance,1,114.94,114.94,93.0,21.94
EB-00276,2025-04-22,2025-04-01,eBay,GA,C-00556,CP-REFILL-20,"Car Perfume refill, 2 x 10 ml",Refills,1,10.99,10.99,2.1,8.89
SH-00461,2025-04-22,2025-04-01,Shopify,MI,C-00552,DF-PDM-LAYTON,Parfums de Marly Layton EDP 4.2 oz,Designer fragrance,1,176.51,176.51,148.0,28.51
SH-00462,2025-04-22,2025-04-01,Shopify,TN,C-00553,DF-TF-OMBRE,Tom Ford Ombre Leather EDP 3.4 oz,Designer fragrance,1,115.97,115.97,93.0,22.97
SH-00463,2025-04-22,2025-04-01,Shopify,MD,C-00554,DF-YSL-LIBRE,YSL Libre EDP 3.0 oz,Designer fragrance,1,100.97,100.97,82.0,18.97
SH-00464,2025-04-22,2025-04-01,Shopify,CA,C-00532,CP-BOTTLE-CLASSIC,"Car Perfume bottle, Onyx, Chrome or Gold",Car Perfume,1,7.99,7.99,2.35,5.64
SH-00464,2025-04-22,2025-04-01,Shopify,CA,C-00532,CP-REFILL-30,"Car Perfume refill, 3 x 10 ml",Refills,1,14.99,14.99,3.15,11.84
SH-00464,2025-04-22,2025-04-01,Shopify,CA,C-00532,CP-REFILL-10,"Car Perfume refill, 10 ml",Refills,1,5.99,5.99,1.05,4.94
SH-00464,2025-04-22,2025-04-01,Shopify,CA,C-00532,CP-REFILL-20,"Car Perfume refill, 2 x 10 ml",Refills,1,10.99,10.99,2.1,8.89
EB-00277,2025-04-23,2025-04-01,eBay,NY,C-00175,CP-BOTTLE-CLASSIC,"Car Perfume bottle, Onyx, Chrome or Gold",Car Perfume,1,7.99,7.99,2.35,5.64
EB-00277,2025-04-23,2025-04-01,eBay,NY,C-00175,CP-REFILL-30,"Car Perfume refill, 3 x 10 ml",Refills,2,14.99,29.98,6.3,23.68
EB-00278,2025-04-23,2025-04-01,eBay,TX,C-00562,DF-XJ-ERBA,Xerjoff Erba Pura EDP 3.4 oz,Designer fragrance,1,169.75,169.75,133.0,36.75
SH-00465,2025-04-23,2025-04-01,Shopify,IL,C-00557,CP-BOTTLE-COLOR,"Car Perfume bottle, color collection",Car Perfume,1,9.99,9.99,2.55,7.44
SH-00466,2025-04-23,2025-04-01,Shopify,CA,C-00558,CP-BOTTLE-COLOR,"Car Perfume bottle, color collection",Car Perfume,1,9.99,9.99,2.55,7.44
SH-00467,2025-04-23,2025-04-01,Shopify,MD,C-00559,CP-BOTTLE-CLASSIC,"Car Perfume bottle, Onyx, Chrome or Gold",Car Perfume,1,7.99,7.99,2.35,5.64
SH-00468,2025-04-23,2025-04-01,Shopify,MI,C-00560,CP-REFILL-10,"Car Perfume refill, 10 ml",Refills,1,5.99,5.99,1.05,4.94
SH-00468,2025-04-23,2025-04-01,Shopify,MI,C-00560,CP-REFILL-30,"Car Perfume refill, 3 x 10 ml",Refills,1,14.99,14.99,3.15,11.84
SH-00469,2025-04-23,2025-04-01,Shopify,FL,C-00561,DF-YSL-LIBRE,YSL Libre EDP 3.0 oz,Designer fragrance,1,107.47,107.47,82.0,25.47
SH-00470,2025-04-23,2025-04-01,Shopify,CA,C-00563,CP-BOTTLE-CLASSIC,"Car Perfume bottle, Onyx, Chrome or Gold",Car Perfume,1,7.99,7.99,2.35,5.64
SH-00470,2025-04-23,2025-04-01,Shopify,CA,C-00563,CP-REFILL-30,"Car Perfume refill, 3 x 10 ml",Refills,1,14.99,14.99,3.15,11.84
SH-00471,2025-04-23,2025-04-01,Shopify,FL,C-00564,CP-REFILL-20,"Car Perfume refill, 2 x 10 ml",Refills,1,10.99,10.99,2.1,8.89
SH-00472,2025-04-23,2025-04-01,Shopify,WA,C-00565,DF-PDM-LAYTON,Parfums de Marly Layton EDP 4.2 oz,Designer fragrance,1,180.28,180.28,148.0,32.28
SH-00473,2025-04-23,2025-04-01,Shopify,FL,C-00566,CP-REFILL-10,"Car Perfume refill, 10 ml",Refills,1,5.99,5.99,1.05,4.94
SH-00473,2025-04-23,2025-04-01,Shopify,FL,C-00566,CP-REFILL-20,"Car Perfume refill, 2 x 10 ml",Refills,2,10.99,21.98,4.2,17.78
EB-00279,2025-04-24,2025-04-01,eBay,OH,C-00567,DF-VERSACE-EROS,Versace Eros EDT 3.4 oz,Designer fragrance,1,62.32,62.32,46.0,16.32
SH-00474,2025-04-24,2025-04-01,Shopify,NC,C-00568,DF-DIOR-SAUVAGE,Dior Sauvage EDT 3.4 oz,Designer fragrance,1,97.52,97.52,76.0,21.52
SH-00475,2025-04-24,2025-04-01,Shopify,CA,C-00569,CP-REFILL-10,"Car Perfume refill, 10 ml",Refills,2,5.99,11.98,2.1,9.88
SH-00476,2025-04-24,2025-04-01,Shopify,TX,C-00570,DF-VERSACE-EROS,Versace Eros EDT 3.4 oz,Designer fragrance,1,58.7,58.7,46.0,12.7
SH-00477,2025-04-24,2025-04-01,Shopify,TX,C-00571,CP-BOTTLE-CLASSIC,"Car Perfume bottle, Onyx, Chrome or Gold",Car Perfume,1,7.99,7.99,2.35,5.64
SH-00478,2025-04-24,2025-04-01,Shopify,FL,C-00572,CP-REFILL-10,"Car Perfume refill, 10 ml",Refills,2,5.99,11.98,2.1,9.88
SH-00478,2025-04-24,2025-04-01,Shopify,FL,C-00572,CP-REFILL-20,"Car Perfume refill, 2 x 10 ml",Refills,1,10.99,10.99,2.1,8.89
EB-00280,2025-04-25,2025-04-01,eBay,CA,C-00427,DF-DIOR-SAUVAGE,Dior Sauvage EDT 3.4 oz,Designer fragrance,1,92.27,92.27,76.0,16.27
EB-00281,2025-04-25,2025-04-01,eBay,CA,C-00575,DF-VAL-BIR,Valentino Born in Roma Uomo EDT 3.4 oz,Designer fragrance,1,96.29,96.29,76.0,20.29
SH-00479,2025-04-25,2025-04-01,Shopify,TX,C-00573,CP-BOTTLE-CLASSIC,"Car Perfume bottle, Onyx, Chrome or Gold",Car Perfume,1,7.99,7.99,2.35,5.64
SH-00479,2025-04-25,2025-04-01,Shopify,TX,C-00573,CP-REFILL-30,"Car Perfume refill, 3 x 10 ml",Refills,1,14.99,14.99,3.15,11.84
SH-00480,2025-04-25,2025-04-01,Shopify,NY,C-00574,CP-BOTTLE-COLOR,"Car Perfume bottle, color collection",Car Perfume,1,9.99,9.99,2.55,7.44
SH-00481,2025-04-25,2025-04-01,Shopify,CA,C-00319,CP-BOTTLE-CLASSIC,"Car Perfume bottle, Onyx, Chrome or Gold",Car Perfume,1,7.99,7.99,2.35,5.64
SH-00481,2025-04-25,2025-04-01,Shopify,CA,C-00319,CP-REFILL-20,"Car Perfume refill, 2 x 10 ml",Refills,1,10.99,10.99,2.1,8.89
SH-00482,2025-04-25,2025-04-01,Shopify,CA,C-00576,CP-REFILL-30,"Car Perfume refill, 3 x 10 ml",Refills,1,14.99,14.99,3.15,11.84
SH-00483,2025-04-25,2025-04-01,Shopify,CO,C-00293,CP-REFILL-20,"Car Perfume refill, 2 x 10 ml",Refills,2,10.99,21.98,4.2,17.78
SH-00483,2025-04-25,2025-04-01,Shopify,CO,C-00293,CP-REFILL-10,"Car Perfume refill, 10 ml",Refills,1,5.99,5.99,1.05,4.94
SH-00484,2025-04-25,2025-04-01,Shopify,CA,C-00577,CP-BOTTLE-CLASSIC,"Car Perfume bottle, Onyx, Chrome or Gold",Car Perfume,1,7.99,7.99,2.35,5.64
EB-00282,2025-04-26,2025-04-01,eBay,CA,C-00549,DF-YSL-LIBRE,YSL Libre EDP 3.0 oz,Designer fragrance,1,107.89,107.89,82.0,25.89
EB-00283,2025-04-26,2025-04-01,eBay,CA,C-00578,DF-TF-OMBRE,Tom Ford Ombre Leather EDP 3.4 oz,Designer fragrance,1,120.03,120.03,93.0,27.03
EB-00284,2025-04-26,2025-04-01,eBay,FL,C-00579,DF-CREED-AVENTUS,Creed Aventus EDP 3.3 oz,Designer fragrance,1,282.08,282.08,244.0,38.08
EB-00285,2025-04-26,2025-04-01,eBay,OH,C-00446,DF-CREED-AVENTUS,Creed Aventus EDP 3.3 oz,Designer fragrance,1,287.47,287.47,244.0,43.47
EB-00286,2025-04-26,2025-04-01,eBay,CA,C-00580,DF-TF-OMBRE,Tom Ford Ombre Leather EDP 3.4 oz,Designer fragrance,1,121.01,121.01,93.0,28.01
EB-00287,2025-04-26,2025-04-01,eBay,MI,C-00582,DF-DIOR-SAUVAGE,Dior Sauvage EDT 3.4 oz,Designer fragrance,1,100.27,100.27,76.0,24.27
SH-00485,2025-04-26,2025-04-01,Shopify,WA,C-00410,CP-BOTTLE-CLASSIC,"Car Perfume bottle, Onyx, Chrome or Gold",Car Perfume,1,7.99,7.99,2.35,5.64
SH-00485,2025-04-26,2025-04-01,Shopify,WA,C-00410,CP-REFILL-10,"Car Perfume refill, 10 ml",Refills,1,5.99,5.99,1.05,4.94
SH-00486,2025-04-26,2025-04-01,Shopify,MD,C-00581,CP-REFILL-20,"Car Perfume refill, 2 x 10 ml",Refills,1,10.99,10.99,2.1,8.89
EB-00288,2025-04-27,2025-04-01,eBay,NC,C-00583,DF-TF-OMBRE,Tom Ford Ombre Leather EDP 3.4 oz,Designer fragrance,1,115.24,115.24,93.0,22.24
EB-00289,2025-04-27,2025-04-01,eBay,TX,C-00586,DF-INITIO-OUD,Initio Oud for Greatness EDP 3.0 oz,Designer fragrance,1,216.23,216.23,169.0,47.23
EB-00290,2025-04-27,2025-04-01,eBay,GA,C-00587,DF-PDM-LAYTON,Parfums de Marly Layton EDP 4.2 oz,Designer fragrance,1,187.36,187.36,148.0,39.36
EB-00291,2025-04-27,2025-04-01,eBay,CO,C-00589,DF-YSL-LIBRE,YSL Libre EDP 3.0 oz,Designer fragrance,1,103.47,103.47,82.0,21.47
SH-00487,2025-04-27,2025-04-01,Shopify,CA,C-00584,CP-BOTTLE-COLOR,"Car Perfume bottle, color collection",Car Perfume,1,9.99,9.99,2.55,7.44
SH-00488,2025-04-27,2025-04-01,Shopify,WA,C-00585,DF-XJ-ERBA,Xerjoff Erba Pura EDP 3.4 oz,Designer fragrance,1,164.1,164.1,133.0,31.1
SH-00489,2025-04-27,2025-04-01,Shopify,CA,C-00588,CP-REFILL-30,"Car Perfume refill, 3 x 10 ml",Refills,1,14.99,14.99,3.15,11.84
SH-00490,2025-04-27,2025-04-01,Shopify,CA,C-00495,CP-BOTTLE-COLOR,"Car Perfume bottle, color collection",Car Perfume,1,9.99,9.99,2.55,7.44
SH-00490,2025-04-27,2025-04-01,Shopify,CA,C-00495,CP-REFILL-10,"Car Perfume refill, 10 ml",Refills,1,5.99,5.99,1.05,4.94
SH-00490,2025-04-27,2025-04-01,Shopify,CA,C-00495,CP-REFILL-20,"Car Perfume refill, 2 x 10 ml",Refills,1,10.99,10.99,2.1,8.89
EB-00292,2025-04-28,2025-04-01,eBay,OH,C-00591,DF-VERSACE-EROS,Versace Eros EDT 3.4 oz,Designer fragrance,1,59.33,59.33,46.0,13.33
SH-00491,2025-04-28,2025-04-01,Shopify,FL,C-00590,CP-BOTTLE-CLASSIC,"Car Perfume bottle, Onyx, Chrome or Gold",Car Perfume,1,7.99,7.99,2.35,5.64
SH-00492,2025-04-28,2025-04-01,Shopify,CO,C-00255,CP-REFILL-10,"Car Perfume refill, 10 ml",Refills,1,5.99,5.99,1.05,4.94
SH-00493,2025-04-28,2025-04-01,Shopify,FL,C-00592,CP-BOTTLE-CLASSIC,"Car Perfume bottle, Onyx, Chrome or Gold",Car Perfume,1,7.99,7.99,2.35,5.64
SH-00493,2025-04-28,2025-04-01,Shopify,FL,C-00592,CP-REFILL-10,"Car Perfume refill, 10 ml",Refills,1,5.99,5.99,1.05,4.94
SH-00493,2025-04-28,2025-04-01,Shopify,FL,C-00592,CP-REFILL-30,"Car Perfume refill, 3 x 10 ml",Refills,1,14.99,14.99,3.15,11.84
EB-00293,2025-04-29,2025-04-01,eBay,GA,C-00593,DF-YSL-LIBRE,YSL Libre EDP 3.0 oz,Designer fragrance,1,98.85,98.85,82.0,16.85
EB-00294,2025-04-29,2025-04-01,eBay,TX,C-00594,DF-DIOR-SAUVAGE,Dior Sauvage EDT 3.4 oz,Designer fragrance,1,93.14,93.14,76.0,17.14
EB-00295,2025-04-29,2025-04-01,eBay,FL,C-00595,DF-CREED-AVENTUS,Creed Aventus EDP 3.3 oz,Designer fragrance,1,299.46,299.46,244.0,55.46
EB-00296,2025-04-29,2025-04-01,eBay,FL,C-00596,DF-CREED-AVENTUS,Creed Aventus EDP 3.3 oz,Designer fragrance,1,287.4,287.4,244.0,43.4
EB-00297,2025-04-29,2025-04-01,eBay,CA,C-00597,DF-TF-OMBRE,Tom Ford Ombre Leather EDP 3.4 oz,Designer fragrance,1,113.31,113.31,93.0,20.31
EB-00298,2025-04-30,2025-04-01,eBay,CA,C-00456,CP-REFILL-20,"Car Perfume refill, 2 x 10 ml",Refills,1,10.99,10.99,2.1,8.89
SH-00494,2025-04-30,2025-04-01,Shopify,CA,C-00598,DF-VERSACE-EROS,Versace Eros EDT 3.4 oz,Designer fragrance,1,62.41,62.41,46.0,16.41
SH-00495,2025-04-30,2025-04-01,Shopify,NC,C-00388,CP-REFILL-30,"Car Perfume refill, 3 x 10 ml",Refills,1,14.99,14.99,3.15,11.84
EB-00299,2025-05-01,2025-05-01,eBay,OH,C-00600,DF-MFK-BR540,Maison Francis Kurkdjian Baccarat Rouge 540 EDP 2.4 oz,Designer fragrance,1,272.43,272.43,219.0,53.43
EB-00300,2025-05-01,2025-05-01,eBay,NY,C-00601,DF-VERSACE-EROS,Versace Eros EDT 3.4 oz,Designer fragrance,1,62.33,62.33,46.0,16.33
EB-00301,2025-05-01,2025-05-01,eBay,CA,C-00456,CP-BOTTLE-COLOR,"Car Perfume bottle, color collection",Car Perfume,1,9.99,9.99,2.55,7.44
EB-00302,2025-05-01,2025-05-01,eBay,MI,C-00326,CP-BOTTLE-COLOR,"Car Perfume bottle, color collection",Car Perfume,1,9.99,9.99,2.55,7.44
EB-00302,2025-05-01,2025-05-01,eBay,MI,C-00326,CP-REFILL-10,"Car Perfume refill, 10 ml",Refills,1,5.99,5.99,1.05,4.94
EB-00303,2025-05-01,2025-05-01,eBay,IL,C-00603,CP-REFILL-20,"Car Perfume refill, 2 x 10 ml",Refills,1,10.99,10.99,2.1,8.89
EB-00304,2025-05-01,2025-05-01,eBay,CA,C-00604,DF-DIOR-SAUVAGE,Dior Sauvage EDT 3.4 oz,Designer fragrance,1,94.53,94.53,76.0,18.53
EB-00305,2025-05-01,2025-05-01,eBay,NY,C-00482,CP-BOTTLE-COLOR,"Car Perfume bottle, color collection",Car Perfume,1,9.99,9.99,2.55,7.44
EB-00305,2025-05-01,2025-05-01,eBay,NY,C-00482,CP-REFILL-20,"Car Perfume refill, 2 x 10 ml",Refills,2,10.99,21.98,4.2,17.78
SH-00496,2025-05-01,2025-05-01,Shopify,NY,C-00599,CP-REFILL-10,"Car Perfume refill, 10 ml",Refills,2,5.99,11.98,2.1,9.88
SH-00496,2025-05-01,2025-05-01,Shopify,NY,C-00599,CP-REFILL-30,"Car Perfume refill, 3 x 10 ml",Refills,1,14.99,14.99,3.15,11.84
SH-00496,2025-05-01,2025-05-01,Shopify,NY,C-00599,CP-REFILL-20,"Car Perfume refill, 2 x 10 ml",Refills,1,10.99,10.99,2.1,8.89
SH-00497,2025-05-01,2025-05-01,Shopify,MI,C-00602,CP-REFILL-30,"Car Perfume refill, 3 x 10 ml",Refills,1,14.99,14.99,3.15,11.84
SH-00498,2025-05-01,2025-05-01,Shopify,CA,C-00548,CP-REFILL-20,"Car Perfume refill, 2 x 10 ml",Refills,1,10.99,10.99,2.1,8.89
SH-00498,2025-05-01,2025-05-01,Shopify,CA,C-00548,CP-REFILL-30,"Car Perfume refill, 3 x 10 ml",Refills,2,14.99,29.98,6.3,23.68
SH-00498,2025-05-01,2025-05-01,Shopify,CA,C-00548,CP-REFILL-10,"Car Perfume refill, 10 ml",Refills,1,5.99,5.99,1.05,4.94
EB-00306,2025-05-02,2025-05-01,eBay,WA,C-00607,DF-PDM-LAYTON,Parfums de Marly Layton EDP 4.2 oz,Designer fragrance,1,180.76,180.76,148.0,32.76
EB-00307,2025-05-02,2025-05-01,eBay,CA,C-00610,DF-JPG-ELIXIR,Jean Paul Gaultier Le Male Elixir 4.2 oz,Designer fragrance,1,114.48,114.48,87.0,27.48
SH-00499,2025-05-02,2025-05-01,Shopify,CA,C-00605,CP-BOTTLE-CLASSIC,"Car Perfume bottle, Onyx, Chrome or Gold",Car Perfume,1,7.99,7.99,2.35,5.64
SH-00500,2025-05-02,2025-05-01,Shopify,AZ,C-00606,CP-BOTTLE-CLASSIC,"Car Perfume bottle, Onyx, Chrome or Gold",Car Perfume,1,7.99,7.99,2.35,5.64
SH-00500,2025-05-02,2025-05-01,Shopify,AZ,C-00606,CP-REFILL-20,"Car Perfume refill, 2 x 10 ml",Refills,1,10.99,10.99,2.1,8.89
SH-00500,2025-05-02,2025-05-01,Shopify,AZ,C-00606,CP-REFILL-10,"Car Perfume refill, 10 ml",Refills,1,5.99,5.99,1.05,4.94
SH-00501,2025-05-02,2025-05-01,Shopify,CA,C-00608,CP-BOTTLE-CLASSIC,"Car Perfume bottle, Onyx, Chrome or Gold",Car Perfume,1,7.99,7.99,2.35,5.64
SH-00501,2025-05-02,2025-05-01,Shopify,CA,C-00608,CP-REFILL-20,"Car Perfume refill, 2 x 10 ml",Refills,1,10.99,10.99,2.1,8.89
SH-00501,2025-05-02,2025-05-01,Shopify,CA,C-00608,CP-REFILL-10,"Car Perfume refill, 10 ml",Refills,1,5.99,5.99,1.05,4.94
SH-00502,2025-05-02,2025-05-01,Shopify,NY,C-00609,CP-REFILL-30,"Car Perfume refill, 3 x 10 ml",Refills,1,14.99,14.99,3.15,11.84
SH-00502,2025-05-02,2025-05-01,Shopify,NY,C-00609,CP-REFILL-10,"Car Perfume refill, 10 ml",Refills,1,5.99,5.99,1.05,4.94
SH-00502,2025-05-02,2025-05-01,Shopify,NY,C-00609,CP-REFILL-20,"Car Perfume refill, 2 x 10 ml",Refills,1,10.99,10.99,2.1,8.89
EB-00308,2025-05-03,2025-05-01,eBay,CA,C-00615,DF-PDM-LAYTON,Parfums de Marly Layton EDP 4.2 oz,Designer fragrance,1,184.87,184.87,148.0,36.87
SH-00503,2025-05-03,2025-05-01,Shopify,IL,C-00611,DF-INITIO-OUD,Initio Oud for Greatness EDP 3.0 oz,Designer fragrance,1,209.82,209.82,169.0,40.82
SH-00504,2025-05-03,2025-05-01,Shopify,CA,C-00612,CP-REFILL-10,"Car Perfume refill, 10 ml",Refills,1,5.99,5.99,1.05,4.94
SH-00505,2025-05-03,2025-05-01,Shopify,VA,C-00613,CP-BOTTLE-COLOR,"Car Perfume bottle, color collection",Car Perfume,1,9.99,9.99,2.55,7.44
SH-00505,2025-05-03,2025-05-01,Shopify,VA,C-00613,CP-REFILL-20,"Car Perfume refill, 2 x 10 ml",Refills,1,10.99,10.99,2.1,8.89
SH-00505,2025-05-03,2025-05-01,Shopify,VA,C-00613,CP-REFILL-10,"Car Perfume refill, 10 ml",Refills,1,5.99,5.99,1.05,4.94
SH-00506,2025-05-03,2025-05-01,Shopify,AZ,C-00614,CP-REFILL-10,"Car Perfume refill, 10 ml",Refills,1,5.99,5.99,1.05,4.94
SH-00507,2025-05-03,2025-05-01,Shopify,TX,C-00179,DF-VERSACE-EROS,Versace Eros EDT 3.4 oz,Designer fragrance,1,63.63,63.63,46.0,17.63
SH-00508,2025-05-03,2025-05-01,Shopify,NY,C-00616,DF-INITIO-OUD,Initio Oud for Greatness EDP 3.0 oz,Designer fragrance,1,206.18,206.18,169.0,37.18
EB-00309,2025-05-04,2025-05-01,eBay,CO,C-00617,DF-VERSACE-EROS,Versace Eros EDT 3.4 oz,Designer fragrance,1,61.39,61.39,46.0,15.39
EB-00310,2025-05-04,2025-05-01,eBay,WA,C-00618,DF-DIOR-SAUVAGE,Dior Sauvage EDT 3.4 oz,Designer fragrance,1,97.84,97.84,76.0,21.84
EB-00311,2025-05-04,2025-05-01,eBay,OH,C-00620,DF-JPG-ELIXIR,Jean Paul Gaultier Le Male Elixir 4.2 oz,Designer fragrance,1,110.67,110.67,87.0,23.67
EB-00312,2025-05-04,2025-05-01,eBay,OR,C-00621,DF-DIOR-SAUVAGE,Dior Sauvage EDT 3.4 oz,Designer fragrance,1,94.23,94.23,76.0,18.23
EB-00313,2025-05-04,2025-05-01,eBay,NV,C-00622,DF-XJ-ERBA,Xerjoff Erba Pura EDP 3.4 oz,Designer fragrance,1,158.1,158.1,133.0,25.1
EB-00314,2025-05-04,2025-05-01,eBay,CA,C-00506,DF-VERSACE-EROS,Versace Eros EDT 3.4 oz,Designer fragrance,1,59.21,59.21,46.0,13.21
SH-00509,2025-05-04,2025-05-01,Shopify,CA,C-00610,DF-PDM-LAYTON,Parfums de Marly Layton EDP 4.2 oz,Designer fragrance,1,188.38,188.38,148.0,40.38
SH-00510,2025-05-04,2025-05-01,Shopify,GA,C-00619,CP-BOTTLE-COLOR,"Car Perfume bottle, color collection",Car Perfume,1,9.99,9.99,2.55,7.44
EB-00315,2025-05-05,2025-05-01,eBay,NY,C-00624,CP-BOTTLE-CLASSIC,"Car Perfume bottle, Onyx, Chrome or Gold",Car Perfume,1,7.99,7.99,2.35,5.64
EB-00315,2025-05-05,2025-05-01,eBay,NY,C-00624,CP-REFILL-10,"Car Perfume refill, 10 ml",Refills,1,5.99,5.99,1.05,4.94
EB-00316,2025-05-05,2025-05-01,eBay,CA,C-00625,DF-VERSACE-EROS,Versace Eros EDT 3.4 oz,Designer fragrance,1,58.29,58.29,46.0,12.29
EB-00317,2025-05-05,2025-05-01,eBay,FL,C-00626,DF-DIOR-SAUVAGE,Dior Sauvage EDT 3.4 oz,Designer fragrance,1,95.6,95.6,76.0,19.6
EB-00318,2025-05-05,2025-05-01,eBay,CA,C-00627,DF-PDM-DELINA,Parfums de Marly Delina EDP 2.5 oz,Designer fragrance,1,204.13,204.13,170.0,34.13
SH-00511,2025-05-05,2025-05-01,Shopify,CA,C-00623,CP-REFILL-10,"Car Perfume refill, 10 ml",Refills,2,5.99,11.98,2.1,9.88
SH-00512,2025-05-05,2025-05-01,Shopify,MD,C-00322,CP-BOTTLE-COLOR,"Car Perfume bottle, color collection",Car Perfume,1,9.99,9.99,2.55,7.44
SH-00512,2025-05-05,2025-05-01,Shopify,MD,C-00322,CP-REFILL-10,"Car Perfume refill, 10 ml",Refills,1,5.99,5.99,1.05,4.94
SH-00513,2025-05-05,2025-05-01,Shopify,FL,C-00628,CP-REFILL-20,"Car Perfume refill, 2 x 10 ml",Refills,1,10.99,10.99,2.1,8.89
SH-00513,2025-05-05,2025-05-01,Shopify,FL,C-00628,CP-REFILL-30,"Car Perfume refill, 3 x 10 ml",Refills,1,14.99,14.99,3.15,11.84
EB-00319,2025-05-06,2025-05-01,eBay,WA,C-00630,DF-XJ-ERBA,Xerjoff Erba Pura EDP 3.4 oz,Designer fragrance,1,162.2,162.2,133.0,29.2
EB-00320,2025-05-06,2025-05-01,eBay,NY,C-00632,CP-BOTTLE-COLOR,"Car Perfume bottle, color collection",Car Perfume,1,9.99,9.99,2.55,7.44
EB-00320,2025-05-06,2025-05-01,eBay,NY,C-00632,CP-REFILL-10,"Car Perfume refill, 10 ml",Refills,1,5.99,5.99,1.05,4.94
EB-00320,2025-05-06,2025-05-01,eBay,NY,C-00632,CP-REFILL-30,"Car Perfume refill, 3 x 10 ml",Refills,1,14.99,14.99,3.15,11.84
EB-00321,2025-05-06,2025-05-01,eBay,NY,C-00633,DF-MFK-BR540,Maison Francis Kurkdjian Baccarat Rouge 540 EDP 2.4 oz,Designer fragrance,1,267.83,267.83,219.0,48.83
SH-00514,2025-05-06,2025-05-01,Shopify,FL,C-00629,DF-CREED-AVENTUS,Creed Aventus EDP 3.3 oz,Designer fragrance,1,295.47,295.47,244.0,51.47
SH-00515,2025-05-06,2025-05-01,Shopify,CA,C-00631,CP-BOTTLE-COLOR,"Car Perfume bottle, color collection",Car Perfume,1,9.99,9.99,2.55,7.44
SH-00515,2025-05-06,2025-05-01,Shopify,CA,C-00631,CP-REFILL-30,"Car Perfume refill, 3 x 10 ml",Refills,1,14.99,14.99,3.15,11.84
SH-00515,2025-05-06,2025-05-01,Shopify,CA,C-00631,CP-REFILL-20,"Car Perfume refill, 2 x 10 ml",Refills,1,10.99,10.99,2.1,8.89
SH-00516,2025-05-06,2025-05-01,Shopify,CA,C-00634,CP-BOTTLE-COLOR,"Car Perfume bottle, color collection",Car Perfume,1,9.99,9.99,2.55,7.44
SH-00516,2025-05-06,2025-05-01,Shopify,CA,C-00634,CP-REFILL-20,"Car Perfume refill, 2 x 10 ml",Refills,1,10.99,10.99,2.1,8.89
SH-00517,2025-05-06,2025-05-01,Shopify,CA,C-00635,CP-REFILL-10,"Car Perfume refill, 10 ml",Refills,1,5.99,5.99,1.05,4.94
SH-00517,2025-05-06,2025-05-01,Shopify,CA,C-00635,CP-REFILL-30,"Car Perfume refill, 3 x 10 ml",Refills,2,14.99,29.98,6.3,23.68
EB-00322,2025-05-07,2025-05-01,eBay,CA,C-00637,DF-MFK-BR540,Maison Francis Kurkdjian Baccarat Rouge 540 EDP 2.4 oz,Designer fragrance,1,269.07,269.07,219.0,50.07
SH-00518,2025-05-07,2025-05-01,Shopify,CA,C-00636,DF-PDM-LAYTON,Parfums de Marly Layton EDP 4.2 oz,Designer fragrance,1,181.11,181.11,148.0,33.11
EB-00323,2025-05-08,2025-05-01,eBay,NY,C-00638,DF-JPG-ELIXIR,Jean Paul Gaultier Le Male Elixir 4.2 oz,Designer fragrance,1,114.1,114.1,87.0,27.1
EB-00324,2025-05-08,2025-05-01,eBay,CA,C-00639,DF-VAL-BIR,Valentino Born in Roma Uomo EDT 3.4 oz,Designer fragrance,1,95.15,95.15,76.0,19.15
EB-00325,2025-05-08,2025-05-01,eBay,AZ,C-00643,DF-CREED-AVENTUS,Creed Aventus EDP 3.3 oz,Designer fragrance,1,297.83,297.83,244.0,53.83
EB-00326,2025-05-08,2025-05-01,eBay,CA,C-00644,DF-JPG-ELIXIR,Jean Paul Gaultier Le Male Elixir 4.2 oz,Designer fragrance,1,105.42,105.42,87.0,18.42
SH-00519,2025-05-08,2025-05-01,Shopify,IL,C-00640,CP-REFILL-30,"Car Perfume refill, 3 x 10 ml",Refills,2,14.99,29.98,6.3,23.68
SH-00520,2025-05-08,2025-05-01,Shopify,TX,C-00530,DF-VERSACE-EROS,Versace Eros EDT 3.4 oz,Designer fragrance,1,62.39,62.39,46.0,16.39
SH-00521,2025-05-08,2025-05-01,Shopify,FL,C-00641,CP-BOTTLE-COLOR,"Car Perfume bottle, color collection",Car Perfume,1,9.99,9.99,2.55,7.44
SH-00522,2025-05-08,2025-05-01,Shopify,CA,C-00642,CP-BOTTLE-CLASSIC,"Car Perfume bottle, Onyx, Chrome or Gold",Car Perfume,1,7.99,7.99,2.35,5.64
SH-00523,2025-05-08,2025-05-01,Shopify,IL,C-00640,CP-REFILL-30,"Car Perfume refill, 3 x 10 ml",Refills,3,14.99,44.97,9.45,35.52
SH-00524,2025-05-08,2025-05-01,Shopify,NY,C-00645,DF-VERSACE-EROS,Versace Eros EDT 3.4 oz,Designer fragrance,1,59.92,59.92,46.0,13.92
SH-00525,2025-05-08,2025-05-01,Shopify,NC,C-00646,CP-BOTTLE-COLOR,"Car Perfume bottle, color collection",Car Perfume,1,9.99,9.99,2.55,7.44
SH-00526,2025-05-08,2025-05-01,Shopify,PA,C-00647,CP-BOTTLE-CLASSIC,"Car Perfume bottle, Onyx, Chrome or Gold",Car Perfume,1,7.99,7.99,2.35,5.64
SH-00526,2025-05-08,2025-05-01,Shopify,PA,C-00647,CP-REFILL-10,"Car Perfume refill, 10 ml",Refills,1,5.99,5.99,1.05,4.94
SH-00527,2025-05-08,2025-05-01,Shopify,IL,C-00648,CP-BOTTLE-CLASSIC,"Car Perfume bottle, Onyx, Chrome or Gold",Car Perfume,1,7.99,7.99,2.35,5.64
SH-00527,2025-05-08,2025-05-01,Shopify,IL,C-00648,CP-REFILL-10,"Car Perfume refill, 10 ml",Refills,1,5.99,5.99,1.05,4.94
SH-00527,2025-05-08,2025-05-01,Shopify,IL,C-00648,CP-REFILL-30,"Car Perfume refill, 3 x 10 ml",Refills,1,14.99,14.99,3.15,11.84
EB-00327,2025-05-09,2025-05-01,eBay,OH,C-00649,CP-REFILL-10,"Car Perfume refill, 10 ml",Refills,2,5.99,11.98,2.1,9.88
EB-00328,2025-05-09,2025-05-01,eBay,CA,C-00651,DF-PDM-DELINA,Parfums de Marly Delina EDP 2.5 oz,Designer fragrance,1,202.55,202.55,170.0,32.55
EB-00329,2025-05-09,2025-05-01,eBay,NY,C-00652,DF-TF-OMBRE,Tom Ford Ombre Leather EDP 3.4 oz,Designer fragrance,1,120.61,120.61,93.0,27.61
EB-00330,2025-05-09,2025-05-01,eBay,CA,C-00654,DF-DIOR-SAUVAGE,Dior Sauvage EDT 3.4 oz,Designer fragrance,1,99.07,99.07,76.0,23.07
SH-00528,2025-05-09,2025-05-01,Shopify,CA,C-00650,DF-PDM-LAYTON,Parfums de Marly Layton EDP 4.2 oz,Designer fragrance,1,182.22,182.22,148.0,34.22
SH-00529,2025-05-09,2025-05-01,Shopify,TX,C-00653,DF-PDM-LAYTON,Parfums de Marly Layton EDP 4.2 oz,Designer fragrance,1,174.57,174.57,148.0,26.57
EB-00331,2025-05-10,2025-05-01,eBay,WA,C-00656,CP-BOTTLE-CLASSIC,"Car Perfume bottle, Onyx, Chrome or Gold",Car Perfume,1,7.99,7.99,2.35,5.64
EB-00331,2025-05-10,2025-05-01,eBay,WA,C-00656,CP-REFILL-20,"Car Perfume refill, 2 x 10 ml",Refills,1,10.99,10.99,2.1,8.89
EB-00331,2025-05-10,2025-05-01,eBay,WA,C-00656,CP-REFILL-30,"Car Perfume refill, 3 x 10 ml",Refills,1,14.99,14.99,3.15,11.84
EB-00332,2025-05-10,2025-05-01,eBay,FL,C-00658,CP-BOTTLE-COLOR,"Car Perfume bottle, color collection",Car Perfume,1,9.99,9.99,2.55,7.44
EB-00332,2025-05-10,2025-05-01,eBay,FL,C-00658,CP-REFILL-20,"Car Perfume refill, 2 x 10 ml",Refills,1,10.99,10.99,2.1,8.89
EB-00332,2025-05-10,2025-05-01,eBay,FL,C-00658,CP-REFILL-10,"Car Perfume refill, 10 ml",Refills,1,5.99,5.99,1.05,4.94
EB-00333,2025-05-10,2025-05-01,eBay,CA,C-00659,DF-PDM-LAYTON,Parfums de Marly Layton EDP 4.2 oz,Designer fragrance,1,188.04,188.04,148.0,40.04
EB-00334,2025-05-10,2025-05-01,eBay,CA,C-00660,DF-JPG-ELIXIR,Jean Paul Gaultier Le Male Elixir 4.2 oz,Designer fragrance,1,113.03,113.03,87.0,26.03
EB-00335,2025-05-10,2025-05-01,eBay,MD,C-00283,DF-TF-OMBRE,Tom Ford Ombre Leather EDP 3.4 oz,Designer fragrance,1,116.1,116.1,93.0,23.1
SH-00530,2025-05-10,2025-05-01,Shopify,IL,C-00655,DF-DIOR-SAUVAGE,Dior Sauvage EDT 3.4 oz,Designer fragrance,1,92.75,92.75,76.0,16.75
SH-00531,2025-05-10,2025-05-01,Shopify,WA,C-00657,CP-REFILL-30,"Car Perfume refill, 3 x 10 ml",Refills,1,14.99,14.99,3.15,11.84
SH-00532,2025-05-10,2025-05-01,Shopify,MI,C-00536,CP-REFILL-20,"Car Perfume refill, 2 x 10 ml",Refills,1,10.99,10.99,2.1,8.89
SH-00532,2025-05-10,2025-05-01,Shopify,MI,C-00536,CP-REFILL-10,"Car Perfume refill, 10 ml",Refills,1,5.99,5.99,1.05,4.94
SH-00532,2025-05-10,2025-05-01,Shopify,MI,C-00536,CP-REFILL-30,"Car Perfume refill, 3 x 10 ml",Refills,1,14.99,14.99,3.15,11.84
SH-00533,2025-05-10,2025-05-01,Shopify,TN,C-00661,CP-BOTTLE-CLASSIC,"Car Perfume bottle, Onyx, Chrome or Gold",Car Perfume,1,7.99,7.99,2.35,5.64
SH-00533,2025-05-10,2025-05-01,Shopify,TN,C-00661,CP-REFILL-20,"Car Perfume refill, 2 x 10 ml",Refills,1,10.99,10.99,2.1,8.89
SH-00534,2025-05-10,2025-05-01,Shopify,CO,C-00662,CP-REFILL-10,"Car Perfume refill, 10 ml",Refills,2,5.99,11.98,2.1,9.88
EB-00336,2025-05-11,2025-05-01,eBay,CA,C-00663,DF-VERSACE-EROS,Versace Eros EDT 3.4 oz,Designer fragrance,1,62.61,62.61,46.0,16.61
EB-00337,2025-05-11,2025-05-01,eBay,TX,C-00666,DF-YSL-LIBRE,YSL Libre EDP 3.0 oz,Designer fragrance,1,103.48,103.48,82.0,21.48
SH-00535,2025-05-11,2025-05-01,Shopify,TN,C-00052,CP-REFILL-30,"Car Perfume refill, 3 x 10 ml",Refills,1,14.99,14.99,3.15,11.84
SH-00536,2025-05-11,2025-05-01,Shopify,CA,C-00545,CP-BOTTLE-CLASSIC,"Car Perfume bottle, Onyx, Chrome or Gold",Car Perfume,1,7.99,7.99,2.35,5.64
SH-00536,2025-05-11,2025-05-01,Shopify,CA,C-00545,CP-REFILL-10,"Car Perfume refill, 10 ml",Refills,1,5.99,5.99,1.05,4.94
SH-00537,2025-05-11,2025-05-01,Shopify,CA,C-00664,DF-CREED-AVENTUS,Creed Aventus EDP 3.3 oz,Designer fragrance,1,294.11,294.11,244.0,50.11
SH-00538,2025-05-11,2025-05-01,Shopify,CA,C-00663,DF-DIOR-SAUVAGE,Dior Sauvage EDT 3.4 oz,Designer fragrance,1,92.84,92.84,76.0,16.84
SH-00539,2025-05-11,2025-05-01,Shopify,TX,C-00665,CP-BOTTLE-CLASSIC,"Car Perfume bottle, Onyx, Chrome or Gold",Car Perfume,1,7.99,7.99,2.35,5.64
EB-00338,2025-05-12,2025-05-01,eBay,WA,C-00668,CP-BOTTLE-COLOR,"Car Perfume bottle, color collection",Car Perfume,1,9.99,9.99,2.55,7.44
EB-00338,2025-05-12,2025-05-01,eBay,WA,C-00668,CP-REFILL-20,"Car Perfume refill, 2 x 10 ml",Refills,2,10.99,21.98,4.2,17.78
EB-00338,2025-05-12,2025-05-01,eBay,WA,C-00668,CP-REFILL-30,"Car Perfume refill, 3 x 10 ml",Refills,1,14.99,14.99,3.15,11.84
EB-00339,2025-05-12,2025-05-01,eBay,CA,C-00672,CP-BOTTLE-CLASSIC,"Car Perfume bottle, Onyx, Chrome or Gold",Car Perfume,1,7.99,7.99,2.35,5.64
EB-00339,2025-05-12,2025-05-01,eBay,CA,C-00672,CP-REFILL-20,"Car Perfume refill, 2 x 10 ml",Refills,1,10.99,10.99,2.1,8.89
SH-00540,2025-05-12,2025-05-01,Shopify,CA,C-00182,CP-BOTTLE-CLASSIC,"Car Perfume bottle, Onyx, Chrome or Gold",Car Perfume,1,7.99,7.99,2.35,5.64
SH-00541,2025-05-12,2025-05-01,Shopify,FL,C-00667,CP-BOTTLE-CLASSIC,"Car Perfume bottle, Onyx, Chrome or Gold",Car Perfume,1,7.99,7.99,2.35,5.64
SH-00542,2025-05-12,2025-05-01,Shopify,CA,C-00669,DF-PDM-LAYTON,Parfums de Marly Layton EDP 4.2 oz,Designer fragrance,1,184.2,184.2,148.0,36.2
SH-00543,2025-05-12,2025-05-01,Shopify,TX,C-00670,CP-REFILL-10,"Car Perfume refill, 10 ml",Refills,1,5.99,5.99,1.05,4.94
SH-00544,2025-05-12,2025-05-01,Shopify,TN,C-00671,DF-VERSACE-EROS,Versace Eros EDT 3.4 oz,Designer fragrance,1,62.47,62.47,46.0,16.47
EB-00340,2025-05-13,2025-05-01,eBay,WA,C-00674,DF-VERSACE-EROS,Versace Eros EDT 3.4 oz,Designer fragrance,1,60.64,60.64,46.0,14.64
EB-00341,2025-05-13,2025-05-01,eBay,CA,C-00675,DF-VAL-BIR,Valentino Born in Roma Uomo EDT 3.4 oz,Designer fragrance,1,95.69,95.69,76.0,19.69
EB-00342,2025-05-13,2025-05-01,eBay,NY,C-00676,DF-VAL-BIR,Valentino Born in Roma Uomo EDT 3.4 oz,Designer fragrance,1,97.21,97.21,76.0,21.21
SH-00545,2025-05-13,2025-05-01,Shopify,CA,C-00673,CP-REFILL-10,"Car Perfume refill, 10 ml",Refills,1,5.99,5.99,1.05,4.94
SH-00545,2025-05-13,2025-05-01,Shopify,CA,C-00673,CP-REFILL-20,"Car Perfume refill, 2 x 10 ml",Refills,1,10.99,10.99,2.1,8.89
SH-00545,2025-05-13,2025-05-01,Shopify,CA,C-00673,CP-REFILL-30,"Car Perfume refill, 3 x 10 ml",Refills,1,14.99,14.99,3.15,11.84
EB-00343,2025-05-14,2025-05-01,eBay,GA,C-00677,CP-BOTTLE-CLASSIC,"Car Perfume bottle, Onyx, Chrome or Gold",Car Perfume,1,7.99,7.99,2.35,5.64
EB-00343,2025-05-14,2025-05-01,eBay,GA,C-00677,CP-REFILL-20,"Car Perfume refill, 2 x 10 ml",Refills,1,10.99,10.99,2.1,8.89
EB-00344,2025-05-14,2025-05-01,eBay,FL,C-00679,DF-DIOR-SAUVAGE,Dior Sauvage EDT 3.4 oz,Designer fragrance,1,99.92,99.92,76.0,23.92
EB-00345,2025-05-14,2025-05-01,eBay,NV,C-00680,DF-DIOR-SAUVAGE,Dior Sauvage EDT 3.4 oz,Designer fragrance,1,93.66,93.66,76.0,17.66
EB-00346,2025-05-14,2025-05-01,eBay,NY,C-00684,DF-VERSACE-EROS,Versace Eros EDT 3.4 oz,Designer fragrance,1,63.29,63.29,46.0,17.29
SH-00546,2025-05-14,2025-05-01,Shopify,NY,C-00678,DF-PDM-LAYTON,Parfums de Marly Layton EDP 4.2 oz,Designer fragrance,1,178.96,178.96,148.0,30.96
SH-00547,2025-05-14,2025-05-01,Shopify,CA,C-00681,CP-REFILL-20,"Car Perfume refill, 2 x 10 ml",Refills,1,10.99,10.99,2.1,8.89
SH-00547,2025-05-14,2025-05-01,Shopify,CA,C-00681,CP-REFILL-10,"Car Perfume refill, 10 ml",Refills,1,5.99,5.99,1.05,4.94
SH-00548,2025-05-14,2025-05-01,Shopify,MA,C-00682,CP-REFILL-20,"Car Perfume refill, 2 x 10 ml",Refills,1,10.99,10.99,2.1,8.89
SH-00548,2025-05-14,2025-05-01,Shopify,MA,C-00682,CP-REFILL-10,"Car Perfume refill, 10 ml",Refills,1,5.99,5.99,1.05,4.94
SH-00548,2025-05-14,2025-05-01,Shopify,MA,C-00682,CP-REFILL-30,"Car Perfume refill, 3 x 10 ml",Refills,1,14.99,14.99,3.15,11.84
SH-00549,2025-05-14,2025-05-01,Shopify,CA,C-00683,CP-BOTTLE-COLOR,"Car Perfume bottle, color collection",Car Perfume,1,9.99,9.99,2.55,7.44
EB-00347,2025-05-15,2025-05-01,eBay,NY,C-00685,DF-INITIO-OUD,Initio Oud for Greatness EDP 3.0 oz,Designer fragrance,1,204.99,204.99,169.0,35.99
SH-00550,2025-05-15,2025-05-01,Shopify,CA,C-00384,CP-BOTTLE-COLOR,"Car Perfume bottle, color collection",Car Perfume,1,9.99,9.99,2.55,7.44
SH-00550,2025-05-15,2025-05-01,Shopify,CA,C-00384,CP-REFILL-20,"Car Perfume refill, 2 x 10 ml",Refills,1,10.99,10.99,2.1,8.89
SH-00551,2025-05-15,2025-05-01,Shopify,WA,C-00395,CP-REFILL-10,"Car Perfume refill, 10 ml",Refills,1,5.99,5.99,1.05,4.94
SH-00552,2025-05-15,2025-05-01,Shopify,WA,C-00686,CP-BOTTLE-CLASSIC,"Car Perfume bottle, Onyx, Chrome or Gold",Car Perfume,1,7.99,7.99,2.35,5.64
SH-00552,2025-05-15,2025-05-01,Shopify,WA,C-00686,CP-REFILL-10,"Car Perfume refill, 10 ml",Refills,1,5.99,5.99,1.05,4.94
EB-00348,2025-05-16,2025-05-01,eBay,AZ,C-00687,DF-CREED-AVENTUS,Creed Aventus EDP 3.3 oz,Designer fragrance,1,294.61,294.61,244.0,50.61
EB-00348,2025-05-16,2025-05-01,eBay,AZ,C-00687,DF-PDM-LAYTON,Parfums de Marly Layton EDP 4.2 oz,Designer fragrance,1,177.09,177.09,148.0,29.09
EB-00349,2025-05-16,2025-05-01,eBay,CA,C-00487,CP-REFILL-30,"Car Perfume refill, 3 x 10 ml",Refills,2,14.99,29.98,6.3,23.68
EB-00349,2025-05-16,2025-05-01,eBay,CA,C-00487,CP-REFILL-20,"Car Perfume refill, 2 x 10 ml",Refills,1,10.99,10.99,2.1,8.89
EB-00349,2025-05-16,2025-05-01,eBay,CA,C-00487,CP-REFILL-10,"Car Perfume refill, 10 ml",Refills,1,5.99,5.99,1.05,4.94
EB-00350,2025-05-16,2025-05-01,eBay,CA,C-00691,DF-DIOR-SAUVAGE,Dior Sauvage EDT 3.4 oz,Designer fragrance,1,93.38,93.38,76.0,17.38
SH-00553,2025-05-16,2025-05-01,Shopify,CA,C-00688,DF-VERSACE-EROS,Versace Eros EDT 3.4 oz,Designer fragrance,1,58.37,58.37,46.0,12.37
SH-00554,2025-05-16,2025-05-01,Shopify,IL,C-00689,DF-VERSACE-EROS,Versace Eros EDT 3.4 oz,Designer fragrance,1,60.5,60.5,46.0,14.5
SH-00555,2025-05-16,2025-05-01,Shopify,CA,C-00475,CP-BOTTLE-CLASSIC,"Car Perfume bottle, Onyx, Chrome or Gold",Car Perfume,1,7.99,7.99,2.35,5.64
SH-00555,2025-05-16,2025-05-01,Shopify,CA,C-00475,CP-REFILL-10,"Car Perfume refill, 10 ml",Refills,1,5.99,5.99,1.05,4.94
SH-00555,2025-05-16,2025-05-01,Shopify,CA,C-00475,CP-REFILL-20,"Car Perfume refill, 2 x 10 ml",Refills,1,10.99,10.99,2.1,8.89
SH-00556,2025-05-16,2025-05-01,Shopify,TX,C-00690,DF-PDM-LAYTON,Parfums de Marly Layton EDP 4.2 oz,Designer fragrance,1,175.22,175.22,148.0,27.22
EB-00351,2025-05-17,2025-05-01,eBay,CA,C-00691,DF-MFK-BR540,Maison Francis Kurkdjian Baccarat Rouge 540 EDP 2.4 oz,Designer fragrance,1,253.02,253.02,219.0,34.02
EB-00352,2025-05-17,2025-05-01,eBay,CA,C-00692,DF-INITIO-OUD,Initio Oud for Greatness EDP 3.0 oz,Designer fragrance,1,211.39,211.39,169.0,42.39
EB-00353,2025-05-17,2025-05-01,eBay,WA,C-00395,CP-BOTTLE-CLASSIC,"Car Perfume bottle, Onyx, Chrome or Gold",Car Perfume,1,7.99,7.99,2.35,5.64
EB-00354,2025-05-17,2025-05-01,eBay,CA,C-00454,CP-BOTTLE-CLASSIC,"Car Perfume bottle, Onyx, Chrome or Gold",Car Perfume,1,7.99,7.99,2.35,5.64
EB-00355,2025-05-17,2025-05-01,eBay,OH,C-00693,CP-REFILL-30,"Car Perfume refill, 3 x 10 ml",Refills,1,14.99,14.99,3.15,11.84
EB-00355,2025-05-17,2025-05-01,eBay,OH,C-00693,CP-REFILL-20,"Car Perfume refill, 2 x 10 ml",Refills,1,10.99,10.99,2.1,8.89
SH-00557,2025-05-17,2025-05-01,Shopify,MA,C-00499,CP-BOTTLE-CLASSIC,"Car Perfume bottle, Onyx, Chrome or Gold",Car Perfume,1,7.99,7.99,2.35,5.64
SH-00557,2025-05-17,2025-05-01,Shopify,MA,C-00499,CP-REFILL-10,"Car Perfume refill, 10 ml",Refills,1,5.99,5.99,1.05,4.94
SH-00558,2025-05-17,2025-05-01,Shopify,CA,C-00694,CP-REFILL-20,"Car Perfume refill, 2 x 10 ml",Refills,1,10.99,10.99,2.1,8.89
SH-00559,2025-05-17,2025-05-01,Shopify,VA,C-00613,CP-REFILL-10,"Car Perfume refill, 10 ml",Refills,1,5.99,5.99,1.05,4.94
EB-00356,2025-05-18,2025-05-01,eBay,CA,C-00696,CP-REFILL-20,"Car Perfume refill, 2 x 10 ml",Refills,1,10.99,10.99,2.1,8.89
EB-00356,2025-05-18,2025-05-01,eBay,CA,C-00696,CP-REFILL-10,"Car Perfume refill, 10 ml",Refills,1,5.99,5.99,1.05,4.94
EB-00357,2025-05-18,2025-05-01,eBay,NC,C-00699,DF-DIOR-SAUVAGE,Dior Sauvage EDT 3.4 oz,Designer fragrance,1,96.73,96.73,76.0,20.73
EB-00358,2025-05-18,2025-05-01,eBay,TX,C-00700,DF-CREED-AVENTUS,Creed Aventus EDP 3.3 oz,Designer fragrance,1,282.4,282.4,244.0,38.4
EB-00359,2025-05-18,2025-05-01,eBay,TX,C-00701,DF-INITIO-OUD,Initio Oud for Greatness EDP 3.0 oz,Designer fragrance,1,210.1,210.1,169.0,41.1
EB-00360,2025-05-18,2025-05-01,eBay,PA,C-00702,DF-VERSACE-EROS,Versace Eros EDT 3.4 oz,Designer fragrance,1,62.87,62.87,46.0,16.87
SH-00560,2025-05-18,2025-05-01,Shopify,CA,C-00695,CP-REFILL-20,"Car Perfume refill, 2 x 10 ml",Refills,3,10.99,32.97,6.3,26.67
SH-00560,2025-05-18,2025-05-01,Shopify,CA,C-00695,CP-REFILL-10,"Car Perfume refill, 10 ml",Refills,1,5.99,5.99,1.05,4.94
SH-00561,2025-05-18,2025-05-01,Shopify,CA,C-00697,CP-BOTTLE-COLOR,"Car Perfume bottle, color collection",Car Perfume,1,9.99,9.99,2.55,7.44
SH-00561,2025-05-18,2025-05-01,Shopify,CA,C-00697,CP-REFILL-30,"Car Perfume refill, 3 x 10 ml",Refills,1,14.99,14.99,3.15,11.84
SH-00562,2025-05-18,2025-05-01,Shopify,CA,C-00698,DF-JPG-ELIXIR,Jean Paul Gaultier Le Male Elixir 4.2 oz,Designer fragrance,1,109.92,109.92,87.0,22.92
EB-00361,2025-05-19,2025-05-01,eBay,NV,C-00703,CP-REFILL-10,"Car Perfume refill, 10 ml",Refills,2,5.99,11.98,2.1,9.88
EB-00362,2025-05-19,2025-05-01,eBay,MI,C-00704,CP-REFILL-10,"Car Perfume refill, 10 ml",Refills,1,5.99,5.99,1.05,4.94
EB-00363,2025-05-19,2025-05-01,eBay,OH,C-00705,DF-DIOR-SAUVAGE,Dior Sauvage EDT 3.4 oz,Designer fragrance,1,100.67,100.67,76.0,24.67
EB-00364,2025-05-19,2025-05-01,eBay,PA,C-00706,CP-REFILL-10,"Car Perfume refill, 10 ml",Refills,1,5.99,5.99,1.05,4.94
SH-00563,2025-05-19,2025-05-01,Shopify,NJ,C-00515,CP-BOTTLE-COLOR,"Car Perfume bottle, color collection",Car Perfume,1,9.99,9.99,2.55,7.44
SH-00564,2025-05-19,2025-05-01,Shopify,TX,C-00707,CP-REFILL-20,"Car Perfume refill, 2 x 10 ml",Refills,1,10.99,10.99,2.1,8.89
SH-00564,2025-05-19,2025-05-01,Shopify,TX,C-00707,CP-REFILL-30,"Car Perfume refill, 3 x 10 ml",Refills,1,14.99,14.99,3.15,11.84
EB-00365,2025-05-20,2025-05-01,eBay,CA,C-00711,DF-MFK-BR540,Maison Francis Kurkdjian Baccarat Rouge 540 EDP 2.4 oz,Designer fragrance,1,272.11,272.11,219.0,53.11
EB-00366,2025-05-20,2025-05-01,eBay,FL,C-00713,DF-PDM-LAYTON,Parfums de Marly Layton EDP 4.2 oz,Designer fragrance,1,178.35,178.35,148.0,30.35
SH-00565,2025-05-20,2025-05-01,Shopify,AZ,C-00708,CP-REFILL-10,"Car Perfume refill, 10 ml",Refills,1,5.99,5.99,1.05,4.94
SH-00566,2025-05-20,2025-05-01,Shopify,NC,C-00709,CP-BOTTLE-CLASSIC,"Car Perfume bottle, Onyx, Chrome or Gold",Car Perfume,1,7.99,7.99,2.35,5.64
SH-00566,2025-05-20,2025-05-01,Shopify,NC,C-00709,CP-REFILL-10,"Car Perfume refill, 10 ml",Refills,1,5.99,5.99,1.05,4.94
SH-00566,2025-05-20,2025-05-01,Shopify,NC,C-00709,CP-REFILL-30,"Car Perfume refill, 3 x 10 ml",Refills,1,14.99,14.99,3.15,11.84
SH-00567,2025-05-20,2025-05-01,Shopify,NC,C-00709,CP-REFILL-10,"Car Perfume refill, 10 ml",Refills,3,5.99,17.97,3.15,14.82
SH-00568,2025-05-20,2025-05-01,Shopify,FL,C-00710,CP-BOTTLE-COLOR,"Car Perfume bottle, color collection",Car Perfume,1,9.99,9.99,2.55,7.44
SH-00568,2025-05-20,2025-05-01,Shopify,FL,C-00710,CP-REFILL-10,"Car Perfume refill, 10 ml",Refills,1,5.99,5.99,1.05,4.94
SH-00569,2025-05-20,2025-05-01,Shopify,WA,C-00712,CP-BOTTLE-COLOR,"Car Perfume bottle, color collection",Car Perfume,1,9.99,9.99,2.55,7.44
EB-00367,2025-05-21,2025-05-01,eBay,FL,C-00714,DF-DIOR-SAUVAGE,Dior Sauvage EDT 3.4 oz,Designer fragrance,1,96.05,96.05,76.0,20.05
EB-00368,2025-05-21,2025-05-01,eBay,TN,C-00716,CP-BOTTLE-COLOR,"Car Perfume bottle, color collection",Car Perfume,1,9.99,9.99,2.55,7.44
EB-00368,2025-05-21,2025-05-01,eBay,TN,C-00716,CP-REFILL-10,"Car Perfume refill, 10 ml",Refills,1,5.99,5.99,1.05,4.94
EB-00369,2025-05-21,2025-05-01,eBay,OH,C-00717,DF-JPG-ELIXIR,Jean Paul Gaultier Le Male Elixir 4.2 oz,Designer fragrance,1,108.33,108.33,87.0,21.33
EB-00370,2025-05-21,2025-05-01,eBay,FL,C-00718,DF-PDM-DELINA,Parfums de Marly Delina EDP 2.5 oz,Designer fragrance,1,213.97,213.97,170.0,43.97
SH-00570,2025-05-21,2025-05-01,Shopify,CO,C-00715,DF-DIOR-SAUVAGE,Dior Sauvage EDT 3.4 oz,Designer fragrance,1,100.19,100.19,76.0,24.19
SH-00571,2025-05-21,2025-05-01,Shopify,GA,C-00619,CP-BOTTLE-COLOR,"Car Perfume bottle, color collection",Car Perfume,1,9.99,9.99,2.55,7.44
SH-00571,2025-05-21,2025-05-01,Shopify,GA,C-00619,CP-REFILL-10,"Car Perfume refill, 10 ml",Refills,1,5.99,5.99,1.05,4.94
SH-00572,2025-05-21,2025-05-01,Shopify,FL,C-00719,CP-BOTTLE-CLASSIC,"Car Perfume bottle, Onyx, Chrome or Gold",Car Perfume,1,7.99,7.99,2.35,5.64
SH-00572,2025-05-21,2025-05-01,Shopify,FL,C-00719,CP-REFILL-10,"Car Perfume refill, 10 ml",Refills,1,5.99,5.99,1.05,4.94
EB-00371,2025-05-22,2025-05-01,eBay,CA,C-00720,CP-REFILL-10,"Car Perfume refill, 10 ml",Refills,1,5.99,5.99,1.05,4.94
EB-00371,2025-05-22,2025-05-01,eBay,CA,C-00720,CP-REFILL-20,"Car Perfume refill, 2 x 10 ml",Refills,1,10.99,10.99,2.1,8.89
EB-00372,2025-05-22,2025-05-01,eBay,CA,C-00284,CP-REFILL-20,"Car Perfume refill, 2 x 10 ml",Refills,1,10.99,10.99,2.1,8.89
EB-00373,2025-05-22,2025-05-01,eBay,TX,C-00725,CP-REFILL-20,"Car Perfume refill, 2 x 10 ml",Refills,1,10.99,10.99,2.1,8.89
SH-00573,2025-05-22,2025-05-01,Shopify,IL,C-00020,CP-REFILL-20,"Car Perfume refill, 2 x 10 ml",Refills,1,10.99,10.99,2.1,8.89
SH-00574,2025-05-22,2025-05-01,Shopify,NV,C-00004,CP-BOTTLE-COLOR,"Car Perfume bottle, color collection",Car Perfume,1,9.99,9.99,2.55,7.44
SH-00575,2025-05-22,2025-05-01,Shopify,TX,C-00721,DF-PDM-LAYTON,Parfums de Marly Layton EDP 4.2 oz,Designer fragrance,1,178.36,178.36,148.0,30.36
SH-00576,2025-05-22,2025-05-01,Shopify,TX,C-00079,CP-REFILL-10,"Car Perfume refill, 10 ml",Refills,1,5.99,5.99,1.05,4.94
SH-00576,2025-05-22,2025-05-01,Shopify,TX,C-00079,CP-REFILL-30,"Car Perfume refill, 3 x 10 ml",Refills,2,14.99,29.98,6.3,23.68
SH-00577,2025-05-22,2025-05-01,Shopify,CA,C-00722,CP-BOTTLE-COLOR,"Car Perfume bottle, color collection",Car Perfume,1,9.99,9.99,2.55,7.44
SH-00578,2025-05-22,2025-05-01,Shopify,IL,C-00492,CP-BOTTLE-CLASSIC,"Car Perfume bottle, Onyx, Chrome or Gold",Car Perfume,1,7.99,7.99,2.35,5.64
SH-00579,2025-05-22,2025-05-01,Shopify,TN,C-00723,CP-REFILL-10,"Car Perfume refill, 10 ml",Refills,1,5.99,5.99,1.05,4.94
SH-00580,2025-05-22,2025-05-01,Shopify,TN,C-00724,CP-BOTTLE-COLOR,"Car Perfume bottle, color collection",Car Perfume,1,9.99,9.99,2.55,7.44
SH-00581,2025-05-22,2025-05-01,Shopify,CA,C-00726,CP-REFILL-10,"Car Perfume refill, 10 ml",Refills,1,5.99,5.99,1.05,4.94
SH-00581,2025-05-22,2025-05-01,Shopify,CA,C-00726,CP-REFILL-20,"Car Perfume refill, 2 x 10 ml",Refills,1,10.99,10.99,2.1,8.89
SH-00582,2025-05-22,2025-05-01,Shopify,CA,C-00457,CP-REFILL-30,"Car Perfume refill, 3 x 10 ml",Refills,2,14.99,29.98,6.3,23.68
SH-00582,2025-05-22,2025-05-01,Shopify,CA,C-00457,CP-REFILL-10,"Car Perfume refill, 10 ml",Refills,1,5.99,5.99,1.05,4.94
SH-00582,2025-05-22,2025-05-01,Shopify,CA,C-00457,CP-REFILL-20,"Car Perfume refill, 2 x 10 ml",Refills,1,10.99,10.99,2.1,8.89
EB-00374,2025-05-23,2025-05-01,eBay,NY,C-00222,DF-MFK-BR540,Maison Francis Kurkdjian Baccarat Rouge 540 EDP 2.4 oz,Designer fragrance,1,254.38,254.38,219.0,35.38
SH-00583,2025-05-23,2025-05-01,Shopify,IL,C-00727,CP-BOTTLE-COLOR,"Car Perfume bottle, color collection",Car Perfume,1,9.99,9.99,2.55,7.44
SH-00583,2025-05-23,2025-05-01,Shopify,IL,C-00727,CP-REFILL-10,"Car Perfume refill, 10 ml",Refills,1,5.99,5.99,1.05,4.94
SH-00584,2025-05-23,2025-05-01,Shopify,WA,C-00728,DF-TF-OMBRE,Tom Ford Ombre Leather EDP 3.4 oz,Designer fragrance,1,112.47,112.47,93.0,19.47
SH-00585,2025-05-23,2025-05-01,Shopify,TX,C-00729,CP-REFILL-10,"Car Perfume refill, 10 ml",Refills,1,5.99,5.99,1.05,4.94
SH-00586,2025-05-23,2025-05-01,Shopify,CA,C-00673,CP-BOTTLE-CLASSIC,"Car Perfume bottle, Onyx, Chrome or Gold",Car Perfume,1,7.99,7.99,2.35,5.64
SH-00587,2025-05-23,2025-05-01,Shopify,MD,C-00197,CP-BOTTLE-COLOR,"Car Perfume bottle, color collection",Car Perfume,1,9.99,9.99,2.55,7.44
SH-00587,2025-05-23,2025-05-01,Shopify,MD,C-00197,CP-REFILL-10,"Car Perfume refill, 10 ml",Refills,1,5.99,5.99,1.05,4.94
SH-00588,2025-05-24,2025-05-01,Shopify,TN,C-00730,CP-REFILL-20,"Car Perfume refill, 2 x 10 ml",Refills,1,10.99,10.99,2.1,8.89
SH-00589,2025-05-24,2025-05-01,Shopify,TN,C-00716,CP-REFILL-20,"Car Perfume refill, 2 x 10 ml",Refills,2,10.99,21.98,4.2,17.78
SH-00590,2025-05-24,2025-05-01,Shopify,GA,C-00731,CP-BOTTLE-COLOR,"Car Perfume bottle, color collection",Car Perfume,1,9.99,9.99,2.55,7.44
SH-00591,2025-05-24,2025-05-01,Shopify,MD,C-00322,CP-BOTTLE-CLASSIC,"Car Perfume bottle, Onyx, Chrome or Gold",Car Perfume,1,7.99,7.99,2.35,5.64
SH-00591,2025-05-24,2025-05-01,Shopify,MD,C-00322,CP-REFILL-10,"Car Perfume refill, 10 ml",Refills,1,5.99,5.99,1.05,4.94
SH-00592,2025-05-24,2025-05-01,Shopify,CA,C-00334,CP-BOTTLE-CLASSIC,"Car Perfume bottle, Onyx, Chrome or Gold",Car Perfume,1,7.99,7.99,2.35,5.64
SH-00592,2025-05-24,2025-05-01,Shopify,CA,C-00334,CP-REFILL-20,"Car Perfume refill, 2 x 10 ml",Refills,1,10.99,10.99,2.1,8.89
SH-00592,2025-05-24,2025-05-01,Shopify,CA,C-00334,CP-REFILL-10,"Car Perfume refill, 10 ml",Refills,2,5.99,11.98,2.1,9.88
EB-00375,2025-05-25,2025-05-01,eBay,PA,C-00732,DF-DIOR-SAUVAGE,Dior Sauvage EDT 3.4 oz,Designer fragrance,1,97.69,97.69,76.0,21.69
EB-00376,2025-05-25,2025-05-01,eBay,CA,C-00735,CP-BOTTLE-CLASSIC,"Car Perfume bottle, Onyx, Chrome or Gold",Car Perfume,1,7.99,7.99,2.35,5.64
EB-00376,2025-05-25,2025-05-01,eBay,CA,C-00735,CP-REFILL-10,"Car Perfume refill, 10 ml",Refills,1,5.99,5.99,1.05,4.94
EB-00377,2025-05-25,2025-05-01,eBay,NY,C-00736,DF-CREED-AVENTUS,Creed Aventus EDP 3.3 oz,Designer fragrance,1,291.33,291.33,244.0,47.33
SH-00593,2025-05-25,2025-05-01,Shopify,WA,C-00733,DF-PDM-DELINA,Parfums de Marly Delina EDP 2.5 oz,Designer fragrance,1,202.33,202.33,170.0,32.33
SH-00594,2025-05-25,2025-05-01,Shopify,NY,C-00734,DF-VERSACE-EROS,Versace Eros EDT 3.4 oz,Designer fragrance,1,62.97,62.97,46.0,16.97
SH-00595,2025-05-25,2025-05-01,Shopify,WA,C-00668,CP-BOTTLE-CLASSIC,"Car Perfume bottle, Onyx, Chrome or Gold",Car Perfume,1,7.99,7.99,2.35,5.64
SH-00596,2025-05-25,2025-05-01,Shopify,OH,C-00215,CP-REFILL-20,"Car Perfume refill, 2 x 10 ml",Refills,2,10.99,21.98,4.2,17.78
SH-00596,2025-05-25,2025-05-01,Shopify,OH,C-00215,CP-REFILL-10,"Car Perfume refill, 10 ml",Refills,1,5.99,5.99,1.05,4.94
SH-00596,2025-05-25,2025-05-01,Shopify,OH,C-00215,CP-REFILL-30,"Car Perfume refill, 3 x 10 ml",Refills,1,14.99,14.99,3.15,11.84
SH-00597,2025-05-25,2025-05-01,Shopify,CA,C-00737,CP-REFILL-10,"Car Perfume refill, 10 ml",Refills,2,5.99,11.98,2.1,9.88
SH-00598,2025-05-25,2025-05-01,Shopify,OH,C-00142,CP-BOTTLE-CLASSIC,"Car Perfume bottle, Onyx, Chrome or Gold",Car Perfume,1,7.99,7.99,2.35,5.64
EB-00378,2025-05-26,2025-05-01,eBay,PA,C-00738,DF-YSL-LIBRE,YSL Libre EDP 3.0 oz,Designer fragrance,1,98.83,98.83,82.0,16.83
EB-00379,2025-05-26,2025-05-01,eBay,NV,C-00740,DF-DIOR-SAUVAGE,Dior Sauvage EDT 3.4 oz,Designer fragrance,1,96.58,96.58,76.0,20.58
SH-00599,2025-05-26,2025-05-01,Shopify,NY,C-00739,CP-BOTTLE-CLASSIC,"Car Perfume bottle, Onyx, Chrome or Gold",Car Perfume,1,7.99,7.99,2.35,5.64
SH-00600,2025-05-26,2025-05-01,Shopify,CA,C-00741,CP-BOTTLE-CLASSIC,"Car Perfume bottle, Onyx, Chrome or Gold",Car Perfume,1,7.99,7.99,2.35,5.64
SH-00601,2025-05-26,2025-05-01,Shopify,CA,C-00742,CP-REFILL-10,"Car Perfume refill, 10 ml",Refills,1,5.99,5.99,1.05,4.94
SH-00601,2025-05-26,2025-05-01,Shopify,CA,C-00742,CP-REFILL-20,"Car Perfume refill, 2 x 10 ml",Refills,1,10.99,10.99,2.1,8.89
EB-00380,2025-05-27,2025-05-01,eBay,TX,C-00744,CP-REFILL-10,"Car Perfume refill, 10 ml",Refills,1,5.99,5.99,1.05,4.94
EB-00380,2025-05-27,2025-05-01,eBay,TX,C-00744,CP-REFILL-30,"Car Perfume refill, 3 x 10 ml",Refills,1,14.99,14.99,3.15,11.84
EB-00380,2025-05-27,2025-05-01,eBay,TX,C-00744,CP-REFILL-20,"Car Perfume refill, 2 x 10 ml",Refills,1,10.99,10.99,2.1,8.89
SH-00602,2025-05-27,2025-05-01,Shopify,CA,C-00182,CP-BOTTLE-COLOR,"Car Perfume bottle, color collection",Car Perfume,1,9.99,9.99,2.55,7.44
SH-00602,2025-05-27,2025-05-01,Shopify,CA,C-00182,CP-REFILL-10,"Car Perfume refill, 10 ml",Refills,1,5.99,5.99,1.05,4.94
SH-00603,2025-05-27,2025-05-01,Shopify,CA,C-00743,CP-REFILL-10,"Car Perfume refill, 10 ml",Refills,2,5.99,11.98,2.1,9.88
SH-00604,2025-05-27,2025-05-01,Shopify,NY,C-00739,CP-REFILL-20,"Car Perfume refill, 2 x 10 ml",Refills,1,10.99,10.99,2.1,8.89
SH-00604,2025-05-27,2025-05-01,Shopify,NY,C-00739,CP-REFILL-30,"Car Perfume refill, 3 x 10 ml",Refills,1,14.99,14.99,3.15,11.84
SH-00605,2025-05-27,2025-05-01,Shopify,CO,C-00745,CP-BOTTLE-CLASSIC,"Car Perfume bottle, Onyx, Chrome or Gold",Car Perfume,1,7.99,7.99,2.35,5.64
SH-00605,2025-05-27,2025-05-01,Shopify,CO,C-00745,CP-REFILL-10,"Car Perfume refill, 10 ml",Refills,1,5.99,5.99,1.05,4.94
SH-00606,2025-05-27,2025-05-01,Shopify,CA,C-00746,DF-YSL-LIBRE,YSL Libre EDP 3.0 oz,Designer fragrance,1,100.09,100.09,82.0,18.09
SH-00607,2025-05-27,2025-05-01,Shopify,NJ,C-00515,CP-BOTTLE-CLASSIC,"Car Perfume bottle, Onyx, Chrome or Gold",Car Perfume,1,7.99,7.99,2.35,5.64
EB-00381,2025-05-28,2025-05-01,eBay,FL,C-00254,CP-BOTTLE-CLASSIC,"Car Perfume bottle, Onyx, Chrome or Gold",Car Perfume,1,7.99,7.99,2.35,5.64
EB-00382,2025-05-28,2025-05-01,eBay,CA,C-00750,DF-YSL-LIBRE,YSL Libre EDP 3.0 oz,Designer fragrance,1,104.61,104.61,82.0,22.61
SH-00608,2025-05-28,2025-05-01,Shopify,TX,C-00747,DF-YSL-LIBRE,YSL Libre EDP 3.0 oz,Designer fragrance,1,106.58,106.58,82.0,24.58
SH-00609,2025-05-28,2025-05-01,Shopify,CO,C-00748,DF-CREED-AVENTUS,Creed Aventus EDP 3.3 oz,Designer fragrance,1,287.07,287.07,244.0,43.07
SH-00610,2025-05-28,2025-05-01,Shopify,NY,C-00749,CP-REFILL-30,"Car Perfume refill, 3 x 10 ml",Refills,1,14.99,14.99,3.15,11.84
SH-00611,2025-05-28,2025-05-01,Shopify,CA,C-00575,DF-VERSACE-EROS,Versace Eros EDT 3.4 oz,Designer fragrance,1,63.38,63.38,46.0,17.38
EB-00383,2025-05-29,2025-05-01,eBay,CA,C-00751,DF-DIOR-SAUVAGE,Dior Sauvage EDT 3.4 oz,Designer fragrance,1,95.23,95.23,76.0,19.23
SH-00612,2025-05-29,2025-05-01,Shopify,OH,C-00752,CP-REFILL-20,"Car Perfume refill, 2 x 10 ml",Refills,1,10.99,10.99,2.1,8.89
SH-00612,2025-05-29,2025-05-01,Shopify,OH,C-00752,CP-REFILL-30,"Car Perfume refill, 3 x 10 ml",Refills,1,14.99,14.99,3.15,11.84
SH-00613,2025-05-29,2025-05-01,Shopify,CA,C-00753,CP-REFILL-10,"Car Perfume refill, 10 ml",Refills,1,5.99,5.99,1.05,4.94
SH-00614,2025-05-29,2025-05-01,Shopify,FL,C-00754,CP-REFILL-10,"Car Perfume refill, 10 ml",Refills,2,5.99,11.98,2.1,9.88
SH-00614,2025-05-29,2025-05-01,Shopify,FL,C-00754,CP-REFILL-30,"Car Perfume refill, 3 x 10 ml",Refills,1,14.99,14.99,3.15,11.84
SH-00615,2025-05-29,2025-05-01,Shopify,NV,C-00755,CP-BOTTLE-CLASSIC,"Car Perfume bottle, Onyx, Chrome or Gold",Car Perfume,1,7.99,7.99,2.35,5.64
SH-00616,2025-05-29,2025-05-01,Shopify,CA,C-00756,CP-BOTTLE-COLOR,"Car Perfume bottle, color collection",Car Perfume,1,9.99,9.99,2.55,7.44
SH-00617,2025-05-29,2025-05-01,Shopify,CA,C-00757,DF-PDM-LAYTON,Parfums de Marly Layton EDP 4.2 oz,Designer fragrance,1,188.03,188.03,148.0,40.03
SH-00618,2025-05-29,2025-05-01,Shopify,CA,C-00758,CP-REFILL-20,"Car Perfume refill, 2 x 10 ml",Refills,1,10.99,10.99,2.1,8.89
SH-00618,2025-05-29,2025-05-01,Shopify,CA,C-00758,CP-REFILL-30,"Car Perfume refill, 3 x 10 ml",Refills,1,14.99,14.99,3.15,11.84
EB-00384,2025-05-30,2025-05-01,eBay,IL,C-00492,CP-REFILL-20,"Car Perfume refill, 2 x 10 ml",Refills,1,10.99,10.99,2.1,8.89
EB-00384,2025-05-30,2025-05-01,eBay,IL,C-00492,CP-REFILL-10,"Car Perfume refill, 10 ml",Refills,1,5.99,5.99,1.05,4.94
EB-00385,2025-05-30,2025-05-01,eBay,TX,C-00763,CP-REFILL-10,"Car Perfume refill, 10 ml",Refills,1,5.99,5.99,1.05,4.94
EB-00386,2025-05-30,2025-05-01,eBay,GA,C-00731,CP-BOTTLE-COLOR,"Car Perfume bottle, color collection",Car Perfume,1,9.99,9.99,2.55,7.44
SH-00619,2025-05-30,2025-05-01,Shopify,AZ,C-00311,CP-BOTTLE-CLASSIC,"Car Perfume bottle, Onyx, Chrome or Gold",Car Perfume,1,7.99,7.99,2.35,5.64
SH-00619,2025-05-30,2025-05-01,Shopify,AZ,C-00311,CP-REFILL-10,"Car Perfume refill, 10 ml",Refills,1,5.99,5.99,1.05,4.94
SH-00620,2025-05-30,2025-05-01,Shopify,MI,C-00759,DF-VAL-BIR,Valentino Born in Roma Uomo EDT 3.4 oz,Designer fragrance,1,93.69,93.69,76.0,17.69
SH-00621,2025-05-30,2025-05-01,Shopify,NC,C-00760,CP-REFILL-10,"Car Perfume refill, 10 ml",Refills,1,5.99,5.99,1.05,4.94
SH-00621,2025-05-30,2025-05-01,Shopify,NC,C-00760,CP-REFILL-30,"Car Perfume refill, 3 x 10 ml",Refills,1,14.99,14.99,3.15,11.84
SH-00622,2025-05-30,2025-05-01,Shopify,AZ,C-00761,CP-REFILL-20,"Car Perfume refill, 2 x 10 ml",Refills,2,10.99,21.98,4.2,17.78
SH-00622,2025-05-30,2025-05-01,Shopify,AZ,C-00761,CP-REFILL-10,"Car Perfume refill, 10 ml",Refills,1,5.99,5.99,1.05,4.94
SH-00623,2025-05-30,2025-05-01,Shopify,CA,C-00762,DF-VERSACE-EROS,Versace Eros EDT 3.4 oz,Designer fragrance,1,62.85,62.85,46.0,16.85
SH-00624,2025-05-30,2025-05-01,Shopify,TX,C-00764,CP-BOTTLE-COLOR,"Car Perfume bottle, color collection",Car Perfume,1,9.99,9.99,2.55,7.44
SH-00624,2025-05-30,2025-05-01,Shopify,TX,C-00764,CP-REFILL-10,"Car Perfume refill, 10 ml",Refills,2,5.99,11.98,2.1,9.88
SH-00624,2025-05-30,2025-05-01,Shopify,TX,C-00764,CP-REFILL-20,"Car Perfume refill, 2 x 10 ml",Refills,1,10.99,10.99,2.1,8.89
EB-00387,2025-05-31,2025-05-01,eBay,IL,C-00768,DF-JPG-ELIXIR,Jean Paul Gaultier Le Male Elixir 4.2 oz,Designer fragrance,1,106.33,106.33,87.0,19.33
SH-00625,2025-05-31,2025-05-01,Shopify,OR,C-00037,CP-REFILL-30,"Car Perfume refill, 3 x 10 ml",Refills,3,14.99,44.97,9.45,35.52
SH-00625,2025-05-31,2025-05-01,Shopify,OR,C-00037,CP-REFILL-10,"Car Perfume refill, 10 ml",Refills,1,5.99,5.99,1.05,4.94
SH-00626,2025-05-31,2025-05-01,Shopify,FL,C-00341,CP-REFILL-10,"Car Perfume refill, 10 ml",Refills,1,5.99,5.99,1.05,4.94
SH-00627,2025-05-31,2025-05-01,Shopify,PA,C-00765,DF-PDM-DELINA,Parfums de Marly Delina EDP 2.5 oz,Designer fragrance,1,215.97,215.97,170.0,45.97
SH-00628,2025-05-31,2025-05-01,Shopify,MI,C-00766,CP-BOTTLE-COLOR,"Car Perfume bottle, color collection",Car Perfume,1,9.99,9.99,2.55,7.44
SH-00628,2025-05-31,2025-05-01,Shopify,MI,C-00766,CP-REFILL-30,"Car Perfume refill, 3 x 10 ml",Refills,1,14.99,14.99,3.15,11.84
SH-00629,2025-05-31,2025-05-01,Shopify,NY,C-00767,DF-VERSACE-EROS,Versace Eros EDT 3.4 oz,Designer fragrance,1,60.5,60.5,46.0,14.5
SH-00630,2025-05-31,2025-05-01,Shopify,IL,C-00769,CP-BOTTLE-CLASSIC,"Car Perfume bottle, Onyx, Chrome or Gold",Car Perfume,1,7.99,7.99,2.35,5.64
SH-00630,2025-05-31,2025-05-01,Shopify,IL,C-00769,CP-REFILL-30,"Car Perfume refill, 3 x 10 ml",Refills,1,14.99,14.99,3.15,11.84
SH-00630,2025-05-31,2025-05-01,Shopify,IL,C-00769,CP-REFILL-10,"Car Perfume refill, 10 ml",Refills,1,5.99,5.99,1.05,4.94
EB-00388,2025-06-01,2025-06-01,eBay,MD,C-00770,CP-REFILL-10,"Car Perfume refill, 10 ml",Refills,1,5.99,5.99,1.05,4.94
EB-00388,2025-06-01,2025-06-01,eBay,MD,C-00770,CP-REFILL-20,"Car Perfume refill, 2 x 10 ml",Refills,1,10.99,10.99,2.1,8.89
EB-00389,2025-06-01,2025-06-01,eBay,CA,C-00771,DF-PDM-LAYTON,Parfums de Marly Layton EDP 4.2 oz,Designer fragrance,1,177.85,177.85,148.0,29.85
EB-00390,2025-06-01,2025-06-01,eBay,NV,C-00773,DF-PDM-LAYTON,Parfums de Marly Layton EDP 4.2 oz,Designer fragrance,1,183.95,183.95,148.0,35.95
EB-00391,2025-06-01,2025-06-01,eBay,WA,C-00775,DF-CREED-AVENTUS,Creed Aventus EDP 3.3 oz,Designer fragrance,1,295.51,295.51,244.0,51.51
SH-00631,2025-06-01,2025-06-01,Shopify,CA,C-00278,CP-REFILL-20,"Car Perfume refill, 2 x 10 ml",Refills,1,10.99,10.99,2.1,8.89
SH-00631,2025-06-01,2025-06-01,Shopify,CA,C-00278,CP-REFILL-30,"Car Perfume refill, 3 x 10 ml",Refills,1,14.99,14.99,3.15,11.84
SH-00632,2025-06-01,2025-06-01,Shopify,CA,C-00772,DF-VERSACE-EROS,Versace Eros EDT 3.4 oz,Designer fragrance,1,61.9,61.9,46.0,15.9
SH-00633,2025-06-01,2025-06-01,Shopify,NC,C-00774,CP-REFILL-20,"Car Perfume refill, 2 x 10 ml",Refills,1,10.99,10.99,2.1,8.89
SH-00633,2025-06-01,2025-06-01,Shopify,NC,C-00774,CP-REFILL-10,"Car Perfume refill, 10 ml",Refills,1,5.99,5.99,1.05,4.94
SH-00634,2025-06-01,2025-06-01,Shopify,TX,C-00776,CP-BOTTLE-CLASSIC,"Car Perfume bottle, Onyx, Chrome or Gold",Car Perfume,1,7.99,7.99,2.35,5.64
SH-00635,2025-06-01,2025-06-01,Shopify,CA,C-00777,CP-REFILL-20,"Car Perfume refill, 2 x 10 ml",Refills,2,10.99,21.98,4.2,17.78
SH-00635,2025-06-01,2025-06-01,Shopify,CA,C-00777,CP-REFILL-30,"Car Perfume refill, 3 x 10 ml",Refills,2,14.99,29.98,6.3,23.68
SH-00636,2025-06-01,2025-06-01,Shopify,CA,C-00487,CP-BOTTLE-COLOR,"Car Perfume bottle, color collection",Car Perfume,1,9.99,9.99,2.55,7.44
SH-00636,2025-06-01,2025-06-01,Shopify,CA,C-00487,CP-REFILL-10,"Car Perfume refill, 10 ml",Refills,1,5.99,5.99,1.05,4.94
SH-00636,2025-06-01,2025-06-01,Shopify,CA,C-00487,CP-REFILL-30,"Car Perfume refill, 3 x 10 ml",Refills,2,14.99,29.98,6.3,23.68
EB-00392,2025-06-02,2025-06-01,eBay,CA,C-00778,DF-INITIO-OUD,Initio Oud for Greatness EDP 3.0 oz,Designer fragrance,1,201.69,201.69,169.0,32.69
EB-00393,2025-06-02,2025-06-01,eBay,CA,C-00782,CP-REFILL-10,"Car Perfume refill, 10 ml",Refills,2,5.99,11.98,2.1,9.88
EB-00393,2025-06-02,2025-06-01,eBay,CA,C-00782,CP-REFILL-30,"Car Perfume refill, 3 x 10 ml",Refills,2,14.99,29.98,6.3,23.68
EB-00394,2025-06-02,2025-06-01,eBay,NC,C-00784,DF-TF-OMBRE,Tom Ford Ombre Leather EDP 3.4 oz,Designer fragrance,1,120.58,120.58,93.0,27.58
EB-00395,2025-06-02,2025-06-01,eBay,NC,C-00783,CP-REFILL-10,"Car Perfume refill, 10 ml",Refills,1,5.99,5.99,1.05,4.94
SH-00637,2025-06-02,2025-06-01,Shopify,NJ,C-00779,CP-BOTTLE-COLOR,"Car Perfume bottle, color collection",Car Perfume,1,9.99,9.99,2.55,7.44
SH-00637,2025-06-02,2025-06-01,Shopify,NJ,C-00779,CP-REFILL-30,"Car Perfume refill, 3 x 10 ml",Refills,1,14.99,14.99,3.15,11.84
SH-00638,2025-06-02,2025-06-01,Shopify,FL,C-00780,DF-XJ-ERBA,Xerjoff Erba Pura EDP 3.4 oz,Designer fragrance,1,166.19,166.19,133.0,33.19
SH-00639,2025-06-02,2025-06-01,Shopify,CA,C-00781,DF-DIOR-SAUVAGE,Dior Sauvage EDT 3.4 oz,Designer fragrance,1,99.56,99.56,76.0,23.56
SH-00640,2025-06-02,2025-06-01,Shopify,NC,C-00783,CP-BOTTLE-CLASSIC,"Car Perfume bottle, Onyx, Chrome or Gold",Car Perfume,1,7.99,7.99,2.35,5.64
SH-00641,2025-06-02,2025-06-01,Shopify,PA,C-00785,CP-BOTTLE-CLASSIC,"Car Perfume bottle, Onyx, Chrome or Gold",Car Perfume,1,7.99,7.99,2.35,5.64
SH-00641,2025-06-02,2025-06-01,Shopify,PA,C-00785,CP-REFILL-10,"Car Perfume refill, 10 ml",Refills,1,5.99,5.99,1.05,4.94
SH-00642,2025-06-02,2025-06-01,Shopify,GA,C-00542,DF-VAL-BIR,Valentino Born in Roma Uomo EDT 3.4 oz,Designer fragrance,1,97.58,97.58,76.0,21.58
SH-00643,2025-06-02,2025-06-01,Shopify,AZ,C-00369,CP-BOTTLE-CLASSIC,"Car Perfume bottle, Onyx, Chrome or Gold",Car Perfume,1,7.99,7.99,2.35,5.64
SH-00644,2025-06-02,2025-06-01,Shopify,OH,C-00215,CP-REFILL-30,"Car Perfume refill, 3 x 10 ml",Refills,1,14.99,14.99,3.15,11.84
SH-00645,2025-06-02,2025-06-01,Shopify,TX,C-00786,CP-REFILL-30,"Car Perfume refill, 3 x 10 ml",Refills,2,14.99,29.98,6.3,23.68
SH-00645,2025-06-02,2025-06-01,Shopify,TX,C-00786,CP-REFILL-20,"Car Perfume refill, 2 x 10 ml",Refills,2,10.99,21.98,4.2,17.78
EB-00396,2025-06-03,2025-06-01,eBay,AZ,C-00789,DF-XJ-ERBA,Xerjoff Erba Pura EDP 3.4 oz,Designer fragrance,1,163.66,163.66,133.0,30.66
EB-00397,2025-06-03,2025-06-01,eBay,NY,C-00790,DF-VERSACE-EROS,Versace Eros EDT 3.4 oz,Designer fragrance,1,60.6,60.6,46.0,14.6
SH-00646,2025-06-03,2025-06-01,Shopify,WA,C-00787,CP-REFILL-10,"Car Perfume refill, 10 ml",Refills,1,5.99,5.99,1.05,4.94
SH-00647,2025-06-03,2025-06-01,Shopify,CA,C-00605,CP-REFILL-10,"Car Perfume refill, 10 ml",Refills,1,5.99,5.99,1.05,4.94
SH-00647,2025-06-03,2025-06-01,Shopify,CA,C-00605,CP-REFILL-30,"Car Perfume refill, 3 x 10 ml",Refills,1,14.99,14.99,3.15,11.84
SH-00648,2025-06-03,2025-06-01,Shopify,NY,C-00788,CP-REFILL-20,"Car Perfume refill, 2 x 10 ml",Refills,1,10.99,10.99,2.1,8.89
EB-00398,2025-06-04,2025-06-01,eBay,FL,C-00791,DF-PDM-DELINA,Parfums de Marly Delina EDP 2.5 oz,Designer fragrance,1,207.43,207.43,170.0,37.43
EB-00399,2025-06-04,2025-06-01,eBay,CA,C-00605,CP-REFILL-20,"Car Perfume refill, 2 x 10 ml",Refills,2,10.99,21.98,4.2,17.78
EB-00399,2025-06-04,2025-06-01,eBay,CA,C-00605,CP-REFILL-10,"Car Perfume refill, 10 ml",Refills,2,5.99,11.98,2.1,9.88
SH-00649,2025-06-04,2025-06-01,Shopify,NV,C-00792,CP-BOTTLE-COLOR,"Car Perfume bottle, color collection",Car Perfume,1,9.99,9.99,2.55,7.44
SH-00650,2025-06-04,2025-06-01,Shopify,CA,C-00793,CP-BOTTLE-CLASSIC,"Car Perfume bottle, Onyx, Chrome or Gold",Car Perfume,1,7.99,7.99,2.35,5.64
SH-00651,2025-06-04,2025-06-01,Shopify,CA,C-00794,CP-BOTTLE-CLASSIC,"Car Perfume bottle, Onyx, Chrome or Gold",Car Perfume,1,7.99,7.99,2.35,5.64
SH-00651,2025-06-04,2025-06-01,Shopify,CA,C-00794,CP-REFILL-10,"Car Perfume refill, 10 ml",Refills,1,5.99,5.99,1.05,4.94
SH-00651,2025-06-04,2025-06-01,Shopify,CA,C-00794,CP-REFILL-20,"Car Perfume refill, 2 x 10 ml",Refills,1,10.99,10.99,2.1,8.89
SH-00652,2025-06-04,2025-06-01,Shopify,NV,C-00792,CP-REFILL-20,"Car Perfume refill, 2 x 10 ml",Refills,1,10.99,10.99,2.1,8.89
SH-00653,2025-06-04,2025-06-01,Shopify,CA,C-00795,CP-REFILL-10,"Car Perfume refill, 10 ml",Refills,1,5.99,5.99,1.05,4.94
SH-00654,2025-06-04,2025-06-01,Shopify,CA,C-00795,CP-REFILL-10,"Car Perfume refill, 10 ml",Refills,1,5.99,5.99,1.05,4.94
EB-00400,2025-06-05,2025-06-01,eBay,VA,C-00796,DF-PDM-DELINA,Parfums de Marly Delina EDP 2.5 oz,Designer fragrance,1,215.33,215.33,170.0,45.33
SH-00655,2025-06-05,2025-06-01,Shopify,CA,C-00793,CP-REFILL-20,"Car Perfume refill, 2 x 10 ml",Refills,2,10.99,21.98,4.2,17.78
SH-00655,2025-06-05,2025-06-01,Shopify,CA,C-00793,CP-REFILL-10,"Car Perfume refill, 10 ml",Refills,1,5.99,5.99,1.05,4.94
SH-00656,2025-06-05,2025-06-01,Shopify,WA,C-00787,CP-BOTTLE-COLOR,"Car Perfume bottle, color collection",Car Perfume,1,9.99,9.99,2.55,7.44
SH-00656,2025-06-05,2025-06-01,Shopify,WA,C-00787,CP-REFILL-10,"Car Perfume refill, 10 ml",Refills,1,5.99,5.99,1.05,4.94
SH-00657,2025-06-05,2025-06-01,Shopify,CO,C-00797,DF-XJ-ERBA,Xerjoff Erba Pura EDP 3.4 oz,Designer fragrance,1,161.76,161.76,133.0,28.76
SH-00658,2025-06-05,2025-06-01,Shopify,VA,C-00798,CP-REFILL-20,"Car Perfume refill, 2 x 10 ml",Refills,2,10.99,21.98,4.2,17.78
SH-00658,2025-06-05,2025-06-01,Shopify,VA,C-00798,CP-REFILL-10,"Car Perfume refill, 10 ml",Refills,1,5.99,5.99,1.05,4.94
SH-00659,2025-06-05,2025-06-01,Shopify,CA,C-00799,DF-PDM-LAYTON,Parfums de Marly Layton EDP 4.2 oz,Designer fragrance,1,176.82,176.82,148.0,28.82
SH-00660,2025-06-05,2025-06-01,Shopify,MD,C-00800,CP-BOTTLE-COLOR,"Car Perfume bottle, color collection",Car Perfume,1,9.99,9.99,2.55,7.44
SH-00661,2025-06-05,2025-06-01,Shopify,MI,C-00801,CP-BOTTLE-COLOR,"Car Perfume bottle, color collection",Car Perfume,1,9.99,9.99,2.55,7.44
SH-00661,2025-06-05,2025-06-01,Shopify,MI,C-00801,CP-REFILL-30,"Car Perfume refill, 3 x 10 ml",Refills,1,14.99,14.99,3.15,11.84
EB-00401,2025-06-06,2025-06-01,eBay,CA,C-00802,CP-REFILL-30,"Car Perfume refill, 3 x 10 ml",Refills,2,14.99,29.98,6.3,23.68
EB-00401,2025-06-06,2025-06-01,eBay,CA,C-00802,CP-REFILL-10,"Car Perfume refill, 10 ml",Refills,1,5.99,5.99,1.05,4.94
EB-00402,2025-06-06,2025-06-01,eBay,WA,C-00803,DF-YSL-LIBRE,YSL Libre EDP 3.0 oz,Designer fragrance,1,101.96,101.96,82.0,19.96
EB-00403,2025-06-06,2025-06-01,eBay,PA,C-00804,DF-PDM-LAYTON,Parfums de Marly Layton EDP 4.2 oz,Designer fragrance,1,174.45,174.45,148.0,26.45
EB-00404,2025-06-06,2025-06-01,eBay,CA,C-00403,CP-BOTTLE-CLASSIC,"Car Perfume bottle, Onyx, Chrome or Gold",Car Perfume,1,7.99,7.99,2.35,5.64
EB-00404,2025-06-06,2025-06-01,eBay,CA,C-00403,CP-REFILL-30,"Car Perfume refill, 3 x 10 ml",Refills,1,14.99,14.99,3.15,11.84
SH-00662,2025-06-06,2025-06-01,Shopify,CA,C-00278,CP-REFILL-10,"Car Perfume refill, 10 ml",Refills,2,5.99,11.98,2.1,9.88
SH-00663,2025-06-06,2025-06-01,Shopify,NC,C-00805,DF-PDM-LAYTON,Parfums de Marly Layton EDP 4.2 oz,Designer fragrance,1,188.73,188.73,148.0,40.73
EB-00405,2025-06-07,2025-06-01,eBay,MA,C-00808,DF-YSL-LIBRE,YSL Libre EDP 3.0 oz,Designer fragrance,1,99.16,99.16,82.0,17.16
EB-00406,2025-06-07,2025-06-01,eBay,NC,C-00810,CP-REFILL-10,"Car Perfume refill, 10 ml",Refills,1,5.99,5.99,1.05,4.94
EB-00407,2025-06-07,2025-06-01,eBay,CA,C-00811,DF-MFK-BR540,Maison Francis Kurkdjian Baccarat Rouge 540 EDP 2.4 oz,Designer fragrance,1,264.68,264.68,219.0,45.68
SH-00664,2025-06-07,2025-06-01,Shopify,CA,C-00806,DF-DIOR-SAUVAGE,Dior Sauvage EDT 3.4 oz,Designer fragrance,1,97.22,97.22,76.0,21.22
SH-00665,2025-06-07,2025-06-01,Shopify,MA,C-00807,DF-PDM-LAYTON,Parfums de Marly Layton EDP 4.2 oz,Designer fragrance,1,183.48,183.48,148.0,35.48
SH-00666,2025-06-07,2025-06-01,Shopify,MI,C-00801,CP-REFILL-20,"Car Perfume refill, 2 x 10 ml",Refills,1,10.99,10.99,2.1,8.89
SH-00667,2025-06-07,2025-06-01,Shopify,GA,C-00809,DF-VAL-BIR,Valentino Born in Roma Uomo EDT 3.4 oz,Designer fragrance,1,96.5,96.5,76.0,20.5
SH-00668,2025-06-07,2025-06-01,Shopify,MA,C-00473,CP-REFILL-10,"Car Perfume refill, 10 ml",Refills,1,5.99,5.99,1.05,4.94
SH-00669,2025-06-07,2025-06-01,Shopify,PA,C-00110,CP-BOTTLE-COLOR,"Car Perfume bottle, color collection",Car Perfume,1,9.99,9.99,2.55,7.44
SH-00669,2025-06-07,2025-06-01,Shopify,PA,C-00110,CP-REFILL-10,"Car Perfume refill, 10 ml",Refills,1,5.99,5.99,1.05,4.94
SH-00670,2025-06-07,2025-06-01,Shopify,CA,C-00812,CP-REFILL-10,"Car Perfume refill, 10 ml",Refills,2,5.99,11.98,2.1,9.88
SH-00670,2025-06-07,2025-06-01,Shopify,CA,C-00812,CP-REFILL-20,"Car Perfume refill, 2 x 10 ml",Refills,1,10.99,10.99,2.1,8.89
SH-00671,2025-06-07,2025-06-01,Shopify,WA,C-00043,CP-REFILL-10,"Car Perfume refill, 10 ml",Refills,1,5.99,5.99,1.05,4.94
EB-00408,2025-06-08,2025-06-01,eBay,FL,C-00813,DF-JPG-ELIXIR,Jean Paul Gaultier Le Male Elixir 4.2 oz,Designer fragrance,1,108.23,108.23,87.0,21.23
EB-00409,2025-06-08,2025-06-01,eBay,NJ,C-00814,CP-REFILL-10,"Car Perfume refill, 10 ml",Refills,1,5.99,5.99,1.05,4.94
EB-00409,2025-06-08,2025-06-01,eBay,NJ,C-00814,CP-REFILL-20,"Car Perfume refill, 2 x 10 ml",Refills,1,10.99,10.99,2.1,8.89
EB-00410,2025-06-08,2025-06-01,eBay,MA,C-00816,CP-REFILL-20,"Car Perfume refill, 2 x 10 ml",Refills,1,10.99,10.99,2.1,8.89
EB-00410,2025-06-08,2025-06-01,eBay,MA,C-00816,CP-REFILL-10,"Car Perfume refill, 10 ml",Refills,2,5.99,11.98,2.1,9.88
EB-00411,2025-06-08,2025-06-01,eBay,TX,C-00819,DF-VAL-BIR,Valentino Born in Roma Uomo EDT 3.4 oz,Designer fragrance,1,96.65,96.65,76.0,20.65
SH-00672,2025-06-08,2025-06-01,Shopify,WA,C-00815,CP-BOTTLE-CLASSIC,"Car Perfume bottle, Onyx, Chrome or Gold",Car Perfume,1,7.99,7.99,2.35,5.64
SH-00672,2025-06-08,2025-06-01,Shopify,WA,C-00815,CP-REFILL-20,"Car Perfume refill, 2 x 10 ml",Refills,2,10.99,21.98,4.2,17.78
SH-00673,2025-06-08,2025-06-01,Shopify,NY,C-00817,CP-REFILL-30,"Car Perfume refill, 3 x 10 ml",Refills,3,14.99,44.97,9.45,35.52
SH-00673,2025-06-08,2025-06-01,Shopify,NY,C-00817,CP-REFILL-10,"Car Perfume refill, 10 ml",Refills,1,5.99,5.99,1.05,4.94
SH-00674,2025-06-08,2025-06-01,Shopify,CA,C-00818,CP-REFILL-10,"Car Perfume refill, 10 ml",Refills,1,5.99,5.99,1.05,4.94
SH-00675,2025-06-08,2025-06-01,Shopify,PA,C-00785,CP-BOTTLE-COLOR,"Car Perfume bottle, color collection",Car Perfume,1,9.99,9.99,2.55,7.44
SH-00675,2025-06-08,2025-06-01,Shopify,PA,C-00785,CP-REFILL-30,"Car Perfume refill, 3 x 10 ml",Refills,1,14.99,14.99,3.15,11.84
SH-00675,2025-06-08,2025-06-01,Shopify,PA,C-00785,CP-REFILL-20,"Car Perfume refill, 2 x 10 ml",Refills,1,10.99,10.99,2.1,8.89
SH-00676,2025-06-08,2025-06-01,Shopify,CA,C-00281,CP-BOTTLE-COLOR,"Car Perfume bottle, color collection",Car Perfume,1,9.99,9.99,2.55,7.44
SH-00676,2025-06-08,2025-06-01,Shopify,CA,C-00281,CP-REFILL-10,"Car Perfume refill, 10 ml",Refills,1,5.99,5.99,1.05,4.94
EB-00412,2025-06-09,2025-06-01,eBay,WA,C-00820,DF-PDM-LAYTON,Parfums de Marly Layton EDP 4.2 oz,Designer fragrance,1,186.58,186.58,148.0,38.58
SH-00677,2025-06-09,2025-06-01,Shopify,CA,C-00495,CP-BOTTLE-CLASSIC,"Car Perfume bottle, Onyx, Chrome or Gold",Car Perfume,1,7.99,7.99,2.35,5.64
EB-00413,2025-06-10,2025-06-01,eBay,AZ,C-00822,CP-REFILL-20,"Car Perfume refill, 2 x 10 ml",Refills,1,10.99,10.99,2.1,8.89
EB-00413,2025-06-10,2025-06-01,eBay,AZ,C-00822,CP-REFILL-10,"Car Perfume refill, 10 ml",Refills,1,5.99,5.99,1.05,4.94
EB-00414,2025-06-10,2025-06-01,eBay,CO,C-00748,DF-VAL-BIR,Valentino Born in Roma Uomo EDT 3.4 oz,Designer fragrance,1,96.93,96.93,76.0,20.93
EB-00415,2025-06-10,2025-06-01,eBay,AZ,C-00824,DF-TF-OMBRE,Tom Ford Ombre Leather EDP 3.4 oz,Designer fragrance,1,112.04,112.04,93.0,19.04
EB-00416,2025-06-10,2025-06-01,eBay,CA,C-00826,DF-PDM-LAYTON,Parfums de Marly Layton EDP 4.2 oz,Designer fragrance,1,174.59,174.59,148.0,26.59
SH-00678,2025-06-10,2025-06-01,Shopify,CA,C-00821,DF-XJ-ERBA,Xerjoff Erba Pura EDP 3.4 oz,Designer fragrance,1,158.61,158.61,133.0,25.61
SH-00679,2025-06-10,2025-06-01,Shopify,NV,C-00517,CP-REFILL-10,"Car Perfume refill, 10 ml",Refills,1,5.99,5.99,1.05,4.94
SH-00679,2025-06-10,2025-06-01,Shopify,NV,C-00517,CP-REFILL-20,"Car Perfume refill, 2 x 10 ml",Refills,1,10.99,10.99,2.1,8.89
SH-00680,2025-06-10,2025-06-01,Shopify,CA,C-00823,DF-VERSACE-EROS,Versace Eros EDT 3.4 oz,Designer fragrance,1,62.21,62.21,46.0,16.21
SH-00681,2025-06-10,2025-06-01,Shopify,NY,C-00825,CP-BOTTLE-CLASSIC,"Car Perfume bottle, Onyx, Chrome or Gold",Car Perfume,1,7.99,7.99,2.35,5.64
EB-00417,2025-06-11,2025-06-01,eBay,CA,C-00827,DF-VERSACE-EROS,Versace Eros EDT 3.4 oz,Designer fragrance,1,60.56,60.56,46.0,14.56
EB-00418,2025-06-11,2025-06-01,eBay,IL,C-00440,DF-JPG-ELIXIR,Jean Paul Gaultier Le Male Elixir 4.2 oz,Designer fragrance,1,105.83,105.83,87.0,18.83
EB-00419,2025-06-11,2025-06-01,eBay,MA,C-00828,DF-INITIO-OUD,Initio Oud for Greatness EDP 3.0 oz,Designer fragrance,1,213.82,213.82,169.0,44.82
SH-00682,2025-06-11,2025-06-01,Shopify,NY,C-00829,CP-BOTTLE-CLASSIC,"Car Perfume bottle, Onyx, Chrome or Gold",Car Perfume,1,7.99,7.99,2.35,5.64
SH-00682,2025-06-11,2025-06-01,Shopify,NY,C-00829,CP-REFILL-10,"Car Perfume refill, 10 ml",Refills,1,5.99,5.99,1.05,4.94
EB-00420,2025-06-12,2025-06-01,eBay,CA,C-00278,CP-BOTTLE-CLASSIC,"Car Perfume bottle, Onyx, Chrome or Gold",Car Perfume,1,7.99,7.99,2.35,5.64
EB-00420,2025-06-12,2025-06-01,eBay,CA,C-00278,CP-REFILL-10,"Car Perfume refill, 10 ml",Refills,1,5.99,5.99,1.05,4.94
EB-00420,2025-06-12,2025-06-01,eBay,CA,C-00278,CP-REFILL-20,"Car Perfume refill, 2 x 10 ml",Refills,1,10.99,10.99,2.1,8.89
EB-00421,2025-06-12,2025-06-01,eBay,CA,C-00832,CP-REFILL-20,"Car Perfume refill, 2 x 10 ml",Refills,2,10.99,21.98,4.2,17.78
EB-00421,2025-06-12,2025-06-01,eBay,CA,C-00832,CP-REFILL-10,"Car Perfume refill, 10 ml",Refills,2,5.99,11.98,2.1,9.88
SH-00683,2025-06-12,2025-06-01,Shopify,WA,C-00830,CP-REFILL-30,"Car Perfume refill, 3 x 10 ml",Refills,1,14.99,14.99,3.15,11.84
SH-00684,2025-06-12,2025-06-01,Shopify,MA,C-00831,CP-BOTTLE-COLOR,"Car Perfume bottle, color collection",Car Perfume,1,9.99,9.99,2.55,7.44
SH-00684,2025-06-12,2025-06-01,Shopify,MA,C-00831,CP-REFILL-20,"Car Perfume refill, 2 x 10 ml",Refills,1,10.99,10.99,2.1,8.89
SH-00685,2025-06-12,2025-06-01,Shopify,IL,C-00833,CP-BOTTLE-CLASSIC,"Car Perfume bottle, Onyx, Chrome or Gold",Car Perfume,1,7.99,7.99,2.35,5.64
SH-00686,2025-06-12,2025-06-01,Shopify,FL,C-00834,CP-BOTTLE-CLASSIC,"Car Perfume bottle, Onyx, Chrome or Gold",Car Perfume,1,7.99,7.99,2.35,5.64
SH-00686,2025-06-12,2025-06-01,Shopify,FL,C-00834,CP-REFILL-10,"Car Perfume refill, 10 ml",Refills,1,5.99,5.99,1.05,4.94
SH-00687,2025-06-12,2025-06-01,Shopify,CO,C-00748,DF-MFK-BR540,Maison Francis Kurkdjian Baccarat Rouge 540 EDP 2.4 oz,Designer fragrance,1,260.58,260.58,219.0,41.58
EB-00422,2025-06-13,2025-06-01,eBay,GA,C-00837,DF-TF-OMBRE,Tom Ford Ombre Leather EDP 3.4 oz,Designer fragrance,1,119.39,119.39,93.0,26.39
EB-00423,2025-06-13,2025-06-01,eBay,MA,C-00838,DF-PDM-DELINA,Parfums de Marly Delina EDP 2.5 oz,Designer fragrance,1,208.29,208.29,170.0,38.29
EB-00424,2025-06-13,2025-06-01,eBay,FL,C-00839,DF-MFK-BR540,Maison Francis Kurkdjian Baccarat Rouge 540 EDP 2.4 oz,Designer fragrance,1,266.33,266.33,219.0,47.33
EB-00425,2025-06-13,2025-06-01,eBay,CA,C-00840,DF-XJ-ERBA,Xerjoff Erba Pura EDP 3.4 oz,Designer fragrance,1,159.14,159.14,133.0,26.14
SH-00688,2025-06-13,2025-06-01,Shopify,FL,C-00834,CP-BOTTLE-CLASSIC,"Car Perfume bottle, Onyx, Chrome or Gold",Car Perfume,1,7.99,7.99,2.35,5.64
SH-00688,2025-06-13,2025-06-01,Shopify,FL,C-00834,CP-REFILL-30,"Car Perfume refill, 3 x 10 ml",Refills,1,14.99,14.99,3.15,11.84
SH-00689,2025-06-13,2025-06-01,Shopify,AZ,C-00835,DF-DIOR-SAUVAGE,Dior Sauvage EDT 3.4 oz,Designer fragrance,1,100.17,100.17,76.0,24.17
SH-00690,2025-06-13,2025-06-01,Shopify,NY,C-00836,CP-BOTTLE-COLOR,"Car Perfume bottle, color collection",Car Perfume,1,9.99,9.99,2.55,7.44
SH-00690,2025-06-13,2025-06-01,Shopify,NY,C-00836,CP-REFILL-10,"Car Perfume refill, 10 ml",Refills,1,5.99,5.99,1.05,4.94
EB-00426,2025-06-14,2025-06-01,eBay,TX,C-00841,DF-MFK-BR540,Maison Francis Kurkdjian Baccarat Rouge 540 EDP 2.4 oz,Designer fragrance,1,255.44,255.44,219.0,36.44
EB-00427,2025-06-14,2025-06-01,eBay,FL,C-00843,DF-DIOR-SAUVAGE,Dior Sauvage EDT 3.4 oz,Designer fragrance,1,100.89,100.89,76.0,24.89
SH-00691,2025-06-14,2025-06-01,Shopify,MI,C-00842,CP-REFILL-10,"Car Perfume refill, 10 ml",Refills,2,5.99,11.98,2.1,9.88
SH-00692,2025-06-14,2025-06-01,Shopify,FL,C-00710,CP-BOTTLE-COLOR,"Car Perfume bottle, color collection",Car Perfume,1,9.99,9.99,2.55,7.44
SH-00692,2025-06-14,2025-06-01,Shopify,FL,C-00710,CP-REFILL-10,"Car Perfume refill, 10 ml",Refills,1,5.99,5.99,1.05,4.94
SH-00693,2025-06-14,2025-06-01,Shopify,CA,C-00844,CP-REFILL-10,"Car Perfume refill, 10 ml",Refills,2,5.99,11.98,2.1,9.88
SH-00693,2025-06-14,2025-06-01,Shopify,CA,C-00844,CP-REFILL-20,"Car Perfume refill, 2 x 10 ml",Refills,1,10.99,10.99,2.1,8.89
EB-00428,2025-06-15,2025-06-01,eBay,TN,C-00845,CP-REFILL-20,"Car Perfume refill, 2 x 10 ml",Refills,1,10.99,10.99,2.1,8.89
EB-00429,2025-06-15,2025-06-01,eBay,VA,C-00847,CP-BOTTLE-CLASSIC,"Car Perfume bottle, Onyx, Chrome or Gold",Car Perfume,1,7.99,7.99,2.35,5.64
EB-00429,2025-06-15,2025-06-01,eBay,VA,C-00847,CP-REFILL-20,"Car Perfume refill, 2 x 10 ml",Refills,2,10.99,21.98,4.2,17.78
EB-00430,2025-06-15,2025-06-01,eBay,MD,C-00848,CP-BOTTLE-COLOR,"Car Perfume bottle, color collection",Car Perfume,1,9.99,9.99,2.55,7.44
EB-00430,2025-06-15,2025-06-01,eBay,MD,C-00848,CP-REFILL-30,"Car Perfume refill, 3 x 10 ml",Refills,1,14.99,14.99,3.15,11.84
EB-00431,2025-06-15,2025-06-01,eBay,CA,C-00711,DF-TF-OMBRE,Tom Ford Ombre Leather EDP 3.4 oz,Designer fragrance,1,112.44,112.44,93.0,19.44
SH-00694,2025-06-15,2025-06-01,Shopify,NY,C-00739,CP-BOTTLE-CLASSIC,"Car Perfume bottle, Onyx, Chrome or Gold",Car Perfume,1,7.99,7.99,2.35,5.64
SH-00694,2025-06-15,2025-06-01,Shopify,NY,C-00739,CP-REFILL-10,"Car Perfume refill, 10 ml",Refills,1,5.99,5.99,1.05,4.94
SH-00694,2025-06-15,2025-06-01,Shopify,NY,C-00739,CP-REFILL-20,"Car Perfume refill, 2 x 10 ml",Refills,1,10.99,10.99,2.1,8.89
SH-00695,2025-06-15,2025-06-01,Shopify,FL,C-00846,CP-REFILL-10,"Car Perfume refill, 10 ml",Refills,1,5.99,5.99,1.05,4.94
SH-00696,2025-06-15,2025-06-01,Shopify,CA,C-00849,CP-REFILL-10,"Car Perfume refill, 10 ml",Refills,1,5.99,5.99,1.05,4.94
SH-00696,2025-06-15,2025-06-01,Shopify,CA,C-00849,CP-REFILL-30,"Car Perfume refill, 3 x 10 ml",Refills,1,14.99,14.99,3.15,11.84
EB-00432,2025-06-16,2025-06-01,eBay,GA,C-00851,CP-REFILL-10,"Car Perfume refill, 10 ml",Refills,1,5.99,5.99,1.05,4.94
EB-00433,2025-06-16,2025-06-01,eBay,CA,C-00859,CP-REFILL-30,"Car Perfume refill, 3 x 10 ml",Refills,1,14.99,14.99,3.15,11.84
EB-00433,2025-06-16,2025-06-01,eBay,CA,C-00859,CP-REFILL-10,"Car Perfume refill, 10 ml",Refills,1,5.99,5.99,1.05,4.94
SH-00697,2025-06-16,2025-06-01,Shopify,NV,C-00850,CP-BOTTLE-COLOR,"Car Perfume bottle, color collection",Car Perfume,1,9.99,9.99,2.55,7.44
SH-00698,2025-06-16,2025-06-01,Shopify,CA,C-00453,CP-REFILL-10,"Car Perfume refill, 10 ml",Refills,2,5.99,11.98,2.1,9.88
SH-00699,2025-06-16,2025-06-01,Shopify,WA,C-00160,DF-PDM-LAYTON,Parfums de Marly Layton EDP 4.2 oz,Designer fragrance,1,185.97,185.97,148.0,37.97
SH-00700,2025-06-16,2025-06-01,Shopify,CA,C-00852,DF-CREED-AVENTUS,Creed Aventus EDP 3.3 oz,Designer fragrance,1,281.02,281.02,244.0,37.02
SH-00701,2025-06-16,2025-06-01,Shopify,NC,C-00853,CP-REFILL-20,"Car Perfume refill, 2 x 10 ml",Refills,2,10.99,21.98,4.2,17.78
SH-00702,2025-06-16,2025-06-01,Shopify,GA,C-00854,CP-REFILL-10,"Car Perfume refill, 10 ml",Refills,1,5.99,5.99,1.05,4.94
SH-00702,2025-06-16,2025-06-01,Shopify,GA,C-00854,CP-REFILL-20,"Car Perfume refill, 2 x 10 ml",Refills,1,10.99,10.99,2.1,8.89
SH-00703,2025-06-16,2025-06-01,Shopify,VA,C-00855,CP-BOTTLE-COLOR,"Car Perfume bottle, color collection",Car Perfume,1,9.99,9.99,2.55,7.44
SH-00704,2025-06-16,2025-06-01,Shopify,CA,C-00856,DF-VAL-BIR,Valentino Born in Roma Uomo EDT 3.4 oz,Designer fragrance,1,93.07,93.07,76.0,17.07
SH-00705,2025-06-16,2025-06-01,Shopify,CA,C-00857,CP-REFILL-20,"Car Perfume refill, 2 x 10 ml",Refills,1,10.99,10.99,2.1,8.89
SH-00706,2025-06-16,2025-06-01,Shopify,CA,C-00840,DF-CREED-AVENTUS,Creed Aventus EDP 3.3 oz,Designer fragrance,1,287.39,287.39,244.0,43.39
SH-00707,2025-06-16,2025-06-01,Shopify,OR,C-00858,CP-BOTTLE-COLOR,"Car Perfume bottle, color collection",Car Perfume,1,9.99,9.99,2.55,7.44
SH-00707,2025-06-16,2025-06-01,Shopify,OR,C-00858,CP-REFILL-10,"Car Perfume refill, 10 ml",Refills,1,5.99,5.99,1.05,4.94
EB-00434,2025-06-17,2025-06-01,eBay,TX,C-00860,DF-VERSACE-EROS,Versace Eros EDT 3.4 oz,Designer fragrance,1,60.3,60.3,46.0,14.3
EB-00435,2025-06-17,2025-06-01,eBay,NJ,C-00863,DF-VAL-BIR,Valentino Born in Roma Uomo EDT 3.4 oz,Designer fragrance,1,99.77,99.77,76.0,23.77
EB-00435,2025-06-17,2025-06-01,eBay,NJ,C-00863,DF-XJ-ERBA,Xerjoff Erba Pura EDP 3.4 oz,Designer fragrance,1,164.73,164.73,133.0,31.73
EB-00436,2025-06-17,2025-06-01,eBay,CA,C-00864,DF-PDM-LAYTON,Parfums de Marly Layton EDP 4.2 oz,Designer fragrance,1,184.25,184.25,148.0,36.25
SH-00708,2025-06-17,2025-06-01,Shopify,NY,C-00616,DF-VAL-BIR,Valentino Born in Roma Uomo EDT 3.4 oz,Designer fragrance,1,93.55,93.55,76.0,17.55
SH-00709,2025-06-17,2025-06-01,Shopify,NY,C-00861,CP-REFILL-20,"Car Perfume refill, 2 x 10 ml",Refills,1,10.99,10.99,2.1,8.89
SH-00709,2025-06-17,2025-06-01,Shopify,NY,C-00861,CP-REFILL-30,"Car Perfume refill, 3 x 10 ml",Refills,3,14.99,44.97,9.45,35.52
SH-00710,2025-06-17,2025-06-01,Shopify,NY,C-00862,CP-BOTTLE-COLOR,"Car Perfume bottle, color collection",Car Perfume,1,9.99,9.99,2.55,7.44
SH-00710,2025-06-17,2025-06-01,Shopify,NY,C-00862,CP-REFILL-10,"Car Perfume refill, 10 ml",Refills,1,5.99,5.99,1.05,4.94
SH-00710,2025-06-17,2025-06-01,Shopify,NY,C-00862,CP-REFILL-30,"Car Perfume refill, 3 x 10 ml",Refills,1,14.99,14.99,3.15,11.84
SH-00711,2025-06-17,2025-06-01,Shopify,MA,C-00865,CP-BOTTLE-CLASSIC,"Car Perfume bottle, Onyx, Chrome or Gold",Car Perfume,1,7.99,7.99,2.35,5.64
SH-00711,2025-06-17,2025-06-01,Shopify,MA,C-00865,CP-REFILL-10,"Car Perfume refill, 10 ml",Refills,1,5.99,5.99,1.05,4.94
SH-00712,2025-06-17,2025-06-01,Shopify,CA,C-00742,CP-BOTTLE-CLASSIC,"Car Perfume bottle, Onyx, Chrome or Gold",Car Perfume,1,7.99,7.99,2.35,5.64
SH-00713,2025-06-17,2025-06-01,Shopify,MA,C-00866,DF-TF-OMBRE,Tom Ford Ombre Leather EDP 3.4 oz,Designer fragrance,1,111.03,111.03,93.0,18.03
SH-00714,2025-06-17,2025-06-01,Shopify,TX,C-00867,DF-PDM-DELINA,Parfums de Marly Delina EDP 2.5 oz,Designer fragrance,1,215.57,215.57,170.0,45.57
SH-00715,2025-06-17,2025-06-01,Shopify,MA,C-00808,DF-JPG-ELIXIR,Jean Paul Gaultier Le Male Elixir 4.2 oz,Designer fragrance,1,114.7,114.7,87.0,27.7
EB-00437,2025-06-18,2025-06-01,eBay,CA,C-00869,DF-PDM-DELINA,Parfums de Marly Delina EDP 2.5 oz,Designer fragrance,1,201.02,201.02,170.0,31.02
SH-00716,2025-06-18,2025-06-01,Shopify,CA,C-00868,CP-BOTTLE-COLOR,"Car Perfume bottle, color collection",Car Perfume,1,9.99,9.99,2.55,7.44
SH-00717,2025-06-18,2025-06-01,Shopify,NC,C-00646,CP-REFILL-10,"Car Perfume refill, 10 ml",Refills,1,5.99,5.99,1.05,4.94
EB-00438,2025-06-19,2025-06-01,eBay,CA,C-00870,DF-VERSACE-EROS,Versace Eros EDT 3.4 oz,Designer fragrance,1,61.55,61.55,46.0,15.55
EB-00439,2025-06-19,2025-06-01,eBay,IL,C-00871,DF-INITIO-OUD,Initio Oud for Greatness EDP 3.0 oz,Designer fragrance,1,206.11,206.11,169.0,37.11
EB-00440,2025-06-19,2025-06-01,eBay,FL,C-00626,DF-JPG-ELIXIR,Jean Paul Gaultier Le Male Elixir 4.2 oz,Designer fragrance,1,109.37,109.37,87.0,22.37
EB-00440,2025-06-19,2025-06-01,eBay,FL,C-00626,DF-XJ-ERBA,Xerjoff Erba Pura EDP 3.4 oz,Designer fragrance,1,169.38,169.38,133.0,36.38
EB-00441,2025-06-19,2025-06-01,eBay,NY,C-00482,CP-REFILL-20,"Car Perfume refill, 2 x 10 ml",Refills,1,10.99,10.99,2.1,8.89
SH-00718,2025-06-19,2025-06-01,Shopify,VA,C-00872,CP-BOTTLE-COLOR,"Car Perfume bottle, color collection",Car Perfume,1,9.99,9.99,2.55,7.44
SH-00718,2025-06-19,2025-06-01,Shopify,VA,C-00872,CP-REFILL-10,"Car Perfume refill, 10 ml",Refills,1,5.99,5.99,1.05,4.94
EB-00442,2025-06-20,2025-06-01,eBay,CA,C-00877,DF-PDM-DELINA,Parfums de Marly Delina EDP 2.5 oz,Designer fragrance,1,202.49,202.49,170.0,32.49
SH-00719,2025-06-20,2025-06-01,Shopify,TN,C-00873,CP-REFILL-20,"Car Perfume refill, 2 x 10 ml",Refills,1,10.99,10.99,2.1,8.89
SH-00720,2025-06-20,2025-06-01,Shopify,OH,C-00215,CP-BOTTLE-CLASSIC,"Car Perfume bottle, Onyx, Chrome or Gold",Car Perfume,1,7.99,7.99,2.35,5.64
SH-00720,2025-06-20,2025-06-01,Shopify,OH,C-00215,CP-REFILL-10,"Car Perfume refill, 10 ml",Refills,2,5.99,11.98,2.1,9.88
SH-00721,2025-06-20,2025-06-01,Shopify,NJ,C-00874,CP-REFILL-10,"Car Perfume refill, 10 ml",Refills,2,5.99,11.98,2.1,9.88
SH-00722,2025-06-20,2025-06-01,Shopify,TX,C-00786,CP-REFILL-30,"Car Perfume refill, 3 x 10 ml",Refills,1,14.99,14.99,3.15,11.84
SH-00722,2025-06-20,2025-06-01,Shopify,TX,C-00786,CP-REFILL-20,"Car Perfume refill, 2 x 10 ml",Refills,1,10.99,10.99,2.1,8.89
SH-00722,2025-06-20,2025-06-01,Shopify,TX,C-00786,CP-REFILL-10,"Car Perfume refill, 10 ml",Refills,1,5.99,5.99,1.05,4.94
SH-00723,2025-06-20,2025-06-01,Shopify,AZ,C-00875,DF-PDM-LAYTON,Parfums de Marly Layton EDP 4.2 oz,Designer fragrance,1,184.79,184.79,148.0,36.79
SH-00724,2025-06-20,2025-06-01,Shopify,CA,C-00876,DF-JPG-ELIXIR,Jean Paul Gaultier Le Male Elixir 4.2 oz,Designer fragrance,1,112.64,112.64,87.0,25.64
SH-00725,2025-06-20,2025-06-01,Shopify,CA,C-00793,CP-REFILL-10,"Car Perfume refill, 10 ml",Refills,2,5.99,11.98,2.1,9.88
SH-00725,2025-06-20,2025-06-01,Shopify,CA,C-00793,CP-REFILL-30,"Car Perfume refill, 3 x 10 ml",Refills,1,14.99,14.99,3.15,11.84
EB-00443,2025-06-21,2025-06-01,eBay,NY,C-00879,DF-CREED-AVENTUS,Creed Aventus EDP 3.3 oz,Designer fragrance,1,297.81,297.81,244.0,53.81
EB-00444,2025-06-21,2025-06-01,eBay,CA,C-00880,DF-JPG-ELIXIR,Jean Paul Gaultier Le Male Elixir 4.2 oz,Designer fragrance,1,107.3,107.3,87.0,20.3
SH-00726,2025-06-21,2025-06-01,Shopify,CA,C-00878,CP-BOTTLE-COLOR,"Car Perfume bottle, color collection",Car Perfume,1,9.99,9.99,2.55,7.44
SH-00726,2025-06-21,2025-06-01,Shopify,CA,C-00878,CP-REFILL-10,"Car Perfume refill, 10 ml",Refills,1,5.99,5.99,1.05,4.94
EB-00445,2025-06-22,2025-06-01,eBay,MD,C-00881,DF-PDM-DELINA,Parfums de Marly Delina EDP 2.5 oz,Designer fragrance,1,210.79,210.79,170.0,40.79
EB-00446,2025-06-22,2025-06-01,eBay,CA,C-00883,DF-DIOR-SAUVAGE,Dior Sauvage EDT 3.4 oz,Designer fragrance,1,99.52,99.52,76.0,23.52
SH-00727,2025-06-22,2025-06-01,Shopify,NY,C-00861,CP-REFILL-20,"Car Perfume refill, 2 x 10 ml",Refills,1,10.99,10.99,2.1,8.89
SH-00728,2025-06-22,2025-06-01,Shopify,MA,C-00473,CP-BOTTLE-COLOR,"Car Perfume bottle, color collection",Car Perfume,1,9.99,9.99,2.55,7.44
SH-00728,2025-06-22,2025-06-01,Shopify,MA,C-00473,CP-REFILL-20,"Car Perfume refill, 2 x 10 ml",Refills,1,10.99,10.99,2.1,8.89
SH-00729,2025-06-22,2025-06-01,Shopify,FL,C-00025,DF-YSL-LIBRE,YSL Libre EDP 3.0 oz,Designer fragrance,1,99.91,99.91,82.0,17.91
SH-00730,2025-06-22,2025-06-01,Shopify,TX,C-00882,CP-BOTTLE-CLASSIC,"Car Perfume bottle, Onyx, Chrome or Gold",Car Perfume,1,7.99,7.99,2.35,5.64
SH-00730,2025-06-22,2025-06-01,Shopify,TX,C-00882,CP-REFILL-20,"Car Perfume refill, 2 x 10 ml",Refills,1,10.99,10.99,2.1,8.89
SH-00731,2025-06-22,2025-06-01,Shopify,CA,C-00884,CP-REFILL-30,"Car Perfume refill, 3 x 10 ml",Refills,1,14.99,14.99,3.15,11.84
SH-00731,2025-06-22,2025-06-01,Shopify,CA,C-00884,CP-REFILL-10,"Car Perfume refill, 10 ml",Refills,1,5.99,5.99,1.05,4.94
SH-00732,2025-06-22,2025-06-01,Shopify,PA,C-00738,DF-DIOR-SAUVAGE,Dior Sauvage EDT 3.4 oz,Designer fragrance,1,97.93,97.93,76.0,21.93
EB-00447,2025-06-23,2025-06-01,eBay,TX,C-00886,DF-INITIO-OUD,Initio Oud for Greatness EDP 3.0 oz,Designer fragrance,1,212.22,212.22,169.0,43.22
EB-00448,2025-06-23,2025-06-01,eBay,CA,C-00358,DF-DIOR-SAUVAGE,Dior Sauvage EDT 3.4 oz,Designer fragrance,1,94.11,94.11,76.0,18.11
SH-00733,2025-06-23,2025-06-01,Shopify,FL,C-00885,CP-BOTTLE-CLASSIC,"Car Perfume bottle, Onyx, Chrome or Gold",Car Perfume,1,7.99,7.99,2.35,5.64
SH-00733,2025-06-23,2025-06-01,Shopify,FL,C-00885,CP-REFILL-10,"Car Perfume refill, 10 ml",Refills,1,5.99,5.99,1.05,4.94
SH-00734,2025-06-23,2025-06-01,Shopify,CO,C-00887,CP-BOTTLE-CLASSIC,"Car Perfume bottle, Onyx, Chrome or Gold",Car Perfume,1,7.99,7.99,2.35,5.64
SH-00734,2025-06-23,2025-06-01,Shopify,CO,C-00887,CP-REFILL-10,"Car Perfume refill, 10 ml",Refills,1,5.99,5.99,1.05,4.94
SH-00735,2025-06-23,2025-06-01,Shopify,CA,C-00888,DF-CREED-AVENTUS,Creed Aventus EDP 3.3 oz,Designer fragrance,1,295.28,295.28,244.0,51.28
SH-00736,2025-06-23,2025-06-01,Shopify,GA,C-00889,CP-REFILL-10,"Car Perfume refill, 10 ml",Refills,1,5.99,5.99,1.05,4.94
SH-00737,2025-06-23,2025-06-01,Shopify,CA,C-00793,CP-BOTTLE-CLASSIC,"Car Perfume bottle, Onyx, Chrome or Gold",Car Perfume,1,7.99,7.99,2.35,5.64
SH-00738,2025-06-23,2025-06-01,Shopify,NY,C-00890,CP-REFILL-20,"Car Perfume refill, 2 x 10 ml",Refills,2,10.99,21.98,4.2,17.78
SH-00738,2025-06-23,2025-06-01,Shopify,NY,C-00890,CP-REFILL-10,"Car Perfume refill, 10 ml",Refills,1,5.99,5.99,1.05,4.94
SH-00739,2025-06-23,2025-06-01,Shopify,CA,C-00891,DF-YSL-LIBRE,YSL Libre EDP 3.0 oz,Designer fragrance,1,102.03,102.03,82.0,20.03
SH-00740,2025-06-23,2025-06-01,Shopify,TX,C-00892,CP-REFILL-10,"Car Perfume refill, 10 ml",Refills,1,5.99,5.99,1.05,4.94
SH-00740,2025-06-23,2025-06-01,Shopify,TX,C-00892,CP-REFILL-20,"Car Perfume refill, 2 x 10 ml",Refills,1,10.99,10.99,2.1,8.89
SH-00741,2025-06-23,2025-06-01,Shopify,NV,C-00893,CP-REFILL-30,"Car Perfume refill, 3 x 10 ml",Refills,1,14.99,14.99,3.15,11.84
SH-00741,2025-06-23,2025-06-01,Shopify,NV,C-00893,CP-REFILL-10,"Car Perfume refill, 10 ml",Refills,1,5.99,5.99,1.05,4.94
EB-00449,2025-06-24,2025-06-01,eBay,IL,C-00895,DF-YSL-LIBRE,YSL Libre EDP 3.0 oz,Designer fragrance,1,104.93,104.93,82.0,22.93
EB-00450,2025-06-24,2025-06-01,eBay,CA,C-00896,DF-VERSACE-EROS,Versace Eros EDT 3.4 oz,Designer fragrance,1,61.74,61.74,46.0,15.74
SH-00742,2025-06-24,2025-06-01,Shopify,TX,C-00894,DF-PDM-LAYTON,Parfums de Marly Layton EDP 4.2 oz,Designer fragrance,1,190.17,190.17,148.0,42.17
SH-00743,2025-06-24,2025-06-01,Shopify,NY,C-00862,CP-BOTTLE-COLOR,"Car Perfume bottle, color collection",Car Perfume,1,9.99,9.99,2.55,7.44
SH-00744,2025-06-24,2025-06-01,Shopify,OR,C-00858,CP-REFILL-30,"Car Perfume refill, 3 x 10 ml",Refills,1,14.99,14.99,3.15,11.84
SH-00744,2025-06-24,2025-06-01,Shopify,OR,C-00858,CP-REFILL-10,"Car Perfume refill, 10 ml",Refills,1,5.99,5.99,1.05,4.94
SH-00745,2025-06-24,2025-06-01,Shopify,NY,C-00862,CP-REFILL-30,"Car Perfume refill, 3 x 10 ml",Refills,1,14.99,14.99,3.15,11.84
SH-00746,2025-06-24,2025-06-01,Shopify,TX,C-00897,DF-DIOR-SAUVAGE,Dior Sauvage EDT 3.4 oz,Designer fragrance,1,96.38,96.38,76.0,20.38
SH-00747,2025-06-24,2025-06-01,Shopify,NV,C-00898,CP-BOTTLE-COLOR,"Car Perfume bottle, color collection",Car Perfume,1,9.99,9.99,2.55,7.44
SH-00747,2025-06-24,2025-06-01,Shopify,NV,C-00898,CP-REFILL-10,"Car Perfume refill, 10 ml",Refills,1,5.99,5.99,1.05,4.94
EB-00451,2025-06-25,2025-06-01,eBay,GA,C-00900,DF-VERSACE-EROS,Versace Eros EDT 3.4 oz,Designer fragrance,1,58.45,58.45,46.0,12.45
EB-00452,2025-06-25,2025-06-01,eBay,CA,C-00902,DF-CREED-AVENTUS,Creed Aventus EDP 3.3 oz,Designer fragrance,1,295.44,295.44,244.0,51.44
EB-00453,2025-06-25,2025-06-01,eBay,VA,C-00903,CP-REFILL-10,"Car Perfume refill, 10 ml",Refills,2,5.99,11.98,2.1,9.88
EB-00453,2025-06-25,2025-06-01,eBay,VA,C-00903,CP-REFILL-30,"Car Perfume refill, 3 x 10 ml",Refills,1,14.99,14.99,3.15,11.84
EB-00454,2025-06-25,2025-06-01,eBay,OH,C-00904,DF-PDM-LAYTON,Parfums de Marly Layton EDP 4.2 oz,Designer fragrance,1,177.54,177.54,148.0,29.54
SH-00748,2025-06-25,2025-06-01,Shopify,NV,C-00850,CP-BOTTLE-COLOR,"Car Perfume bottle, color collection",Car Perfume,1,9.99,9.99,2.55,7.44
SH-00748,2025-06-25,2025-06-01,Shopify,NV,C-00850,CP-REFILL-20,"Car Perfume refill, 2 x 10 ml",Refills,1,10.99,10.99,2.1,8.89
SH-00749,2025-06-25,2025-06-01,Shopify,NJ,C-00899,CP-REFILL-10,"Car Perfume refill, 10 ml",Refills,1,5.99,5.99,1.05,4.94
SH-00750,2025-06-25,2025-06-01,Shopify,CA,C-00901,CP-BOTTLE-COLOR,"Car Perfume bottle, color collection",Car Perfume,1,9.99,9.99,2.55,7.44
SH-00750,2025-06-25,2025-06-01,Shopify,CA,C-00901,CP-REFILL-30,"Car Perfume refill, 3 x 10 ml",Refills,1,14.99,14.99,3.15,11.84
SH-00751,2025-06-25,2025-06-01,Shopify,NY,C-00309,CP-REFILL-10,"Car Perfume refill, 10 ml",Refills,1,5.99,5.99,1.05,4.94
SH-00751,2025-06-25,2025-06-01,Shopify,NY,C-00309,CP-REFILL-20,"Car Perfume refill, 2 x 10 ml",Refills,2,10.99,21.98,4.2,17.78
EB-00455,2025-06-26,2025-06-01,eBay,CA,C-00905,DF-VERSACE-EROS,Versace Eros EDT 3.4 oz,Designer fragrance,1,61.27,61.27,46.0,15.27
EB-00456,2025-06-26,2025-06-01,eBay,FL,C-00907,DF-YSL-LIBRE,YSL Libre EDP 3.0 oz,Designer fragrance,1,107.48,107.48,82.0,25.48
EB-00457,2025-06-26,2025-06-01,eBay,TX,C-00911,DF-JPG-ELIXIR,Jean Paul Gaultier Le Male Elixir 4.2 oz,Designer fragrance,1,109.48,109.48,87.0,22.48
SH-00752,2025-06-26,2025-06-01,Shopify,MA,C-00816,CP-REFILL-30,"Car Perfume refill, 3 x 10 ml",Refills,2,14.99,29.98,6.3,23.68
SH-00752,2025-06-26,2025-06-01,Shopify,MA,C-00816,CP-REFILL-20,"Car Perfume refill, 2 x 10 ml",Refills,1,10.99,10.99,2.1,8.89
SH-00753,2025-06-26,2025-06-01,Shopify,TN,C-00906,CP-REFILL-10,"Car Perfume refill, 10 ml",Refills,3,5.99,17.97,3.15,14.82
SH-00754,2025-06-26,2025-06-01,Shopify,IL,C-00769,CP-REFILL-20,"Car Perfume refill, 2 x 10 ml",Refills,1,10.99,10.99,2.1,8.89
SH-00754,2025-06-26,2025-06-01,Shopify,IL,C-00769,CP-REFILL-30,"Car Perfume refill, 3 x 10 ml",Refills,1,14.99,14.99,3.15,11.84
SH-00754,2025-06-26,2025-06-01,Shopify,IL,C-00769,CP-REFILL-10,"Car Perfume refill, 10 ml",Refills,1,5.99,5.99,1.05,4.94
SH-00755,2025-06-26,2025-06-01,Shopify,NY,C-00908,DF-INITIO-OUD,Initio Oud for Greatness EDP 3.0 oz,Designer fragrance,1,200.73,200.73,169.0,31.73
SH-00756,2025-06-26,2025-06-01,Shopify,AZ,C-00909,CP-REFILL-30,"Car Perfume refill, 3 x 10 ml",Refills,2,14.99,29.98,6.3,23.68
SH-00756,2025-06-26,2025-06-01,Shopify,AZ,C-00909,CP-REFILL-10,"Car Perfume refill, 10 ml",Refills,1,5.99,5.99,1.05,4.94
SH-00757,2025-06-26,2025-06-01,Shopify,IL,C-00910,CP-REFILL-20,"Car Perfume refill, 2 x 10 ml",Refills,1,10.99,10.99,2.1,8.89
SH-00757,2025-06-26,2025-06-01,Shopify,IL,C-00910,CP-REFILL-10,"Car Perfume refill, 10 ml",Refills,1,5.99,5.99,1.05,4.94
SH-00758,2025-06-26,2025-06-01,Shopify,CA,C-00912,CP-BOTTLE-CLASSIC,"Car Perfume bottle, Onyx, Chrome or Gold",Car Perfume,1,7.99,7.99,2.35,5.64
SH-00758,2025-06-26,2025-06-01,Shopify,CA,C-00912,CP-REFILL-20,"Car Perfume refill, 2 x 10 ml",Refills,1,10.99,10.99,2.1,8.89
EB-00458,2025-06-27,2025-06-01,eBay,CA,C-00914,DF-PDM-LAYTON,Parfums de Marly Layton EDP 4.2 oz,Designer fragrance,1,185.63,185.63,148.0,37.63
EB-00459,2025-06-27,2025-06-01,eBay,GA,C-00916,DF-DIOR-SAUVAGE,Dior Sauvage EDT 3.4 oz,Designer fragrance,1,96.61,96.61,76.0,20.61
EB-00460,2025-06-27,2025-06-01,eBay,TN,C-00918,DF-DIOR-SAUVAGE,Dior Sauvage EDT 3.4 oz,Designer fragrance,1,100.33,100.33,76.0,24.33
SH-00759,2025-06-27,2025-06-01,Shopify,TX,C-00476,CP-BOTTLE-CLASSIC,"Car Perfume bottle, Onyx, Chrome or Gold",Car Perfume,1,7.99,7.99,2.35,5.64
SH-00759,2025-06-27,2025-06-01,Shopify,TX,C-00476,CP-REFILL-30,"Car Perfume refill, 3 x 10 ml",Refills,1,14.99,14.99,3.15,11.84
SH-00759,2025-06-27,2025-06-01,Shopify,TX,C-00476,CP-REFILL-10,"Car Perfume refill, 10 ml",Refills,1,5.99,5.99,1.05,4.94
SH-00760,2025-06-27,2025-06-01,Shopify,TX,C-00913,CP-REFILL-20,"Car Perfume refill, 2 x 10 ml",Refills,1,10.99,10.99,2.1,8.89
SH-00761,2025-06-27,2025-06-01,Shopify,NJ,C-00915,CP-REFILL-20,"Car Perfume refill, 2 x 10 ml",Refills,1,10.99,10.99,2.1,8.89
SH-00761,2025-06-27,2025-06-01,Shopify,NJ,C-00915,CP-REFILL-10,"Car Perfume refill, 10 ml",Refills,1,5.99,5.99,1.05,4.94
SH-00762,2025-06-27,2025-06-01,Shopify,CO,C-00917,CP-REFILL-30,"Car Perfume refill, 3 x 10 ml",Refills,1,14.99,14.99,3.15,11.84
SH-00763,2025-06-27,2025-06-01,Shopify,NJ,C-00385,DF-PDM-LAYTON,Parfums de Marly Layton EDP 4.2 oz,Designer fragrance,1,174.72,174.72,148.0,26.72
EB-00461,2025-06-28,2025-06-01,eBay,CA,C-00905,DF-CREED-AVENTUS,Creed Aventus EDP 3.3 oz,Designer fragrance,1,288.11,288.11,244.0,44.11
SH-00764,2025-06-28,2025-06-01,Shopify,CO,C-00917,CP-REFILL-10,"Car Perfume refill, 10 ml",Refills,1,5.99,5.99,1.05,4.94
SH-00764,2025-06-28,2025-06-01,Shopify,CO,C-00917,CP-REFILL-30,"Car Perfume refill, 3 x 10 ml",Refills,1,14.99,14.99,3.15,11.84
SH-00765,2025-06-28,2025-06-01,Shopify,CA,C-00919,CP-REFILL-20,"Car Perfume refill, 2 x 10 ml",Refills,1,10.99,10.99,2.1,8.89
SH-00766,2025-06-28,2025-06-01,Shopify,CA,C-00518,CP-BOTTLE-CLASSIC,"Car Perfume bottle, Onyx, Chrome or Gold",Car Perfume,1,7.99,7.99,2.35,5.64
SH-00766,2025-06-28,2025-06-01,Shopify,CA,C-00518,CP-REFILL-10,"Car Perfume refill, 10 ml",Refills,1,5.99,5.99,1.05,4.94
SH-00767,2025-06-28,2025-06-01,Shopify,NV,C-00517,CP-BOTTLE-COLOR,"Car Perfume bottle, color collection",Car Perfume,1,9.99,9.99,2.55,7.44
SH-00768,2025-06-28,2025-06-01,Shopify,CA,C-00920,CP-REFILL-10,"Car Perfume refill, 10 ml",Refills,1,5.99,5.99,1.05,4.94
SH-00769,2025-06-28,2025-06-01,Shopify,CA,C-00921,DF-VERSACE-EROS,Versace Eros EDT 3.4 oz,Designer fragrance,1,62.64,62.64,46.0,16.64
SH-00770,2025-06-29,2025-06-01,Shopify,CA,C-00045,CP-BOTTLE-COLOR,"Car Perfume bottle, color collection",Car Perfume,1,9.99,9.99,2.55,7.44
SH-00771,2025-06-29,2025-06-01,Shopify,NY,C-00922,CP-BOTTLE-COLOR,"Car Perfume bottle, color collection",Car Perfume,1,9.99,9.99,2.55,7.44
SH-00771,2025-06-29,2025-06-01,Shopify,NY,C-00922,CP-REFILL-20,"Car Perfume refill, 2 x 10 ml",Refills,1,10.99,10.99,2.1,8.89
SH-00772,2025-06-29,2025-06-01,Shopify,NY,C-00817,CP-BOTTLE-CLASSIC,"Car Perfume bottle, Onyx, Chrome or Gold",Car Perfume,1,7.99,7.99,2.35,5.64
SH-00773,2025-06-29,2025-06-01,Shopify,OH,C-00923,DF-TF-OMBRE,Tom Ford Ombre Leather EDP 3.4 oz,Designer fragrance,1,116.87,116.87,93.0,23.87
SH-00774,2025-06-29,2025-06-01,Shopify,AZ,C-00924,DF-JPG-ELIXIR,Jean Paul Gaultier Le Male Elixir 4.2 oz,Designer fragrance,1,106.21,106.21,87.0,19.21
SH-00775,2025-06-29,2025-06-01,Shopify,AZ,C-00925,CP-BOTTLE-CLASSIC,"Car Perfume bottle, Onyx, Chrome or Gold",Car Perfume,1,7.99,7.99,2.35,5.64
SH-00775,2025-06-29,2025-06-01,Shopify,AZ,C-00925,CP-REFILL-20,"Car Perfume refill, 2 x 10 ml",Refills,1,10.99,10.99,2.1,8.89
EB-00462,2025-06-30,2025-06-01,eBay,AZ,C-00926,CP-REFILL-10,"Car Perfume refill, 10 ml",Refills,1,5.99,5.99,1.05,4.94
EB-00462,2025-06-30,2025-06-01,eBay,AZ,C-00926,CP-REFILL-30,"Car Perfume refill, 3 x 10 ml",Refills,1,14.99,14.99,3.15,11.84
SH-00776,2025-06-30,2025-06-01,Shopify,TX,C-00729,CP-BOTTLE-CLASSIC,"Car Perfume bottle, Onyx, Chrome or Gold",Car Perfume,1,7.99,7.99,2.35,5.64
SH-00776,2025-06-30,2025-06-01,Shopify,TX,C-00729,CP-REFILL-10,"Car Perfume refill, 10 ml",Refills,2,5.99,11.98,2.1,9.88
SH-00777,2025-06-30,2025-06-01,Shopify,AZ,C-00643,DF-XJ-ERBA,Xerjoff Erba Pura EDP 3.4 oz,Designer fragrance,1,167.36,167.36,133.0,34.36
EB-00463,2025-07-01,2025-07-01,eBay,PA,C-00927,DF-INITIO-OUD,Initio Oud for Greatness EDP 3.0 oz,Designer fragrance,1,206.3,206.3,169.0,37.3
EB-00464,2025-07-01,2025-07-01,eBay,TX,C-00928,DF-VERSACE-EROS,Versace Eros EDT 3.4 oz,Designer fragrance,1,61.74,61.74,46.0,15.74
EB-00465,2025-07-01,2025-07-01,eBay,AZ,C-00930,DF-YSL-LIBRE,YSL Libre EDP 3.0 oz,Designer fragrance,1,99.24,99.24,82.0,17.24
SH-00778,2025-07-01,2025-07-01,Shopify,WA,C-00929,CP-BOTTLE-COLOR,"Car Perfume bottle, color collection",Car Perfume,1,9.99,9.99,2.55,7.44
SH-00779,2025-07-01,2025-07-01,Shopify,CA,C-00931,DF-VERSACE-EROS,Versace Eros EDT 3.4 oz,Designer fragrance,1,60.48,60.48,46.0,14.48
SH-00780,2025-07-01,2025-07-01,Shopify,NY,C-00817,CP-REFILL-10,"Car Perfume refill, 10 ml",Refills,1,5.99,5.99,1.05,4.94
SH-00780,2025-07-01,2025-07-01,Shopify,NY,C-00817,CP-REFILL-20,"Car Perfume refill, 2 x 10 ml",Refills,1,10.99,10.99,2.1,8.89
SH-00780,2025-07-01,2025-07-01,Shopify,NY,C-00817,CP-REFILL-30,"Car Perfume refill, 3 x 10 ml",Refills,1,14.99,14.99,3.15,11.84
SH-00781,2025-07-01,2025-07-01,Shopify,OR,C-00932,DF-TF-OMBRE,Tom Ford Ombre Leather EDP 3.4 oz,Designer fragrance,1,112.46,112.46,93.0,19.46
SH-00782,2025-07-01,2025-07-01,Shopify,CA,C-00933,DF-YSL-LIBRE,YSL Libre EDP 3.0 oz,Designer fragrance,1,102.08,102.08,82.0,20.08
EB-00466,2025-07-02,2025-07-01,eBay,NC,C-00934,CP-REFILL-30,"Car Perfume refill, 3 x 10 ml",Refills,1,14.99,14.99,3.15,11.84
EB-00466,2025-07-02,2025-07-01,eBay,NC,C-00934,CP-REFILL-20,"Car Perfume refill, 2 x 10 ml",Refills,1,10.99,10.99,2.1,8.89
EB-00466,2025-07-02,2025-07-01,eBay,NC,C-00934,CP-REFILL-10,"Car Perfume refill, 10 ml",Refills,1,5.99,5.99,1.05,4.94
SH-00783,2025-07-02,2025-07-01,Shopify,NY,C-00935,CP-BOTTLE-CLASSIC,"Car Perfume bottle, Onyx, Chrome or Gold",Car Perfume,1,7.99,7.99,2.35,5.64
SH-00783,2025-07-02,2025-07-01,Shopify,NY,C-00935,CP-REFILL-10,"Car Perfume refill, 10 ml",Refills,2,5.99,11.98,2.1,9.88
SH-00784,2025-07-02,2025-07-01,Shopify,NC,C-00934,CP-BOTTLE-CLASSIC,"Car Perfume bottle, Onyx, Chrome or Gold",Car Perfume,1,7.99,7.99,2.35,5.64
EB-00467,2025-07-03,2025-07-01,eBay,MI,C-00936,DF-MFK-BR540,Maison Francis Kurkdjian Baccarat Rouge 540 EDP 2.4 oz,Designer fragrance,1,251.22,251.22,219.0,32.22
EB-00468,2025-07-03,2025-07-01,eBay,NC,C-00938,DF-VERSACE-EROS,Versace Eros EDT 3.4 oz,Designer fragrance,1,62.06,62.06,46.0,16.06
EB-00469,2025-07-03,2025-07-01,eBay,IL,C-00941,DF-TF-OMBRE,Tom Ford Ombre Leather EDP 3.4 oz,Designer fragrance,1,118.86,118.86,93.0,25.86
SH-00785,2025-07-03,2025-07-01,Shopify,FL,C-00754,CP-REFILL-20,"Car Perfume refill, 2 x 10 ml",Refills,1,10.99,10.99,2.1,8.89
SH-00785,2025-07-03,2025-07-01,Shopify,FL,C-00754,CP-REFILL-30,"Car Perfume refill, 3 x 10 ml",Refills,1,14.99,14.99,3.15,11.84
SH-00786,2025-07-03,2025-07-01,Shopify,AZ,C-00937,DF-VERSACE-EROS,Versace Eros EDT 3.4 oz,Designer fragrance,1,63.24,63.24,46.0,17.24
SH-00787,2025-07-03,2025-07-01,Shopify,FL,C-00939,CP-REFILL-30,"Car Perfume refill, 3 x 10 ml",Refills,1,14.99,14.99,3.15,11.84
SH-00788,2025-07-03,2025-07-01,Shopify,AZ,C-00940,CP-BOTTLE-CLASSIC,"Car Perfume bottle, Onyx, Chrome or Gold",Car Perfume,1,7.99,7.99,2.35,5.64
EB-00470,2025-07-04,2025-07-01,eBay,WA,C-00942,DF-YSL-LIBRE,YSL Libre EDP 3.0 oz,Designer fragrance,1,101.11,101.11,82.0,19.11
EB-00471,2025-07-04,2025-07-01,eBay,PA,C-00943,CP-REFILL-30,"Car Perfume refill, 3 x 10 ml",Refills,1,14.99,14.99,3.15,11.84
EB-00472,2025-07-04,2025-07-01,eBay,CA,C-00403,CP-REFILL-20,"Car Perfume refill, 2 x 10 ml",Refills,2,10.99,21.98,4.2,17.78
SH-00789,2025-07-04,2025-07-01,Shopify,TX,C-00376,CP-BOTTLE-CLASSIC,"Car Perfume bottle, Onyx, Chrome or Gold",Car Perfume,1,7.99,7.99,2.35,5.64
SH-00789,2025-07-04,2025-07-01,Shopify,TX,C-00376,CP-REFILL-10,"Car Perfume refill, 10 ml",Refills,1,5.99,5.99,1.05,4.94
SH-00789,2025-07-04,2025-07-01,Shopify,TX,C-00376,CP-REFILL-20,"Car Perfume refill, 2 x 10 ml",Refills,1,10.99,10.99,2.1,8.89
SH-00790,2025-07-04,2025-07-01,Shopify,CA,C-00919,CP-REFILL-10,"Car Perfume refill, 10 ml",Refills,1,5.99,5.99,1.05,4.94
EB-00473,2025-07-05,2025-07-01,eBay,FL,C-00076,DF-CREED-AVENTUS,Creed Aventus EDP 3.3 oz,Designer fragrance,1,283.55,283.55,244.0,39.55
SH-00791,2025-07-05,2025-07-01,Shopify,TX,C-00944,CP-BOTTLE-COLOR,"Car Perfume bottle, color collection",Car Perfume,1,9.99,9.99,2.55,7.44
SH-00792,2025-07-05,2025-07-01,Shopify,TX,C-00945,CP-BOTTLE-CLASSIC,"Car Perfume bottle, Onyx, Chrome or Gold",Car Perfume,1,7.99,7.99,2.35,5.64
SH-00792,2025-07-05,2025-07-01,Shopify,TX,C-00945,CP-REFILL-10,"Car Perfume refill, 10 ml",Refills,2,5.99,11.98,2.1,9.88
EB-00474,2025-07-06,2025-07-01,eBay,NC,C-00946,DF-DIOR-SAUVAGE,Dior Sauvage EDT 3.4 oz,Designer fragrance,1,97.62,97.62,76.0,21.62
EB-00475,2025-07-06,2025-07-01,eBay,CA,C-00949,DF-PDM-LAYTON,Parfums de Marly Layton EDP 4.2 oz,Designer fragrance,1,181.78,181.78,148.0,33.78
SH-00793,2025-07-06,2025-07-01,Shopify,NV,C-00893,CP-BOTTLE-COLOR,"Car Perfume bottle, color collection",Car Perfume,1,9.99,9.99,2.55,7.44
SH-00794,2025-07-06,2025-07-01,Shopify,FL,C-00947,DF-DIOR-SAUVAGE,Dior Sauvage EDT 3.4 oz,Designer fragrance,1,95.36,95.36,76.0,19.36
SH-00795,2025-07-06,2025-07-01,Shopify,CA,C-00948,CP-BOTTLE-CLASSIC,"Car Perfume bottle, Onyx, Chrome or Gold",Car Perfume,1,7.99,7.99,2.35,5.64
SH-00796,2025-07-06,2025-07-01,Shopify,CA,C-00950,DF-VAL-BIR,Valentino Born in Roma Uomo EDT 3.4 oz,Designer fragrance,1,99.38,99.38,76.0,23.38
SH-00797,2025-07-06,2025-07-01,Shopify,MI,C-00951,CP-REFILL-10,"Car Perfume refill, 10 ml",Refills,2,5.99,11.98,2.1,9.88
SH-00797,2025-07-06,2025-07-01,Shopify,MI,C-00951,CP-REFILL-20,"Car Perfume refill, 2 x 10 ml",Refills,1,10.99,10.99,2.1,8.89
EB-00476,2025-07-07,2025-07-01,eBay,CA,C-00953,DF-VERSACE-EROS,Versace Eros EDT 3.4 oz,Designer fragrance,1,59.54,59.54,46.0,13.54
EB-00477,2025-07-07,2025-07-01,eBay,CA,C-00954,DF-DIOR-SAUVAGE,Dior Sauvage EDT 3.4 oz,Designer fragrance,1,99.66,99.66,76.0,23.66
SH-00798,2025-07-07,2025-07-01,Shopify,TN,C-00952,DF-PDM-DELINA,Parfums de Marly Delina EDP 2.5 oz,Designer fragrance,1,213.08,213.08,170.0,43.08
SH-00799,2025-07-07,2025-07-01,Shopify,GA,C-00889,CP-REFILL-20,"Car Perfume refill, 2 x 10 ml",Refills,1,10.99,10.99,2.1,8.89
SH-00799,2025-07-07,2025-07-01,Shopify,GA,C-00889,CP-REFILL-10,"Car Perfume refill, 10 ml",Refills,1,5.99,5.99,1.05,4.94
EB-00478,2025-07-08,2025-07-01,eBay,CA,C-00955,CP-BOTTLE-COLOR,"Car Perfume bottle, color collection",Car Perfume,1,9.99,9.99,2.55,7.44
EB-00479,2025-07-08,2025-07-01,eBay,NY,C-00958,CP-BOTTLE-CLASSIC,"Car Perfume bottle, Onyx, Chrome or Gold",Car Perfume,1,7.99,7.99,2.35,5.64
EB-00479,2025-07-08,2025-07-01,eBay,NY,C-00958,CP-REFILL-10,"Car Perfume refill, 10 ml",Refills,1,5.99,5.99,1.05,4.94
EB-00480,2025-07-08,2025-07-01,eBay,CA,C-00960,DF-JPG-ELIXIR,Jean Paul Gaultier Le Male Elixir 4.2 oz,Designer fragrance,1,113.1,113.1,87.0,26.1
EB-00480,2025-07-08,2025-07-01,eBay,CA,C-00960,DF-YSL-LIBRE,YSL Libre EDP 3.0 oz,Designer fragrance,1,98.72,98.72,82.0,16.72
SH-00800,2025-07-08,2025-07-01,Shopify,TN,C-00956,CP-REFILL-10,"Car Perfume refill, 10 ml",Refills,1,5.99,5.99,1.05,4.94
SH-00801,2025-07-08,2025-07-01,Shopify,TX,C-00957,CP-REFILL-30,"Car Perfume refill, 3 x 10 ml",Refills,1,14.99,14.99,3.15,11.84
SH-00802,2025-07-08,2025-07-01,Shopify,AZ,C-00959,CP-BOTTLE-COLOR,"Car Perfume bottle, color collection",Car Perfume,1,9.99,9.99,2.55,7.44
SH-00802,2025-07-08,2025-07-01,Shopify,AZ,C-00959,CP-REFILL-20,"Car Perfume refill, 2 x 10 ml",Refills,1,10.99,10.99,2.1,8.89
SH-00802,2025-07-08,2025-07-01,Shopify,AZ,C-00959,CP-REFILL-30,"Car Perfume refill, 3 x 10 ml",Refills,2,14.99,29.98,6.3,23.68
SH-00803,2025-07-08,2025-07-01,Shopify,MI,C-00961,CP-REFILL-30,"Car Perfume refill, 3 x 10 ml",Refills,1,14.99,14.99,3.15,11.84
SH-00803,2025-07-08,2025-07-01,Shopify,MI,C-00961,CP-REFILL-10,"Car Perfume refill, 10 ml",Refills,3,5.99,17.97,3.15,14.82
SH-00804,2025-07-08,2025-07-01,Shopify,FL,C-00962,CP-BOTTLE-CLASSIC,"Car Perfume bottle, Onyx, Chrome or Gold",Car Perfume,1,7.99,7.99,2.35,5.64
SH-00804,2025-07-08,2025-07-01,Shopify,FL,C-00962,CP-REFILL-10,"Car Perfume refill, 10 ml",Refills,2,5.99,11.98,2.1,9.88
SH-00805,2025-07-09,2025-07-01,Shopify,GA,C-00963,DF-INITIO-OUD,Initio Oud for Greatness EDP 3.0 oz,Designer fragrance,1,209.38,209.38,169.0,40.38
SH-00806,2025-07-09,2025-07-01,Shopify,CA,C-00955,CP-BOTTLE-COLOR,"Car Perfume bottle, color collection",Car Perfume,1,9.99,9.99,2.55,7.44
SH-00806,2025-07-09,2025-07-01,Shopify,CA,C-00955,CP-REFILL-20,"Car Perfume refill, 2 x 10 ml",Refills,2,10.99,21.98,4.2,17.78
SH-00807,2025-07-09,2025-07-01,Shopify,CA,C-00964,CP-REFILL-30,"Car Perfume refill, 3 x 10 ml",Refills,1,14.99,14.99,3.15,11.84
SH-00807,2025-07-09,2025-07-01,Shopify,CA,C-00964,CP-REFILL-10,"Car Perfume refill, 10 ml",Refills,1,5.99,5.99,1.05,4.94
EB-00481,2025-07-10,2025-07-01,eBay,TX,C-00967,CP-REFILL-10,"Car Perfume refill, 10 ml",Refills,1,5.99,5.99,1.05,4.94
EB-00481,2025-07-10,2025-07-01,eBay,TX,C-00967,CP-REFILL-30,"Car Perfume refill, 3 x 10 ml",Refills,1,14.99,14.99,3.15,11.84
SH-00808,2025-07-10,2025-07-01,Shopify,GA,C-00965,CP-BOTTLE-CLASSIC,"Car Perfume bottle, Onyx, Chrome or Gold",Car Perfume,1,7.99,7.99,2.35,5.64
SH-00808,2025-07-10,2025-07-01,Shopify,GA,C-00965,CP-REFILL-10,"Car Perfume refill, 10 ml",Refills,1,5.99,5.99,1.05,4.94
SH-00808,2025-07-10,2025-07-01,Shopify,GA,C-00965,CP-REFILL-20,"Car Perfume refill, 2 x 10 ml",Refills,2,10.99,21.98,4.2,17.78
SH-00809,2025-07-10,2025-07-01,Shopify,NY,C-00966,CP-REFILL-30,"Car Perfume refill, 3 x 10 ml",Refills,1,14.99,14.99,3.15,11.84
SH-00809,2025-07-10,2025-07-01,Shopify,NY,C-00966,CP-REFILL-10,"Car Perfume refill, 10 ml",Refills,1,5.99,5.99,1.05,4.94
EB-00482,2025-07-11,2025-07-01,eBay,OH,C-00968,DF-YSL-LIBRE,YSL Libre EDP 3.0 oz,Designer fragrance,1,105.07,105.07,82.0,23.07
EB-00483,2025-07-11,2025-07-01,eBay,TX,C-00969,CP-BOTTLE-CLASSIC,"Car Perfume bottle, Onyx, Chrome or Gold",Car Perfume,1,7.99,7.99,2.35,5.64
EB-00483,2025-07-11,2025-07-01,eBay,TX,C-00969,CP-REFILL-10,"Car Perfume refill, 10 ml",Refills,1,5.99,5.99,1.05,4.94
EB-00484,2025-07-11,2025-07-01,eBay,TX,C-00970,DF-VERSACE-EROS,Versace Eros EDT 3.4 oz,Designer fragrance,1,60.05,60.05,46.0,14.05
EB-00485,2025-07-11,2025-07-01,eBay,CA,C-00971,DF-MFK-BR540,Maison Francis Kurkdjian Baccarat Rouge 540 EDP 2.4 oz,Designer fragrance,1,266.83,266.83,219.0,47.83
SH-00810,2025-07-11,2025-07-01,Shopify,NY,C-00190,CP-REFILL-20,"Car Perfume refill, 2 x 10 ml",Refills,1,10.99,10.99,2.1,8.89
SH-00811,2025-07-11,2025-07-01,Shopify,TX,C-00132,CP-REFILL-10,"Car Perfume refill, 10 ml",Refills,3,5.99,17.97,3.15,14.82
SH-00812,2025-07-11,2025-07-01,Shopify,NY,C-00972,DF-JPG-ELIXIR,Jean Paul Gaultier Le Male Elixir 4.2 oz,Designer fragrance,1,105.8,105.8,87.0,18.8
EB-00486,2025-07-12,2025-07-01,eBay,IL,C-00974,DF-TF-OMBRE,Tom Ford Ombre Leather EDP 3.4 oz,Designer fragrance,1,113.99,113.99,93.0,20.99
EB-00487,2025-07-12,2025-07-01,eBay,NY,C-00975,DF-PDM-DELINA,Parfums de Marly Delina EDP 2.5 oz,Designer fragrance,1,206.64,206.64,170.0,36.64
SH-00813,2025-07-12,2025-07-01,Shopify,NY,C-00973,DF-JPG-ELIXIR,Jean Paul Gaultier Le Male Elixir 4.2 oz,Designer fragrance,1,108.74,108.74,87.0,21.74
SH-00814,2025-07-12,2025-07-01,Shopify,OR,C-00011,CP-REFILL-20,"Car Perfume refill, 2 x 10 ml",Refills,2,10.99,21.98,4.2,17.78
SH-00814,2025-07-12,2025-07-01,Shopify,OR,C-00011,CP-REFILL-10,"Car Perfume refill, 10 ml",Refills,1,5.99,5.99,1.05,4.94
EB-00488,2025-07-13,2025-07-01,eBay,MA,C-00977,DF-VAL-BIR,Valentino Born in Roma Uomo EDT 3.4 oz,Designer fragrance,1,93.52,93.52,76.0,17.52
EB-00489,2025-07-13,2025-07-01,eBay,MA,C-00978,DF-VERSACE-EROS,Versace Eros EDT 3.4 oz,Designer fragrance,1,63.13,63.13,46.0,17.13
EB-00490,2025-07-13,2025-07-01,eBay,IL,C-00979,DF-PDM-LAYTON,Parfums de Marly Layton EDP 4.2 oz,Designer fragrance,1,184.55,184.55,148.0,36.55
EB-00490,2025-07-13,2025-07-01,eBay,IL,C-00979,DF-DIOR-SAUVAGE,Dior Sauvage EDT 3.4 oz,Designer fragrance,1,94.39,94.39,76.0,18.39
EB-00491,2025-07-13,2025-07-01,eBay,CA,C-00980,DF-TF-OMBRE,Tom Ford Ombre Leather EDP 3.4 oz,Designer fragrance,1,117.31,117.31,93.0,24.31
EB-00492,2025-07-13,2025-07-01,eBay,NV,C-00982,DF-PDM-LAYTON,Parfums de Marly Layton EDP 4.2 oz,Designer fragrance,1,183.42,183.42,148.0,35.42
EB-00493,2025-07-13,2025-07-01,eBay,MA,C-00983,DF-PDM-LAYTON,Parfums de Marly Layton EDP 4.2 oz,Designer fragrance,1,181.29,181.29,148.0,33.29
EB-00494,2025-07-13,2025-07-01,eBay,OH,C-00984,DF-MFK-BR540,Maison Francis Kurkdjian Baccarat Rouge 540 EDP 2.4 oz,Designer fragrance,1,271.41,271.41,219.0,52.41
EB-00494,2025-07-13,2025-07-01,eBay,OH,C-00984,DF-PDM-LAYTON,Parfums de Marly Layton EDP 4.2 oz,Designer fragrance,1,187.52,187.52,148.0,39.52
SH-00815,2025-07-13,2025-07-01,Shopify,NY,C-00817,CP-BOTTLE-CLASSIC,"Car Perfume bottle, Onyx, Chrome or Gold",Car Perfume,1,7.99,7.99,2.35,5.64
SH-00815,2025-07-13,2025-07-01,Shopify,NY,C-00817,CP-REFILL-10,"Car Perfume refill, 10 ml",Refills,1,5.99,5.99,1.05,4.94
SH-00815,2025-07-13,2025-07-01,Shopify,NY,C-00817,CP-REFILL-20,"Car Perfume refill, 2 x 10 ml",Refills,1,10.99,10.99,2.1,8.89
SH-00816,2025-07-13,2025-07-01,Shopify,FL,C-00566,CP-REFILL-30,"Car Perfume refill, 3 x 10 ml",Refills,1,14.99,14.99,3.15,11.84
SH-00816,2025-07-13,2025-07-01,Shopify,FL,C-00566,CP-REFILL-20,"Car Perfume refill, 2 x 10 ml",Refills,1,10.99,10.99,2.1,8.89
SH-00817,2025-07-13,2025-07-01,Shopify,PA,C-00976,CP-REFILL-10,"Car Perfume refill, 10 ml",Refills,1,5.99,5.99,1.05,4.94
SH-00818,2025-07-13,2025-07-01,Shopify,AZ,C-00981,CP-BOTTLE-CLASSIC,"Car Perfume bottle, Onyx, Chrome or Gold",Car Perfume,1,7.99,7.99,2.35,5.64
SH-00818,2025-07-13,2025-07-01,Shopify,AZ,C-00981,CP-REFILL-10,"Car Perfume refill, 10 ml",Refills,2,5.99,11.98,2.1,9.88
SH-00819,2025-07-13,2025-07-01,Shopify,WA,C-00244,DF-PDM-DELINA,Parfums de Marly Delina EDP 2.5 oz,Designer fragrance,1,209.26,209.26,170.0,39.26
EB-00495,2025-07-14,2025-07-01,eBay,CA,C-00985,CP-REFILL-20,"Car Perfume refill, 2 x 10 ml",Refills,1,10.99,10.99,2.1,8.89
SH-00820,2025-07-14,2025-07-01,Shopify,OR,C-00858,CP-BOTTLE-CLASSIC,"Car Perfume bottle, Onyx, Chrome or Gold",Car Perfume,1,7.99,7.99,2.35,5.64
SH-00820,2025-07-14,2025-07-01,Shopify,OR,C-00858,CP-REFILL-30,"Car Perfume refill, 3 x 10 ml",Refills,1,14.99,14.99,3.15,11.84
SH-00820,2025-07-14,2025-07-01,Shopify,OR,C-00858,CP-REFILL-10,"Car Perfume refill, 10 ml",Refills,1,5.99,5.99,1.05,4.94
SH-00820,2025-07-14,2025-07-01,Shopify,OR,C-00858,CP-REFILL-20,"Car Perfume refill, 2 x 10 ml",Refills,1,10.99,10.99,2.1,8.89
SH-00821,2025-07-14,2025-07-01,Shopify,MI,C-00602,CP-BOTTLE-COLOR,"Car Perfume bottle, color collection",Car Perfume,1,9.99,9.99,2.55,7.44
SH-00821,2025-07-14,2025-07-01,Shopify,MI,C-00602,CP-REFILL-10,"Car Perfume refill, 10 ml",Refills,2,5.99,11.98,2.1,9.88
SH-00822,2025-07-14,2025-07-01,Shopify,GA,C-00965,CP-REFILL-30,"Car Perfume refill, 3 x 10 ml",Refills,1,14.99,14.99,3.15,11.84
SH-00822,2025-07-14,2025-07-01,Shopify,GA,C-00965,CP-REFILL-20,"Car Perfume refill, 2 x 10 ml",Refills,1,10.99,10.99,2.1,8.89
SH-00823,2025-07-14,2025-07-01,Shopify,MI,C-00986,CP-BOTTLE-COLOR,"Car Perfume bottle, color collection",Car Perfume,1,9.99,9.99,2.55,7.44
SH-00823,2025-07-14,2025-07-01,Shopify,MI,C-00986,CP-REFILL-10,"Car Perfume refill, 10 ml",Refills,2,5.99,11.98,2.1,9.88
SH-00824,2025-07-14,2025-07-01,Shopify,OR,C-00037,CP-REFILL-30,"Car Perfume refill, 3 x 10 ml",Refills,1,14.99,14.99,3.15,11.84
SH-00824,2025-07-14,2025-07-01,Shopify,OR,C-00037,CP-REFILL-20,"Car Perfume refill, 2 x 10 ml",Refills,1,10.99,10.99,2.1,8.89
EB-00496,2025-07-15,2025-07-01,eBay,MA,C-00987,DF-INITIO-OUD,Initio Oud for Greatness EDP 3.0 oz,Designer fragrance,1,205.0,205.0,169.0,36.0
SH-00825,2025-07-15,2025-07-01,Shopify,MA,C-00816,CP-BOTTLE-COLOR,"Car Perfume bottle, color collection",Car Perfume,1,9.99,9.99,2.55,7.44
SH-00826,2025-07-15,2025-07-01,Shopify,IL,C-00833,CP-REFILL-20,"Car Perfume refill, 2 x 10 ml",Refills,1,10.99,10.99,2.1,8.89
SH-00827,2025-07-15,2025-07-01,Shopify,VA,C-00988,CP-REFILL-10,"Car Perfume refill, 10 ml",Refills,2,5.99,11.98,2.1,9.88
SH-00827,2025-07-15,2025-07-01,Shopify,VA,C-00988,CP-REFILL-20,"Car Perfume refill, 2 x 10 ml",Refills,1,10.99,10.99,2.1,8.89
SH-00828,2025-07-15,2025-07-01,Shopify,TX,C-00989,CP-REFILL-20,"Car Perfume refill, 2 x 10 ml",Refills,1,10.99,10.99,2.1,8.89
SH-00828,2025-07-15,2025-07-01,Shopify,TX,C-00989,CP-REFILL-10,"Car Perfume refill, 10 ml",Refills,1,5.99,5.99,1.05,4.94
SH-00829,2025-07-15,2025-07-01,Shopify,WA,C-00108,CP-BOTTLE-COLOR,"Car Perfume bottle, color collection",Car Perfume,1,9.99,9.99,2.55,7.44
SH-00829,2025-07-15,2025-07-01,Shopify,WA,C-00108,CP-REFILL-20,"Car Perfume refill, 2 x 10 ml",Refills,1,10.99,10.99,2.1,8.89
SH-00829,2025-07-15,2025-07-01,Shopify,WA,C-00108,CP-REFILL-30,"Car Perfume refill, 3 x 10 ml",Refills,1,14.99,14.99,3.15,11.84
SH-00830,2025-07-15,2025-07-01,Shopify,OH,C-00990,CP-BOTTLE-CLASSIC,"Car Perfume bottle, Onyx, Chrome or Gold",Car Perfume,1,7.99,7.99,2.35,5.64
SH-00830,2025-07-15,2025-07-01,Shopify,OH,C-00990,CP-REFILL-10,"Car Perfume refill, 10 ml",Refills,1,5.99,5.99,1.05,4.94
SH-00830,2025-07-15,2025-07-01,Shopify,OH,C-00990,CP-REFILL-20,"Car Perfume refill, 2 x 10 ml",Refills,1,10.99,10.99,2.1,8.89
EB-00497,2025-07-16,2025-07-01,eBay,CA,C-00141,CP-REFILL-10,"Car Perfume refill, 10 ml",Refills,3,5.99,17.97,3.15,14.82
EB-00498,2025-07-16,2025-07-01,eBay,NY,C-00991,DF-CREED-AVENTUS,Creed Aventus EDP 3.3 oz,Designer fragrance,1,303.4,303.4,244.0,59.4
EB-00499,2025-07-16,2025-07-01,eBay,AZ,C-00992,DF-TF-OMBRE,Tom Ford Ombre Leather EDP 3.4 oz,Designer fragrance,1,112.71,112.71,93.0,19.71
SH-00831,2025-07-16,2025-07-01,Shopify,TN,C-00993,CP-REFILL-30,"Car Perfume refill, 3 x 10 ml",Refills,1,14.99,14.99,3.15,11.84
SH-00831,2025-07-16,2025-07-01,Shopify,TN,C-00993,CP-REFILL-10,"Car Perfume refill, 10 ml",Refills,3,5.99,17.97,3.15,14.82
EB-00500,2025-07-17,2025-07-01,eBay,CA,C-00994,DF-VAL-BIR,Valentino Born in Roma Uomo EDT 3.4 oz,Designer fragrance,1,93.34,93.34,76.0,17.34
EB-00501,2025-07-17,2025-07-01,eBay,NY,C-00996,CP-BOTTLE-COLOR,"Car Perfume bottle, color collection",Car Perfume,1,9.99,9.99,2.55,7.44
EB-00501,2025-07-17,2025-07-01,eBay,NY,C-00996,CP-REFILL-20,"Car Perfume refill, 2 x 10 ml",Refills,1,10.99,10.99,2.1,8.89
EB-00501,2025-07-17,2025-07-01,eBay,NY,C-00996,CP-REFILL-10,"Car Perfume refill, 10 ml",Refills,1,5.99,5.99,1.05,4.94
EB-00502,2025-07-17,2025-07-01,eBay,AZ,C-00998,DF-PDM-DELINA,Parfums de Marly Delina EDP 2.5 oz,Designer fragrance,1,199.95,199.95,170.0,29.95
SH-00832,2025-07-17,2025-07-01,Shopify,TX,C-00995,CP-REFILL-30,"Car Perfume refill, 3 x 10 ml",Refills,1,14.99,14.99,3.15,11.84
SH-00832,2025-07-17,2025-07-01,Shopify,TX,C-00995,CP-REFILL-10,"Car Perfume refill, 10 ml",Refills,1,5.99,5.99,1.05,4.94
SH-00833,2025-07-17,2025-07-01,Shopify,MI,C-00997,CP-BOTTLE-CLASSIC,"Car Perfume bottle, Onyx, Chrome or Gold",Car Perfume,1,7.99,7.99,2.35,5.64
SH-00833,2025-07-17,2025-07-01,Shopify,MI,C-00997,CP-REFILL-20,"Car Perfume refill, 2 x 10 ml",Refills,2,10.99,21.98,4.2,17.78
EB-00503,2025-07-18,2025-07-01,eBay,CA,C-01000,CP-BOTTLE-COLOR,"Car Perfume bottle, color collection",Car Perfume,1,9.99,9.99,2.55,7.44
EB-00504,2025-07-18,2025-07-01,eBay,TX,C-01002,DF-VERSACE-EROS,Versace Eros EDT 3.4 oz,Designer fragrance,1,60.78,60.78,46.0,14.78
SH-00834,2025-07-18,2025-07-01,Shopify,AZ,C-00999,DF-VERSACE-EROS,Versace Eros EDT 3.4 oz,Designer fragrance,1,58.83,58.83,46.0,12.83
SH-00835,2025-07-18,2025-07-01,Shopify,MI,C-00997,CP-BOTTLE-CLASSIC,"Car Perfume bottle, Onyx, Chrome or Gold",Car Perfume,1,7.99,7.99,2.35,5.64
SH-00836,2025-07-18,2025-07-01,Shopify,TX,C-00729,CP-BOTTLE-COLOR,"Car Perfume bottle, color collection",Car Perfume,1,9.99,9.99,2.55,7.44
SH-00837,2025-07-18,2025-07-01,Shopify,TX,C-01001,CP-BOTTLE-CLASSIC,"Car Perfume bottle, Onyx, Chrome or Gold",Car Perfume,1,7.99,7.99,2.35,5.64
SH-00837,2025-07-18,2025-07-01,Shopify,TX,C-01001,CP-REFILL-10,"Car Perfume refill, 10 ml",Refills,1,5.99,5.99,1.05,4.94
EB-00505,2025-07-19,2025-07-01,eBay,VA,C-01003,CP-REFILL-10,"Car Perfume refill, 10 ml",Refills,2,5.99,11.98,2.1,9.88
EB-00506,2025-07-19,2025-07-01,eBay,FL,C-01006,DF-PDM-LAYTON,Parfums de Marly Layton EDP 4.2 oz,Designer fragrance,1,186.47,186.47,148.0,38.47
SH-00838,2025-07-19,2025-07-01,Shopify,IL,C-01004,CP-BOTTLE-CLASSIC,"Car Perfume bottle, Onyx, Chrome or Gold",Car Perfume,1,7.99,7.99,2.35,5.64
SH-00838,2025-07-19,2025-07-01,Shopify,IL,C-01004,CP-REFILL-30,"Car Perfume refill, 3 x 10 ml",Refills,2,14.99,29.98,6.3,23.68
SH-00838,2025-07-19,2025-07-01,Shopify,IL,C-01004,CP-REFILL-20,"Car Perfume refill, 2 x 10 ml",Refills,1,10.99,10.99,2.1,8.89
SH-00839,2025-07-19,2025-07-01,Shopify,GA,C-00965,CP-REFILL-30,"Car Perfume refill, 3 x 10 ml",Refills,1,14.99,14.99,3.15,11.84
SH-00840,2025-07-19,2025-07-01,Shopify,FL,C-01005,DF-JPG-ELIXIR,Jean Paul Gaultier Le Male Elixir 4.2 oz,Designer fragrance,1,109.63,109.63,87.0,22.63
SH-00841,2025-07-19,2025-07-01,Shopify,OH,C-00984,DF-VERSACE-EROS,Versace Eros EDT 3.4 oz,Designer fragrance,1,63.35,63.35,46.0,17.35
SH-00842,2025-07-19,2025-07-01,Shopify,CA,C-01007,CP-BOTTLE-CLASSIC,"Car Perfume bottle, Onyx, Chrome or Gold",Car Perfume,1,7.99,7.99,2.35,5.64
SH-00843,2025-07-19,2025-07-01,Shopify,NY,C-01008,CP-REFILL-10,"Car Perfume refill, 10 ml",Refills,1,5.99,5.99,1.05,4.94
SH-00843,2025-07-19,2025-07-01,Shopify,NY,C-01008,CP-REFILL-20,"Car Perfume refill, 2 x 10 ml",Refills,2,10.99,21.98,4.2,17.78
SH-00844,2025-07-19,2025-07-01,Shopify,NY,C-01009,CP-REFILL-20,"Car Perfume refill, 2 x 10 ml",Refills,2,10.99,21.98,4.2,17.78
SH-00845,2025-07-19,2025-07-01,Shopify,CA,C-01010,CP-REFILL-10,"Car Perfume refill, 10 ml",Refills,1,5.99,5.99,1.05,4.94
EB-00507,2025-07-20,2025-07-01,eBay,AZ,C-01015,DF-YSL-LIBRE,YSL Libre EDP 3.0 oz,Designer fragrance,1,104.27,104.27,82.0,22.27
SH-00846,2025-07-20,2025-07-01,Shopify,CA,C-01011,CP-REFILL-20,"Car Perfume refill, 2 x 10 ml",Refills,1,10.99,10.99,2.1,8.89
SH-00847,2025-07-20,2025-07-01,Shopify,NV,C-01012,CP-REFILL-20,"Car Perfume refill, 2 x 10 ml",Refills,1,10.99,10.99,2.1,8.89
SH-00847,2025-07-20,2025-07-01,Shopify,NV,C-01012,CP-REFILL-10,"Car Perfume refill, 10 ml",Refills,1,5.99,5.99,1.05,4.94
SH-00848,2025-07-20,2025-07-01,Shopify,NY,C-01013,DF-YSL-LIBRE,YSL Libre EDP 3.0 oz,Designer fragrance,1,105.1,105.1,82.0,23.1
SH-00849,2025-07-20,2025-07-01,Shopify,FL,C-01014,DF-PDM-LAYTON,Parfums de Marly Layton EDP 4.2 oz,Designer fragrance,1,182.81,182.81,148.0,34.81
SH-00850,2025-07-21,2025-07-01,Shopify,FL,C-01016,DF-PDM-LAYTON,Parfums de Marly Layton EDP 4.2 oz,Designer fragrance,1,184.15,184.15,148.0,36.15
SH-00851,2025-07-21,2025-07-01,Shopify,AZ,C-01017,CP-BOTTLE-CLASSIC,"Car Perfume bottle, Onyx, Chrome or Gold",Car Perfume,1,7.99,7.99,2.35,5.64
SH-00851,2025-07-21,2025-07-01,Shopify,AZ,C-01017,CP-REFILL-20,"Car Perfume refill, 2 x 10 ml",Refills,1,10.99,10.99,2.1,8.89
SH-00852,2025-07-21,2025-07-01,Shopify,CA,C-00122,CP-REFILL-30,"Car Perfume refill, 3 x 10 ml",Refills,1,14.99,14.99,3.15,11.84
SH-00852,2025-07-21,2025-07-01,Shopify,CA,C-00122,CP-REFILL-10,"Car Perfume refill, 10 ml",Refills,1,5.99,5.99,1.05,4.94
SH-00853,2025-07-21,2025-07-01,Shopify,AZ,C-01018,DF-DIOR-SAUVAGE,Dior Sauvage EDT 3.4 oz,Designer fragrance,1,95.94,95.94,76.0,19.94
SH-00854,2025-07-21,2025-07-01,Shopify,TX,C-00945,CP-BOTTLE-CLASSIC,"Car Perfume bottle, Onyx, Chrome or Gold",Car Perfume,1,7.99,7.99,2.35,5.64
SH-00855,2025-07-21,2025-07-01,Shopify,TX,C-00892,CP-BOTTLE-CLASSIC,"Car Perfume bottle, Onyx, Chrome or Gold",Car Perfume,1,7.99,7.99,2.35,5.64
SH-00855,2025-07-21,2025-07-01,Shopify,TX,C-00892,CP-REFILL-10,"Car Perfume refill, 10 ml",Refills,1,5.99,5.99,1.05,4.94
EB-00508,2025-07-22,2025-07-01,eBay,CA,C-01019,DF-CREED-AVENTUS,Creed Aventus EDP 3.3 oz,Designer fragrance,1,290.58,290.58,244.0,46.58
EB-00509,2025-07-22,2025-07-01,eBay,CA,C-01020,DF-VERSACE-EROS,Versace Eros EDT 3.4 oz,Designer fragrance,1,60.64,60.64,46.0,14.64
EB-00510,2025-07-22,2025-07-01,eBay,TN,C-01021,DF-JPG-ELIXIR,Jean Paul Gaultier Le Male Elixir 4.2 oz,Designer fragrance,1,108.55,108.55,87.0,21.55
EB-00511,2025-07-22,2025-07-01,eBay,CA,C-01022,DF-PDM-DELINA,Parfums de Marly Delina EDP 2.5 oz,Designer fragrance,1,202.63,202.63,170.0,32.63
SH-00856,2025-07-22,2025-07-01,Shopify,NY,C-01023,CP-REFILL-30,"Car Perfume refill, 3 x 10 ml",Refills,1,14.99,14.99,3.15,11.84
SH-00857,2025-07-22,2025-07-01,Shopify,CO,C-00006,CP-REFILL-10,"Car Perfume refill, 10 ml",Refills,3,5.99,17.97,3.15,14.82
SH-00858,2025-07-22,2025-07-01,Shopify,CA,C-00122,CP-BOTTLE-CLASSIC,"Car Perfume bottle, Onyx, Chrome or Gold",Car Perfume,1,7.99,7.99,2.35,5.64
SH-00858,2025-07-22,2025-07-01,Shopify,CA,C-00122,CP-REFILL-10,"Car Perfume refill, 10 ml",Refills,2,5.99,11.98,2.1,9.88
SH-00859,2025-07-22,2025-07-01,Shopify,WA,C-01024,CP-REFILL-10,"Car Perfume refill, 10 ml",Refills,2,5.99,11.98,2.1,9.88
SH-00859,2025-07-22,2025-07-01,Shopify,WA,C-01024,CP-REFILL-30,"Car Perfume refill, 3 x 10 ml",Refills,1,14.99,14.99,3.15,11.84
SH-00860,2025-07-22,2025-07-01,Shopify,WA,C-01025,DF-PDM-LAYTON,Parfums de Marly Layton EDP 4.2 oz,Designer fragrance,1,189.13,189.13,148.0,41.13
EB-00512,2025-07-23,2025-07-01,eBay,WA,C-01024,CP-BOTTLE-COLOR,"Car Perfume bottle, color collection",Car Perfume,1,9.99,9.99,2.55,7.44
EB-00512,2025-07-23,2025-07-01,eBay,WA,C-01024,CP-REFILL-20,"Car Perfume refill, 2 x 10 ml",Refills,1,10.99,10.99,2.1,8.89
EB-00513,2025-07-23,2025-07-01,eBay,CA,C-01026,CP-REFILL-10,"Car Perfume refill, 10 ml",Refills,3,5.99,17.97,3.15,14.82
EB-00513,2025-07-23,2025-07-01,eBay,CA,C-01026,CP-REFILL-30,"Car Perfume refill, 3 x 10 ml",Refills,1,14.99,14.99,3.15,11.84
EB-00514,2025-07-23,2025-07-01,eBay,CA,C-01030,DF-DIOR-SAUVAGE,Dior Sauvage EDT 3.4 oz,Designer fragrance,1,92.48,92.48,76.0,16.48
SH-00861,2025-07-23,2025-07-01,Shopify,NY,C-01008,CP-BOTTLE-COLOR,"Car Perfume bottle, color collection",Car Perfume,1,9.99,9.99,2.55,7.44
SH-00862,2025-07-23,2025-07-01,Shopify,CA,C-01027,CP-REFILL-10,"Car Perfume refill, 10 ml",Refills,1,5.99,5.99,1.05,4.94
SH-00863,2025-07-23,2025-07-01,Shopify,NY,C-01028,DF-VERSACE-EROS,Versace Eros EDT 3.4 oz,Designer fragrance,1,62.78,62.78,46.0,16.78
SH-00864,2025-07-23,2025-07-01,Shopify,CO,C-01029,DF-JPG-ELIXIR,Jean Paul Gaultier Le Male Elixir 4.2 oz,Designer fragrance,1,108.8,108.8,87.0,21.8
EB-00515,2025-07-24,2025-07-01,eBay,NV,C-01031,DF-VAL-BIR,Valentino Born in Roma Uomo EDT 3.4 oz,Designer fragrance,1,94.56,94.56,76.0,18.56
EB-00516,2025-07-24,2025-07-01,eBay,NY,C-01032,DF-TF-OMBRE,Tom Ford Ombre Leather EDP 3.4 oz,Designer fragrance,1,114.85,114.85,93.0,21.85
EB-00517,2025-07-24,2025-07-01,eBay,CA,C-01033,DF-VAL-BIR,Valentino Born in Roma Uomo EDT 3.4 oz,Designer fragrance,1,99.33,99.33,76.0,23.33
EB-00518,2025-07-24,2025-07-01,eBay,CA,C-01034,DF-PDM-LAYTON,Parfums de Marly Layton EDP 4.2 oz,Designer fragrance,1,184.59,184.59,148.0,36.59
SH-00865,2025-07-24,2025-07-01,Shopify,FL,C-00885,CP-REFILL-10,"Car Perfume refill, 10 ml",Refills,1,5.99,5.99,1.05,4.94
SH-00866,2025-07-24,2025-07-01,Shopify,NJ,C-01035,CP-BOTTLE-CLASSIC,"Car Perfume bottle, Onyx, Chrome or Gold",Car Perfume,1,7.99,7.99,2.35,5.64
SH-00867,2025-07-24,2025-07-01,Shopify,CA,C-01036,CP-BOTTLE-CLASSIC,"Car Perfume bottle, Onyx, Chrome or Gold",Car Perfume,1,7.99,7.99,2.35,5.64
EB-00519,2025-07-25,2025-07-01,eBay,VA,C-01038,DF-PDM-LAYTON,Parfums de Marly Layton EDP 4.2 oz,Designer fragrance,1,190.16,190.16,148.0,42.16
EB-00520,2025-07-25,2025-07-01,eBay,NY,C-01032,DF-DIOR-SAUVAGE,Dior Sauvage EDT 3.4 oz,Designer fragrance,1,100.76,100.76,76.0,24.76
SH-00868,2025-07-25,2025-07-01,Shopify,OH,C-01037,CP-BOTTLE-COLOR,"Car Perfume bottle, color collection",Car Perfume,1,9.99,9.99,2.55,7.44
SH-00868,2025-07-25,2025-07-01,Shopify,OH,C-01037,CP-REFILL-10,"Car Perfume refill, 10 ml",Refills,1,5.99,5.99,1.05,4.94
SH-00869,2025-07-25,2025-07-01,Shopify,MA,C-01039,CP-BOTTLE-CLASSIC,"Car Perfume bottle, Onyx, Chrome or Gold",Car Perfume,1,7.99,7.99,2.35,5.64
SH-00869,2025-07-25,2025-07-01,Shopify,MA,C-01039,CP-REFILL-30,"Car Perfume refill, 3 x 10 ml",Refills,1,14.99,14.99,3.15,11.84
SH-00870,2025-07-25,2025-07-01,Shopify,AZ,C-01018,DF-TF-OMBRE,Tom Ford Ombre Leather EDP 3.4 oz,Designer fragrance,1,121.46,121.46,93.0,28.46
EB-00521,2025-07-26,2025-07-01,eBay,OR,C-01040,CP-BOTTLE-CLASSIC,"Car Perfume bottle, Onyx, Chrome or Gold",Car Perfume,1,7.99,7.99,2.35,5.64
EB-00522,2025-07-26,2025-07-01,eBay,CA,C-01041,CP-REFILL-20,"Car Perfume refill, 2 x 10 ml",Refills,1,10.99,10.99,2.1,8.89
EB-00523,2025-07-26,2025-07-01,eBay,NV,C-00898,CP-BOTTLE-CLASSIC,"Car Perfume bottle, Onyx, Chrome or Gold",Car Perfume,1,7.99,7.99,2.35,5.64
EB-00523,2025-07-26,2025-07-01,eBay,NV,C-00898,CP-REFILL-10,"Car Perfume refill, 10 ml",Refills,1,5.99,5.99,1.05,4.94
EB-00524,2025-07-26,2025-07-01,eBay,TN,C-01044,DF-PDM-LAYTON,Parfums de Marly Layton EDP 4.2 oz,Designer fragrance,1,178.54,178.54,148.0,30.54
SH-00871,2025-07-26,2025-07-01,Shopify,IL,C-01042,CP-REFILL-30,"Car Perfume refill, 3 x 10 ml",Refills,1,14.99,14.99,3.15,11.84
SH-00871,2025-07-26,2025-07-01,Shopify,IL,C-01042,CP-REFILL-10,"Car Perfume refill, 10 ml",Refills,1,5.99,5.99,1.05,4.94
SH-00872,2025-07-26,2025-07-01,Shopify,FL,C-01043,CP-REFILL-10,"Car Perfume refill, 10 ml",Refills,2,5.99,11.98,2.1,9.88
EB-00525,2025-07-27,2025-07-01,eBay,TN,C-01047,DF-PDM-LAYTON,Parfums de Marly Layton EDP 4.2 oz,Designer fragrance,1,180.23,180.23,148.0,32.23
EB-00526,2025-07-27,2025-07-01,eBay,TN,C-01048,CP-BOTTLE-CLASSIC,"Car Perfume bottle, Onyx, Chrome or Gold",Car Perfume,1,7.99,7.99,2.35,5.64
EB-00526,2025-07-27,2025-07-01,eBay,TN,C-01048,CP-REFILL-10,"Car Perfume refill, 10 ml",Refills,1,5.99,5.99,1.05,4.94
EB-00526,2025-07-27,2025-07-01,eBay,TN,C-01048,CP-REFILL-30,"Car Perfume refill, 3 x 10 ml",Refills,1,14.99,14.99,3.15,11.84
EB-00527,2025-07-27,2025-07-01,eBay,CA,C-00478,CP-BOTTLE-CLASSIC,"Car Perfume bottle, Onyx, Chrome or Gold",Car Perfume,1,7.99,7.99,2.35,5.64
EB-00528,2025-07-27,2025-07-01,eBay,CA,C-01049,DF-DIOR-SAUVAGE,Dior Sauvage EDT 3.4 oz,Designer fragrance,1,93.67,93.67,76.0,17.67
EB-00529,2025-07-27,2025-07-01,eBay,IL,C-01050,DF-XJ-ERBA,Xerjoff Erba Pura EDP 3.4 oz,Designer fragrance,1,160.99,160.99,133.0,27.99
EB-00529,2025-07-27,2025-07-01,eBay,IL,C-01050,DF-DIOR-SAUVAGE,Dior Sauvage EDT 3.4 oz,Designer fragrance,1,100.79,100.79,76.0,24.79
EB-00530,2025-07-27,2025-07-01,eBay,OR,C-00011,CP-REFILL-30,"Car Perfume refill, 3 x 10 ml",Refills,2,14.99,29.98,6.3,23.68
EB-00530,2025-07-27,2025-07-01,eBay,OR,C-00011,CP-REFILL-10,"Car Perfume refill, 10 ml",Refills,1,5.99,5.99,1.05,4.94
EB-00531,2025-07-27,2025-07-01,eBay,OR,C-01052,CP-BOTTLE-CLASSIC,"Car Perfume bottle, Onyx, Chrome or Gold",Car Perfume,1,7.99,7.99,2.35,5.64
EB-00532,2025-07-27,2025-07-01,eBay,IL,C-01053,DF-MFK-BR540,Maison Francis Kurkdjian Baccarat Rouge 540 EDP 2.4 oz,Designer fragrance,1,265.67,265.67,219.0,46.67
SH-00873,2025-07-27,2025-07-01,Shopify,MI,C-01045,DF-INITIO-OUD,Initio Oud for Greatness EDP 3.0 oz,Designer fragrance,1,215.1,215.1,169.0,46.1
SH-00874,2025-07-27,2025-07-01,Shopify,NV,C-01046,CP-REFILL-10,"Car Perfume refill, 10 ml",Refills,1,5.99,5.99,1.05,4.94
SH-00875,2025-07-27,2025-07-01,Shopify,OR,C-01051,CP-BOTTLE-COLOR,"Car Perfume bottle, color collection",Car Perfume,1,9.99,9.99,2.55,7.44
EB-00533,2025-07-28,2025-07-01,eBay,OH,C-01054,CP-REFILL-20,"Car Perfume refill, 2 x 10 ml",Refills,1,10.99,10.99,2.1,8.89
EB-00534,2025-07-28,2025-07-01,eBay,CA,C-00165,CP-REFILL-20,"Car Perfume refill, 2 x 10 ml",Refills,1,10.99,10.99,2.1,8.89
EB-00535,2025-07-28,2025-07-01,eBay,MD,C-01057,DF-XJ-ERBA,Xerjoff Erba Pura EDP 3.4 oz,Designer fragrance,1,160.73,160.73,133.0,27.73
SH-00876,2025-07-28,2025-07-01,Shopify,FL,C-01043,CP-REFILL-30,"Car Perfume refill, 3 x 10 ml",Refills,1,14.99,14.99,3.15,11.84
SH-00877,2025-07-28,2025-07-01,Shopify,NV,C-01055,CP-BOTTLE-CLASSIC,"Car Perfume bottle, Onyx, Chrome or Gold",Car Perfume,1,7.99,7.99,2.35,5.64
SH-00877,2025-07-28,2025-07-01,Shopify,NV,C-01055,CP-REFILL-10,"Car Perfume refill, 10 ml",Refills,1,5.99,5.99,1.05,4.94
SH-00877,2025-07-28,2025-07-01,Shopify,NV,C-01055,CP-REFILL-20,"Car Perfume refill, 2 x 10 ml",Refills,1,10.99,10.99,2.1,8.89
SH-00878,2025-07-28,2025-07-01,Shopify,CA,C-01056,CP-REFILL-20,"Car Perfume refill, 2 x 10 ml",Refills,2,10.99,21.98,4.2,17.78
SH-00878,2025-07-28,2025-07-01,Shopify,CA,C-01056,CP-REFILL-30,"Car Perfume refill, 3 x 10 ml",Refills,1,14.99,14.99,3.15,11.84
SH-00879,2025-07-28,2025-07-01,Shopify,TN,C-00845,CP-REFILL-10,"Car Perfume refill, 10 ml",Refills,2,5.99,11.98,2.1,9.88
EB-00536,2025-07-29,2025-07-01,eBay,TX,C-01058,DF-DIOR-SAUVAGE,Dior Sauvage EDT 3.4 oz,Designer fragrance,1,93.56,93.56,76.0,17.56
EB-00537,2025-07-29,2025-07-01,eBay,CA,C-01063,DF-PDM-LAYTON,Parfums de Marly Layton EDP 4.2 oz,Designer fragrance,1,176.88,176.88,148.0,28.88
SH-00880,2025-07-29,2025-07-01,Shopify,TX,C-01059,CP-REFILL-10,"Car Perfume refill, 10 ml",Refills,1,5.99,5.99,1.05,4.94
SH-00881,2025-07-29,2025-07-01,Shopify,AZ,C-00835,DF-JPG-ELIXIR,Jean Paul Gaultier Le Male Elixir 4.2 oz,Designer fragrance,1,111.88,111.88,87.0,24.88
SH-00882,2025-07-29,2025-07-01,Shopify,NY,C-01060,CP-BOTTLE-CLASSIC,"Car Perfume bottle, Onyx, Chrome or Gold",Car Perfume,1,7.99,7.99,2.35,5.64
SH-00883,2025-07-29,2025-07-01,Shopify,GA,C-01061,DF-JPG-ELIXIR,Jean Paul Gaultier Le Male Elixir 4.2 oz,Designer fragrance,1,106.2,106.2,87.0,19.2
SH-00884,2025-07-29,2025-07-01,Shopify,CA,C-01062,CP-BOTTLE-COLOR,"Car Perfume bottle, color collection",Car Perfume,1,9.99,9.99,2.55,7.44
SH-00884,2025-07-29,2025-07-01,Shopify,CA,C-01062,CP-REFILL-10,"Car Perfume refill, 10 ml",Refills,1,5.99,5.99,1.05,4.94
SH-00885,2025-07-29,2025-07-01,Shopify,MD,C-01064,CP-BOTTLE-COLOR,"Car Perfume bottle, color collection",Car Perfume,1,9.99,9.99,2.55,7.44
SH-00886,2025-07-29,2025-07-01,Shopify,FL,C-01065,CP-BOTTLE-CLASSIC,"Car Perfume bottle, Onyx, Chrome or Gold",Car Perfume,1,7.99,7.99,2.35,5.64
SH-00886,2025-07-29,2025-07-01,Shopify,FL,C-01065,CP-REFILL-30,"Car Perfume refill, 3 x 10 ml",Refills,1,14.99,14.99,3.15,11.84
EB-00538,2025-07-30,2025-07-01,eBay,VA,C-01067,DF-YSL-LIBRE,YSL Libre EDP 3.0 oz,Designer fragrance,1,100.67,100.67,82.0,18.67
SH-00887,2025-07-30,2025-07-01,Shopify,PA,C-01066,CP-BOTTLE-CLASSIC,"Car Perfume bottle, Onyx, Chrome or Gold",Car Perfume,1,7.99,7.99,2.35,5.64
SH-00888,2025-07-30,2025-07-01,Shopify,CA,C-00756,CP-REFILL-30,"Car Perfume refill, 3 x 10 ml",Refills,2,14.99,29.98,6.3,23.68
SH-00888,2025-07-30,2025-07-01,Shopify,CA,C-00756,CP-REFILL-10,"Car Perfume refill, 10 ml",Refills,1,5.99,5.99,1.05,4.94
SH-00889,2025-07-30,2025-07-01,Shopify,GA,C-00501,CP-REFILL-30,"Car Perfume refill, 3 x 10 ml",Refills,2,14.99,29.98,6.3,23.68
SH-00890,2025-07-30,2025-07-01,Shopify,AZ,C-01017,CP-BOTTLE-COLOR,"Car Perfume bottle, color collection",Car Perfume,1,9.99,9.99,2.55,7.44
EB-00539,2025-07-31,2025-07-01,eBay,CA,C-00248,DF-PDM-LAYTON,Parfums de Marly Layton EDP 4.2 oz,Designer fragrance,1,175.5,175.5,148.0,27.5
EB-00540,2025-07-31,2025-07-01,eBay,CA,C-00555,DF-YSL-LIBRE,YSL Libre EDP 3.0 oz,Designer fragrance,1,107.4,107.4,82.0,25.4
EB-00541,2025-07-31,2025-07-01,eBay,OR,C-01069,CP-REFILL-30,"Car Perfume refill, 3 x 10 ml",Refills,3,14.99,44.97,9.45,35.52
EB-00541,2025-07-31,2025-07-01,eBay,OR,C-01069,CP-REFILL-10,"Car Perfume refill, 10 ml",Refills,1,5.99,5.99,1.05,4.94
SH-00891,2025-07-31,2025-07-01,Shopify,WA,C-01068,CP-BOTTLE-COLOR,"Car Perfume bottle, color collection",Car Perfume,1,9.99,9.99,2.55,7.44
SH-00891,2025-07-31,2025-07-01,Shopify,WA,C-01068,CP-REFILL-20,"Car Perfume refill, 2 x 10 ml",Refills,1,10.99,10.99,2.1,8.89
SH-00891,2025-07-31,2025-07-01,Shopify,WA,C-01068,CP-REFILL-10,"Car Perfume refill, 10 ml",Refills,1,5.99,5.99,1.05,4.94
EB-00542,2025-08-01,2025-08-01,eBay,GA,C-01072,DF-CREED-AVENTUS,Creed Aventus EDP 3.3 oz,Designer fragrance,1,280.22,280.22,244.0,36.22
EB-00543,2025-08-01,2025-08-01,eBay,TX,C-01073,DF-INITIO-OUD,Initio Oud for Greatness EDP 3.0 oz,Designer fragrance,1,205.64,205.64,169.0,36.64
EB-00544,2025-08-01,2025-08-01,eBay,CA,C-01074,CP-BOTTLE-CLASSIC,"Car Perfume bottle, Onyx, Chrome or Gold",Car Perfume,1,7.99,7.99,2.35,5.64
EB-00545,2025-08-01,2025-08-01,eBay,CA,C-00220,CP-BOTTLE-COLOR,"Car Perfume bottle, color collection",Car Perfume,1,9.99,9.99,2.55,7.44
EB-00545,2025-08-01,2025-08-01,eBay,CA,C-00220,CP-REFILL-20,"Car Perfume refill, 2 x 10 ml",Refills,1,10.99,10.99,2.1,8.89
EB-00545,2025-08-01,2025-08-01,eBay,CA,C-00220,CP-REFILL-10,"Car Perfume refill, 10 ml",Refills,1,5.99,5.99,1.05,4.94
SH-00892,2025-08-01,2025-08-01,Shopify,CA,C-01070,CP-BOTTLE-CLASSIC,"Car Perfume bottle, Onyx, Chrome or Gold",Car Perfume,1,7.99,7.99,2.35,5.64
SH-00893,2025-08-01,2025-08-01,Shopify,CA,C-01071,DF-DIOR-SAUVAGE,Dior Sauvage EDT 3.4 oz,Designer fragrance,1,97.57,97.57,76.0,21.57
SH-00894,2025-08-01,2025-08-01,Shopify,MI,C-01045,DF-YSL-LIBRE,YSL Libre EDP 3.0 oz,Designer fragrance,1,99.69,99.69,82.0,17.69
SH-00895,2025-08-01,2025-08-01,Shopify,TX,C-01075,DF-CREED-AVENTUS,Creed Aventus EDP 3.3 oz,Designer fragrance,1,291.28,291.28,244.0,47.28
SH-00896,2025-08-01,2025-08-01,Shopify,TX,C-01076,CP-BOTTLE-CLASSIC,"Car Perfume bottle, Onyx, Chrome or Gold",Car Perfume,1,7.99,7.99,2.35,5.64
SH-00897,2025-08-01,2025-08-01,Shopify,NC,C-01077,CP-REFILL-20,"Car Perfume refill, 2 x 10 ml",Refills,1,10.99,10.99,2.1,8.89
SH-00897,2025-08-01,2025-08-01,Shopify,NC,C-01077,CP-REFILL-30,"Car Perfume refill, 3 x 10 ml",Refills,1,14.99,14.99,3.15,11.84
EB-00546,2025-08-02,2025-08-01,eBay,TX,C-01078,CP-BOTTLE-CLASSIC,"Car Perfume bottle, Onyx, Chrome or Gold",Car Perfume,1,7.99,7.99,2.35,5.64
EB-00547,2025-08-02,2025-08-01,eBay,MI,C-01079,DF-JPG-ELIXIR,Jean Paul Gaultier Le Male Elixir 4.2 oz,Designer fragrance,1,108.79,108.79,87.0,21.79
EB-00548,2025-08-02,2025-08-01,eBay,CA,C-01080,DF-PDM-LAYTON,Parfums de Marly Layton EDP 4.2 oz,Designer fragrance,1,183.83,183.83,148.0,35.83
EB-00549,2025-08-02,2025-08-01,eBay,TN,C-00918,DF-JPG-ELIXIR,Jean Paul Gaultier Le Male Elixir 4.2 oz,Designer fragrance,1,112.26,112.26,87.0,25.26
SH-00898,2025-08-02,2025-08-01,Shopify,OH,C-00990,CP-BOTTLE-CLASSIC,"Car Perfume bottle, Onyx, Chrome or Gold",Car Perfume,1,7.99,7.99,2.35,5.64
SH-00898,2025-08-02,2025-08-01,Shopify,OH,C-00990,CP-REFILL-10,"Car Perfume refill, 10 ml",Refills,2,5.99,11.98,2.1,9.88
SH-00898,2025-08-02,2025-08-01,Shopify,OH,C-00990,CP-REFILL-30,"Car Perfume refill, 3 x 10 ml",Refills,1,14.99,14.99,3.15,11.84
SH-00899,2025-08-02,2025-08-01,Shopify,CA,C-01081,DF-TF-OMBRE,Tom Ford Ombre Leather EDP 3.4 oz,Designer fragrance,1,117.17,117.17,93.0,24.17
SH-00900,2025-08-02,2025-08-01,Shopify,CA,C-01082,DF-JPG-ELIXIR,Jean Paul Gaultier Le Male Elixir 4.2 oz,Designer fragrance,1,111.85,111.85,87.0,24.85
SH-00901,2025-08-02,2025-08-01,Shopify,CA,C-01083,CP-BOTTLE-COLOR,"Car Perfume bottle, color collection",Car Perfume,1,9.99,9.99,2.55,7.44
SH-00902,2025-08-02,2025-08-01,Shopify,NV,C-00893,CP-BOTTLE-CLASSIC,"Car Perfume bottle, Onyx, Chrome or Gold",Car Perfume,1,7.99,7.99,2.35,5.64
SH-00902,2025-08-02,2025-08-01,Shopify,NV,C-00893,CP-REFILL-30,"Car Perfume refill, 3 x 10 ml",Refills,1,14.99,14.99,3.15,11.84
SH-00903,2025-08-02,2025-08-01,Shopify,FL,C-00231,CP-BOTTLE-COLOR,"Car Perfume bottle, color collection",Car Perfume,1,9.99,9.99,2.55,7.44
SH-00903,2025-08-02,2025-08-01,Shopify,FL,C-00231,CP-REFILL-10,"Car Perfume refill, 10 ml",Refills,1,5.99,5.99,1.05,4.94
EB-00550,2025-08-03,2025-08-01,eBay,OH,C-01084,DF-DIOR-SAUVAGE,Dior Sauvage EDT 3.4 oz,Designer fragrance,1,97.47,97.47,76.0,21.47
EB-00551,2025-08-03,2025-08-01,eBay,CO,C-01086,CP-BOTTLE-COLOR,"Car Perfume bottle, color collection",Car Perfume,1,9.99,9.99,2.55,7.44
EB-00551,2025-08-03,2025-08-01,eBay,CO,C-01086,CP-REFILL-10,"Car Perfume refill, 10 ml",Refills,2,5.99,11.98,2.1,9.88
EB-00552,2025-08-03,2025-08-01,eBay,CA,C-01087,DF-VERSACE-EROS,Versace Eros EDT 3.4 oz,Designer fragrance,1,60.27,60.27,46.0,14.27
EB-00553,2025-08-03,2025-08-01,eBay,CA,C-01088,DF-VAL-BIR,Valentino Born in Roma Uomo EDT 3.4 oz,Designer fragrance,1,93.98,93.98,76.0,17.98
SH-00904,2025-08-03,2025-08-01,Shopify,CA,C-01085,CP-REFILL-30,"Car Perfume refill, 3 x 10 ml",Refills,1,14.99,14.99,3.15,11.84
SH-00904,2025-08-03,2025-08-01,Shopify,CA,C-01085,CP-REFILL-10,"Car Perfume refill, 10 ml",Refills,1,5.99,5.99,1.05,4.94
EB-00554,2025-08-04,2025-08-01,eBay,MI,C-01092,DF-CREED-AVENTUS,Creed Aventus EDP 3.3 oz,Designer fragrance,1,296.77,296.77,244.0,52.77
EB-00555,2025-08-04,2025-08-01,eBay,AZ,C-01093,DF-CREED-AVENTUS,Creed Aventus EDP 3.3 oz,Designer fragrance,1,297.44,297.44,244.0,53.44
EB-00556,2025-08-04,2025-08-01,eBay,CO,C-01094,DF-TF-OMBRE,Tom Ford Ombre Leather EDP 3.4 oz,Designer fragrance,1,115.74,115.74,93.0,22.74
SH-00905,2025-08-04,2025-08-01,Shopify,AZ,C-01089,CP-BOTTLE-COLOR,"Car Perfume bottle, color collection",Car Perfume,1,9.99,9.99,2.55,7.44
SH-00905,2025-08-04,2025-08-01,Shopify,AZ,C-01089,CP-REFILL-10,"Car Perfume refill, 10 ml",Refills,2,5.99,11.98,2.1,9.88
SH-00905,2025-08-04,2025-08-01,Shopify,AZ,C-01089,CP-REFILL-20,"Car Perfume refill, 2 x 10 ml",Refills,1,10.99,10.99,2.1,8.89
SH-00906,2025-08-04,2025-08-01,Shopify,CA,C-01090,DF-PDM-LAYTON,Parfums de Marly Layton EDP 4.2 oz,Designer fragrance,1,174.04,174.04,148.0,26.04
SH-00907,2025-08-04,2025-08-01,Shopify,OR,C-01091,CP-BOTTLE-CLASSIC,"Car Perfume bottle, Onyx, Chrome or Gold",Car Perfume,1,7.99,7.99,2.35,5.64
SH-00907,2025-08-04,2025-08-01,Shopify,OR,C-01091,CP-REFILL-30,"Car Perfume refill, 3 x 10 ml",Refills,1,14.99,14.99,3.15,11.84
SH-00907,2025-08-04,2025-08-01,Shopify,OR,C-01091,CP-REFILL-10,"Car Perfume refill, 10 ml",Refills,1,5.99,5.99,1.05,4.94
SH-00908,2025-08-05,2025-08-01,Shopify,TN,C-01095,CP-REFILL-20,"Car Perfume refill, 2 x 10 ml",Refills,2,10.99,21.98,4.2,17.78
SH-00908,2025-08-05,2025-08-01,Shopify,TN,C-01095,CP-REFILL-10,"Car Perfume refill, 10 ml",Refills,2,5.99,11.98,2.1,9.88
SH-00909,2025-08-05,2025-08-01,Shopify,TX,C-01096,CP-REFILL-30,"Car Perfume refill, 3 x 10 ml",Refills,1,14.99,14.99,3.15,11.84
SH-00909,2025-08-05,2025-08-01,Shopify,TX,C-01096,CP-REFILL-10,"Car Perfume refill, 10 ml",Refills,1,5.99,5.99,1.05,4.94
EB-00557,2025-08-06,2025-08-01,eBay,IL,C-01098,DF-PDM-LAYTON,Parfums de Marly Layton EDP 4.2 oz,Designer fragrance,1,175.94,175.94,148.0,27.94
EB-00558,2025-08-06,2025-08-01,eBay,CA,C-01099,CP-REFILL-30,"Car Perfume refill, 3 x 10 ml",Refills,1,14.99,14.99,3.15,11.84
EB-00558,2025-08-06,2025-08-01,eBay,CA,C-01099,CP-REFILL-10,"Car Perfume refill, 10 ml",Refills,1,5.99,5.99,1.05,4.94
SH-00910,2025-08-06,2025-08-01,Shopify,CA,C-01097,CP-REFILL-10,"Car Perfume refill, 10 ml",Refills,1,5.99,5.99,1.05,4.94
EB-00559,2025-08-07,2025-08-01,eBay,TX,C-01101,CP-REFILL-20,"Car Perfume refill, 2 x 10 ml",Refills,1,10.99,10.99,2.1,8.89
EB-00559,2025-08-07,2025-08-01,eBay,TX,C-01101,CP-REFILL-30,"Car Perfume refill, 3 x 10 ml",Refills,2,14.99,29.98,6.3,23.68
SH-00911,2025-08-07,2025-08-01,Shopify,NY,C-01100,CP-BOTTLE-CLASSIC,"Car Perfume bottle, Onyx, Chrome or Gold",Car Perfume,1,7.99,7.99,2.35,5.64
EB-00560,2025-08-08,2025-08-01,eBay,GA,C-01103,DF-VERSACE-EROS,Versace Eros EDT 3.4 oz,Designer fragrance,1,58.74,58.74,46.0,12.74
SH-00912,2025-08-08,2025-08-01,Shopify,NY,C-00966,CP-BOTTLE-COLOR,"Car Perfume bottle, color collection",Car Perfume,1,9.99,9.99,2.55,7.44
SH-00912,2025-08-08,2025-08-01,Shopify,NY,C-00966,CP-REFILL-20,"Car Perfume refill, 2 x 10 ml",Refills,1,10.99,10.99,2.1,8.89
SH-00912,2025-08-08,2025-08-01,Shopify,NY,C-00966,CP-REFILL-10,"Car Perfume refill, 10 ml",Refills,1,5.99,5.99,1.05,4.94
SH-00913,2025-08-08,2025-08-01,Shopify,OH,C-01054,CP-BOTTLE-CLASSIC,"Car Perfume bottle, Onyx, Chrome or Gold",Car Perfume,1,7.99,7.99,2.35,5.64
SH-00913,2025-08-08,2025-08-01,Shopify,OH,C-01054,CP-REFILL-10,"Car Perfume refill, 10 ml",Refills,1,5.99,5.99,1.05,4.94
SH-00913,2025-08-08,2025-08-01,Shopify,OH,C-01054,CP-REFILL-30,"Car Perfume refill, 3 x 10 ml",Refills,1,14.99,14.99,3.15,11.84
SH-00914,2025-08-08,2025-08-01,Shopify,CA,C-01102,CP-REFILL-30,"Car Perfume refill, 3 x 10 ml",Refills,1,14.99,14.99,3.15,11.84
SH-00914,2025-08-08,2025-08-01,Shopify,CA,C-01102,CP-REFILL-10,"Car Perfume refill, 10 ml",Refills,3,5.99,17.97,3.15,14.82
SH-00915,2025-08-08,2025-08-01,Shopify,NY,C-00333,DF-VERSACE-EROS,Versace Eros EDT 3.4 oz,Designer fragrance,1,63.75,63.75,46.0,17.75
SH-00916,2025-08-08,2025-08-01,Shopify,FL,C-01104,DF-VAL-BIR,Valentino Born in Roma Uomo EDT 3.4 oz,Designer fragrance,1,94.27,94.27,76.0,18.27
EB-00561,2025-08-09,2025-08-01,eBay,NC,C-01107,CP-BOTTLE-CLASSIC,"Car Perfume bottle, Onyx, Chrome or Gold",Car Perfume,1,7.99,7.99,2.35,5.64
EB-00561,2025-08-09,2025-08-01,eBay,NC,C-01107,CP-REFILL-20,"Car Perfume refill, 2 x 10 ml",Refills,1,10.99,10.99,2.1,8.89
EB-00562,2025-08-09,2025-08-01,eBay,IL,C-01110,DF-INITIO-OUD,Initio Oud for Greatness EDP 3.0 oz,Designer fragrance,1,213.25,213.25,169.0,44.25
SH-00917,2025-08-09,2025-08-01,Shopify,MD,C-01105,CP-BOTTLE-CLASSIC,"Car Perfume bottle, Onyx, Chrome or Gold",Car Perfume,1,7.99,7.99,2.35,5.64
SH-00917,2025-08-09,2025-08-01,Shopify,MD,C-01105,CP-REFILL-20,"Car Perfume refill, 2 x 10 ml",Refills,1,10.99,10.99,2.1,8.89
SH-00918,2025-08-09,2025-08-01,Shopify,CA,C-01106,DF-INITIO-OUD,Initio Oud for Greatness EDP 3.0 oz,Designer fragrance,1,214.18,214.18,169.0,45.18
SH-00919,2025-08-09,2025-08-01,Shopify,CA,C-01108,CP-BOTTLE-CLASSIC,"Car Perfume bottle, Onyx, Chrome or Gold",Car Perfume,1,7.99,7.99,2.35,5.64
SH-00919,2025-08-09,2025-08-01,Shopify,CA,C-01108,CP-REFILL-10,"Car Perfume refill, 10 ml",Refills,1,5.99,5.99,1.05,4.94
SH-00920,2025-08-09,2025-08-01,Shopify,IL,C-00312,CP-BOTTLE-CLASSIC,"Car Perfume bottle, Onyx, Chrome or Gold",Car Perfume,1,7.99,7.99,2.35,5.64
SH-00920,2025-08-09,2025-08-01,Shopify,IL,C-00312,CP-REFILL-10,"Car Perfume refill, 10 ml",Refills,1,5.99,5.99,1.05,4.94
SH-00921,2025-08-09,2025-08-01,Shopify,CA,C-01109,CP-BOTTLE-CLASSIC,"Car Perfume bottle, Onyx, Chrome or Gold",Car Perfume,1,7.99,7.99,2.35,5.64
SH-00921,2025-08-09,2025-08-01,Shopify,CA,C-01109,CP-REFILL-20,"Car Perfume refill, 2 x 10 ml",Refills,1,10.99,10.99,2.1,8.89
EB-00563,2025-08-10,2025-08-01,eBay,MI,C-01112,DF-PDM-LAYTON,Parfums de Marly Layton EDP 4.2 oz,Designer fragrance,1,175.15,175.15,148.0,27.15
SH-00922,2025-08-10,2025-08-01,Shopify,MA,C-01111,CP-REFILL-10,"Car Perfume refill, 10 ml",Refills,1,5.99,5.99,1.05,4.94
SH-00923,2025-08-10,2025-08-01,Shopify,NC,C-01113,DF-CREED-AVENTUS,Creed Aventus EDP 3.3 oz,Designer fragrance,1,299.91,299.91,244.0,55.91
SH-00924,2025-08-10,2025-08-01,Shopify,OH,C-01054,CP-BOTTLE-CLASSIC,"Car Perfume bottle, Onyx, Chrome or Gold",Car Perfume,1,7.99,7.99,2.35,5.64
SH-00925,2025-08-10,2025-08-01,Shopify,CA,C-00548,CP-BOTTLE-CLASSIC,"Car Perfume bottle, Onyx, Chrome or Gold",Car Perfume,1,7.99,7.99,2.35,5.64
EB-00564,2025-08-11,2025-08-01,eBay,CA,C-00772,DF-YSL-LIBRE,YSL Libre EDP 3.0 oz,Designer fragrance,1,106.54,106.54,82.0,24.54
EB-00565,2025-08-11,2025-08-01,eBay,PA,C-01115,DF-PDM-LAYTON,Parfums de Marly Layton EDP 4.2 oz,Designer fragrance,1,186.52,186.52,148.0,38.52
EB-00566,2025-08-11,2025-08-01,eBay,IL,C-01050,DF-PDM-LAYTON,Parfums de Marly Layton EDP 4.2 oz,Designer fragrance,1,175.92,175.92,148.0,27.92
EB-00567,2025-08-11,2025-08-01,eBay,CA,C-01118,DF-JPG-ELIXIR,Jean Paul Gaultier Le Male Elixir 4.2 oz,Designer fragrance,1,114.5,114.5,87.0,27.5
EB-00568,2025-08-11,2025-08-01,eBay,CA,C-01121,DF-PDM-LAYTON,Parfums de Marly Layton EDP 4.2 oz,Designer fragrance,1,187.57,187.57,148.0,39.57
SH-00926,2025-08-11,2025-08-01,Shopify,CA,C-01114,DF-JPG-ELIXIR,Jean Paul Gaultier Le Male Elixir 4.2 oz,Designer fragrance,1,111.12,111.12,87.0,24.12
SH-00927,2025-08-11,2025-08-01,Shopify,OH,C-01054,CP-REFILL-20,"Car Perfume refill, 2 x 10 ml",Refills,1,10.99,10.99,2.1,8.89
SH-00928,2025-08-11,2025-08-01,Shopify,NY,C-01116,CP-BOTTLE-COLOR,"Car Perfume bottle, color collection",Car Perfume,1,9.99,9.99,2.55,7.44
SH-00929,2025-08-11,2025-08-01,Shopify,PA,C-01117,DF-VAL-BIR,Valentino Born in Roma Uomo EDT 3.4 oz,Designer fragrance,1,95.31,95.31,76.0,19.31
SH-00930,2025-08-11,2025-08-01,Shopify,NY,C-01119,CP-BOTTLE-CLASSIC,"Car Perfume bottle, Onyx, Chrome or Gold",Car Perfume,1,7.99,7.99,2.35,5.64
SH-00931,2025-08-11,2025-08-01,Shopify,GA,C-01120,CP-BOTTLE-COLOR,"Car Perfume bottle, color collection",Car Perfume,1,9.99,9.99,2.55,7.44
EB-00569,2025-08-12,2025-08-01,eBay,NC,C-01123,CP-REFILL-30,"Car Perfume refill, 3 x 10 ml",Refills,1,14.99,14.99,3.15,11.84
EB-00569,2025-08-12,2025-08-01,eBay,NC,C-01123,CP-REFILL-20,"Car Perfume refill, 2 x 10 ml",Refills,2,10.99,21.98,4.2,17.78
EB-00569,2025-08-12,2025-08-01,eBay,NC,C-01123,CP-REFILL-10,"Car Perfume refill, 10 ml",Refills,1,5.99,5.99,1.05,4.94
EB-00570,2025-08-12,2025-08-01,eBay,CA,C-01124,DF-PDM-LAYTON,Parfums de Marly Layton EDP 4.2 oz,Designer fragrance,1,185.46,185.46,148.0,37.46
SH-00932,2025-08-12,2025-08-01,Shopify,CA,C-01122,CP-REFILL-10,"Car Perfume refill, 10 ml",Refills,1,5.99,5.99,1.05,4.94
SH-00932,2025-08-12,2025-08-01,Shopify,CA,C-01122,CP-REFILL-30,"Car Perfume refill, 3 x 10 ml",Refills,1,14.99,14.99,3.15,11.84
SH-00932,2025-08-12,2025-08-01,Shopify,CA,C-01122,CP-REFILL-20,"Car Perfume refill, 2 x 10 ml",Refills,1,10.99,10.99,2.1,8.89
SH-00933,2025-08-12,2025-08-01,Shopify,PA,C-01125,CP-REFILL-20,"Car Perfume refill, 2 x 10 ml",Refills,2,10.99,21.98,4.2,17.78
EB-00571,2025-08-13,2025-08-01,eBay,TX,C-01126,DF-DIOR-SAUVAGE,Dior Sauvage EDT 3.4 oz,Designer fragrance,1,97.72,97.72,76.0,21.72
EB-00572,2025-08-13,2025-08-01,eBay,CA,C-01127,DF-PDM-LAYTON,Parfums de Marly Layton EDP 4.2 oz,Designer fragrance,1,182.07,182.07,148.0,34.07
EB-00572,2025-08-13,2025-08-01,eBay,CA,C-01127,DF-VAL-BIR,Valentino Born in Roma Uomo EDT 3.4 oz,Designer fragrance,1,100.88,100.88,76.0,24.88
SH-00934,2025-08-13,2025-08-01,Shopify,TX,C-00258,CP-BOTTLE-COLOR,"Car Perfume bottle, color collection",Car Perfume,1,9.99,9.99,2.55,7.44
SH-00935,2025-08-13,2025-08-01,Shopify,CA,C-00503,CP-BOTTLE-CLASSIC,"Car Perfume bottle, Onyx, Chrome or Gold",Car Perfume,1,7.99,7.99,2.35,5.64
SH-00935,2025-08-13,2025-08-01,Shopify,CA,C-00503,CP-REFILL-10,"Car Perfume refill, 10 ml",Refills,1,5.99,5.99,1.05,4.94
SH-00936,2025-08-13,2025-08-01,Shopify,NV,C-01012,CP-BOTTLE-COLOR,"Car Perfume bottle, color collection",Car Perfume,1,9.99,9.99,2.55,7.44
EB-00573,2025-08-14,2025-08-01,eBay,NY,C-01128,DF-MFK-BR540,Maison Francis Kurkdjian Baccarat Rouge 540 EDP 2.4 oz,Designer fragrance,1,265.77,265.77,219.0,46.77
EB-00574,2025-08-14,2025-08-01,eBay,CA,C-01130,DF-DIOR-SAUVAGE,Dior Sauvage EDT 3.4 oz,Designer fragrance,1,96.48,96.48,76.0,20.48
EB-00575,2025-08-14,2025-08-01,eBay,VA,C-01131,CP-REFILL-10,"Car Perfume refill, 10 ml",Refills,2,5.99,11.98,2.1,9.88
EB-00575,2025-08-14,2025-08-01,eBay,VA,C-01131,CP-REFILL-30,"Car Perfume refill, 3 x 10 ml",Refills,1,14.99,14.99,3.15,11.84
EB-00576,2025-08-14,2025-08-01,eBay,NY,C-01132,DF-CREED-AVENTUS,Creed Aventus EDP 3.3 oz,Designer fragrance,1,285.66,285.66,244.0,41.66
EB-00577,2025-08-14,2025-08-01,eBay,FL,C-01133,DF-TF-OMBRE,Tom Ford Ombre Leather EDP 3.4 oz,Designer fragrance,1,117.14,117.14,93.0,24.14
SH-00937,2025-08-14,2025-08-01,Shopify,NC,C-01129,CP-BOTTLE-COLOR,"Car Perfume bottle, color collection",Car Perfume,1,9.99,9.99,2.55,7.44
SH-00937,2025-08-14,2025-08-01,Shopify,NC,C-01129,CP-REFILL-10,"Car Perfume refill, 10 ml",Refills,1,5.99,5.99,1.05,4.94
SH-00938,2025-08-14,2025-08-01,Shopify,GA,C-01120,CP-REFILL-30,"Car Perfume refill, 3 x 10 ml",Refills,1,14.99,14.99,3.15,11.84
SH-00938,2025-08-14,2025-08-01,Shopify,GA,C-01120,CP-REFILL-10,"Car Perfume refill, 10 ml",Refills,2,5.99,11.98,2.1,9.88
SH-00938,2025-08-14,2025-08-01,Shopify,GA,C-01120,CP-REFILL-20,"Car Perfume refill, 2 x 10 ml",Refills,1,10.99,10.99,2.1,8.89
EB-00578,2025-08-15,2025-08-01,eBay,CA,C-01134,CP-REFILL-10,"Car Perfume refill, 10 ml",Refills,2,5.99,11.98,2.1,9.88
EB-00579,2025-08-15,2025-08-01,eBay,OR,C-01138,DF-TF-OMBRE,Tom Ford Ombre Leather EDP 3.4 oz,Designer fragrance,1,114.4,114.4,93.0,21.4
SH-00939,2025-08-15,2025-08-01,Shopify,FL,C-01135,DF-JPG-ELIXIR,Jean Paul Gaultier Le Male Elixir 4.2 oz,Designer fragrance,1,108.34,108.34,87.0,21.34
SH-00940,2025-08-15,2025-08-01,Shopify,CA,C-01136,DF-DIOR-SAUVAGE,Dior Sauvage EDT 3.4 oz,Designer fragrance,1,94.77,94.77,76.0,18.77
SH-00941,2025-08-15,2025-08-01,Shopify,CA,C-01137,CP-BOTTLE-CLASSIC,"Car Perfume bottle, Onyx, Chrome or Gold",Car Perfume,1,7.99,7.99,2.35,5.64
SH-00941,2025-08-15,2025-08-01,Shopify,CA,C-01137,CP-REFILL-30,"Car Perfume refill, 3 x 10 ml",Refills,1,14.99,14.99,3.15,11.84
EB-00580,2025-08-16,2025-08-01,eBay,NC,C-01139,DF-INITIO-OUD,Initio Oud for Greatness EDP 3.0 oz,Designer fragrance,1,213.8,213.8,169.0,44.8
EB-00581,2025-08-16,2025-08-01,eBay,WA,C-01144,DF-VERSACE-EROS,Versace Eros EDT 3.4 oz,Designer fragrance,1,61.37,61.37,46.0,15.37
SH-00942,2025-08-16,2025-08-01,Shopify,CA,C-01140,CP-BOTTLE-CLASSIC,"Car Perfume bottle, Onyx, Chrome or Gold",Car Perfume,1,7.99,7.99,2.35,5.64
SH-00942,2025-08-16,2025-08-01,Shopify,CA,C-01140,CP-REFILL-30,"Car Perfume refill, 3 x 10 ml",Refills,1,14.99,14.99,3.15,11.84
SH-00943,2025-08-16,2025-08-01,Shopify,AZ,C-01141,DF-JPG-ELIXIR,Jean Paul Gaultier Le Male Elixir 4.2 oz,Designer fragrance,1,113.63,113.63,87.0,26.63
SH-00944,2025-08-16,2025-08-01,Shopify,CA,C-01142,CP-BOTTLE-COLOR,"Car Perfume bottle, color collection",Car Perfume,1,9.99,9.99,2.55,7.44
SH-00944,2025-08-16,2025-08-01,Shopify,CA,C-01142,CP-REFILL-10,"Car Perfume refill, 10 ml",Refills,2,5.99,11.98,2.1,9.88
SH-00945,2025-08-16,2025-08-01,Shopify,NY,C-01143,CP-REFILL-10,"Car Perfume refill, 10 ml",Refills,1,5.99,5.99,1.05,4.94
EB-00582,2025-08-17,2025-08-01,eBay,CA,C-01145,DF-PDM-LAYTON,Parfums de Marly Layton EDP 4.2 oz,Designer fragrance,1,182.1,182.1,148.0,34.1
EB-00583,2025-08-17,2025-08-01,eBay,CA,C-01149,CP-REFILL-20,"Car Perfume refill, 2 x 10 ml",Refills,1,10.99,10.99,2.1,8.89
SH-00946,2025-08-17,2025-08-01,Shopify,FL,C-01146,CP-REFILL-30,"Car Perfume refill, 3 x 10 ml",Refills,2,14.99,29.98,6.3,23.68
SH-00946,2025-08-17,2025-08-01,Shopify,FL,C-01146,CP-REFILL-20,"Car Perfume refill, 2 x 10 ml",Refills,1,10.99,10.99,2.1,8.89
SH-00947,2025-08-17,2025-08-01,Shopify,WA,C-01147,CP-BOTTLE-CLASSIC,"Car Perfume bottle, Onyx, Chrome or Gold",Car Perfume,1,7.99,7.99,2.35,5.64
SH-00948,2025-08-17,2025-08-01,Shopify,MI,C-01148,CP-REFILL-10,"Car Perfume refill, 10 ml",Refills,2,5.99,11.98,2.1,9.88
EB-00584,2025-08-18,2025-08-01,eBay,NY,C-00739,CP-BOTTLE-CLASSIC,"Car Perfume bottle, Onyx, Chrome or Gold",Car Perfume,1,7.99,7.99,2.35,5.64
EB-00585,2025-08-18,2025-08-01,eBay,CA,C-01151,DF-TF-OMBRE,Tom Ford Ombre Leather EDP 3.4 oz,Designer fragrance,1,111.2,111.2,93.0,18.2
SH-00949,2025-08-18,2025-08-01,Shopify,NV,C-01150,CP-BOTTLE-COLOR,"Car Perfume bottle, color collection",Car Perfume,1,9.99,9.99,2.55,7.44
SH-00949,2025-08-18,2025-08-01,Shopify,NV,C-01150,CP-REFILL-10,"Car Perfume refill, 10 ml",Refills,1,5.99,5.99,1.05,4.94
SH-00950,2025-08-18,2025-08-01,Shopify,VA,C-01152,DF-XJ-ERBA,Xerjoff Erba Pura EDP 3.4 oz,Designer fragrance,1,155.77,155.77,133.0,22.77
SH-00951,2025-08-18,2025-08-01,Shopify,AZ,C-00926,CP-REFILL-20,"Car Perfume refill, 2 x 10 ml",Refills,1,10.99,10.99,2.1,8.89
SH-00951,2025-08-18,2025-08-01,Shopify,AZ,C-00926,CP-REFILL-10,"Car Perfume refill, 10 ml",Refills,2,5.99,11.98,2.1,9.88
EB-00586,2025-08-19,2025-08-01,eBay,TN,C-01154,DF-MFK-BR540,Maison Francis Kurkdjian Baccarat Rouge 540 EDP 2.4 oz,Designer fragrance,1,266.39,266.39,219.0,47.39
EB-00587,2025-08-19,2025-08-01,eBay,MI,C-01079,DF-PDM-LAYTON,Parfums de Marly Layton EDP 4.2 oz,Designer fragrance,1,188.2,188.2,148.0,40.2
EB-00588,2025-08-19,2025-08-01,eBay,CA,C-01155,CP-REFILL-10,"Car Perfume refill, 10 ml",Refills,1,5.99,5.99,1.05,4.94
EB-00589,2025-08-19,2025-08-01,eBay,AZ,C-01157,CP-REFILL-10,"Car Perfume refill, 10 ml",Refills,1,5.99,5.99,1.05,4.94
EB-00590,2025-08-19,2025-08-01,eBay,MD,C-01159,DF-TF-OMBRE,Tom Ford Ombre Leather EDP 3.4 oz,Designer fragrance,1,112.24,112.24,93.0,19.24
SH-00952,2025-08-19,2025-08-01,Shopify,VA,C-01153,CP-BOTTLE-COLOR,"Car Perfume bottle, color collection",Car Perfume,1,9.99,9.99,2.55,7.44
SH-00953,2025-08-19,2025-08-01,Shopify,CA,C-01156,DF-DIOR-SAUVAGE,Dior Sauvage EDT 3.4 oz,Designer fragrance,1,93.75,93.75,76.0,17.75
SH-00954,2025-08-19,2025-08-01,Shopify,CA,C-01158,CP-BOTTLE-CLASSIC,"Car Perfume bottle, Onyx, Chrome or Gold",Car Perfume,1,7.99,7.99,2.35,5.64
SH-00954,2025-08-19,2025-08-01,Shopify,CA,C-01158,CP-REFILL-20,"Car Perfume refill, 2 x 10 ml",Refills,1,10.99,10.99,2.1,8.89
SH-00954,2025-08-19,2025-08-01,Shopify,CA,C-01158,CP-REFILL-30,"Car Perfume refill, 3 x 10 ml",Refills,1,14.99,14.99,3.15,11.84
EB-00591,2025-08-20,2025-08-01,eBay,FL,C-01161,CP-REFILL-10,"Car Perfume refill, 10 ml",Refills,1,5.99,5.99,1.05,4.94
EB-00592,2025-08-20,2025-08-01,eBay,AZ,C-01164,DF-VAL-BIR,Valentino Born in Roma Uomo EDT 3.4 oz,Designer fragrance,1,99.37,99.37,76.0,23.37
SH-00955,2025-08-20,2025-08-01,Shopify,NY,C-01160,CP-BOTTLE-CLASSIC,"Car Perfume bottle, Onyx, Chrome or Gold",Car Perfume,1,7.99,7.99,2.35,5.64
SH-00955,2025-08-20,2025-08-01,Shopify,NY,C-01160,CP-REFILL-10,"Car Perfume refill, 10 ml",Refills,1,5.99,5.99,1.05,4.94
SH-00956,2025-08-20,2025-08-01,Shopify,NY,C-01162,DF-DIOR-SAUVAGE,Dior Sauvage EDT 3.4 oz,Designer fragrance,1,93.05,93.05,76.0,17.05
SH-00957,2025-08-20,2025-08-01,Shopify,WA,C-01163,CP-BOTTLE-COLOR,"Car Perfume bottle, color collection",Car Perfume,1,9.99,9.99,2.55,7.44
SH-00957,2025-08-20,2025-08-01,Shopify,WA,C-01163,CP-REFILL-10,"Car Perfume refill, 10 ml",Refills,1,5.99,5.99,1.05,4.94
SH-00957,2025-08-20,2025-08-01,Shopify,WA,C-01163,CP-REFILL-30,"Car Perfume refill, 3 x 10 ml",Refills,1,14.99,14.99,3.15,11.84
SH-00958,2025-08-20,2025-08-01,Shopify,NC,C-01165,DF-VERSACE-EROS,Versace Eros EDT 3.4 oz,Designer fragrance,1,61.92,61.92,46.0,15.92
EB-00593,2025-08-21,2025-08-01,eBay,TX,C-01170,DF-DIOR-SAUVAGE,Dior Sauvage EDT 3.4 oz,Designer fragrance,1,94.14,94.14,76.0,18.14
SH-00959,2025-08-21,2025-08-01,Shopify,NJ,C-01166,CP-REFILL-10,"Car Perfume refill, 10 ml",Refills,3,5.99,17.97,3.15,14.82
SH-00959,2025-08-21,2025-08-01,Shopify,NJ,C-01166,CP-REFILL-20,"Car Perfume refill, 2 x 10 ml",Refills,1,10.99,10.99,2.1,8.89
SH-00960,2025-08-21,2025-08-01,Shopify,AZ,C-01167,CP-BOTTLE-CLASSIC,"Car Perfume bottle, Onyx, Chrome or Gold",Car Perfume,1,7.99,7.99,2.35,5.64
SH-00960,2025-08-21,2025-08-01,Shopify,AZ,C-01167,CP-REFILL-10,"Car Perfume refill, 10 ml",Refills,1,5.99,5.99,1.05,4.94
SH-00961,2025-08-21,2025-08-01,Shopify,NC,C-01168,DF-JPG-ELIXIR,Jean Paul Gaultier Le Male Elixir 4.2 oz,Designer fragrance,1,106.8,106.8,87.0,19.8
SH-00962,2025-08-21,2025-08-01,Shopify,GA,C-01169,CP-REFILL-20,"Car Perfume refill, 2 x 10 ml",Refills,1,10.99,10.99,2.1,8.89
SH-00963,2025-08-21,2025-08-01,Shopify,CA,C-01171,CP-REFILL-10,"Car Perfume refill, 10 ml",Refills,1,5.99,5.99,1.05,4.94
SH-00964,2025-08-22,2025-08-01,Shopify,OR,C-01172,CP-BOTTLE-COLOR,"Car Perfume bottle, color collection",Car Perfume,1,9.99,9.99,2.55,7.44
SH-00965,2025-08-22,2025-08-01,Shopify,OR,C-01173,CP-REFILL-20,"Car Perfume refill, 2 x 10 ml",Refills,1,10.99,10.99,2.1,8.89
SH-00966,2025-08-22,2025-08-01,Shopify,NJ,C-01174,CP-REFILL-20,"Car Perfume refill, 2 x 10 ml",Refills,2,10.99,21.98,4.2,17.78
EB-00594,2025-08-23,2025-08-01,eBay,MI,C-01175,DF-JPG-ELIXIR,Jean Paul Gaultier Le Male Elixir 4.2 oz,Designer fragrance,1,113.75,113.75,87.0,26.75
EB-00595,2025-08-23,2025-08-01,eBay,TX,C-01176,DF-INITIO-OUD,Initio Oud for Greatness EDP 3.0 oz,Designer fragrance,1,200.72,200.72,169.0,31.72
EB-00596,2025-08-23,2025-08-01,eBay,FL,C-01178,DF-TF-OMBRE,Tom Ford Ombre Leather EDP 3.4 oz,Designer fragrance,1,112.0,112.0,93.0,19.0
EB-00597,2025-08-23,2025-08-01,eBay,CA,C-01000,CP-BOTTLE-CLASSIC,"Car Perfume bottle, Onyx, Chrome or Gold",Car Perfume,1,7.99,7.99,2.35,5.64
EB-00597,2025-08-23,2025-08-01,eBay,CA,C-01000,CP-REFILL-20,"Car Perfume refill, 2 x 10 ml",Refills,1,10.99,10.99,2.1,8.89
EB-00597,2025-08-23,2025-08-01,eBay,CA,C-01000,CP-REFILL-10,"Car Perfume refill, 10 ml",Refills,1,5.99,5.99,1.05,4.94
SH-00967,2025-08-23,2025-08-01,Shopify,CA,C-01062,CP-REFILL-30,"Car Perfume refill, 3 x 10 ml",Refills,1,14.99,14.99,3.15,11.84
SH-00968,2025-08-23,2025-08-01,Shopify,TX,C-01177,CP-BOTTLE-COLOR,"Car Perfume bottle, color collection",Car Perfume,1,9.99,9.99,2.55,7.44
SH-00968,2025-08-23,2025-08-01,Shopify,TX,C-01177,CP-REFILL-30,"Car Perfume refill, 3 x 10 ml",Refills,1,14.99,14.99,3.15,11.84
SH-00969,2025-08-23,2025-08-01,Shopify,OH,C-01054,CP-REFILL-20,"Car Perfume refill, 2 x 10 ml",Refills,1,10.99,10.99,2.1,8.89
SH-00970,2025-08-23,2025-08-01,Shopify,TX,C-01179,DF-PDM-DELINA,Parfums de Marly Delina EDP 2.5 oz,Designer fragrance,1,204.66,204.66,170.0,34.66
SH-00971,2025-08-23,2025-08-01,Shopify,NC,C-01139,DF-MFK-BR540,Maison Francis Kurkdjian Baccarat Rouge 540 EDP 2.4 oz,Designer fragrance,1,253.02,253.02,219.0,34.02
EB-00598,2025-08-24,2025-08-01,eBay,TN,C-01181,DF-VAL-BIR,Valentino Born in Roma Uomo EDT 3.4 oz,Designer fragrance,1,92.35,92.35,76.0,16.35
EB-00599,2025-08-24,2025-08-01,eBay,GA,C-01182,CP-REFILL-30,"Car Perfume refill, 3 x 10 ml",Refills,1,14.99,14.99,3.15,11.84
SH-00972,2025-08-24,2025-08-01,Shopify,WA,C-01180,DF-PDM-DELINA,Parfums de Marly Delina EDP 2.5 oz,Designer fragrance,1,215.81,215.81,170.0,45.81
SH-00973,2025-08-24,2025-08-01,Shopify,TX,C-01183,CP-REFILL-10,"Car Perfume refill, 10 ml",Refills,2,5.99,11.98,2.1,9.88
SH-00974,2025-08-24,2025-08-01,Shopify,GA,C-01184,CP-REFILL-10,"Car Perfume refill, 10 ml",Refills,2,5.99,11.98,2.1,9.88
SH-00975,2025-08-24,2025-08-01,Shopify,CA,C-01185,DF-YSL-LIBRE,YSL Libre EDP 3.0 oz,Designer fragrance,1,100.16,100.16,82.0,18.16
EB-00600,2025-08-25,2025-08-01,eBay,CA,C-01186,CP-BOTTLE-CLASSIC,"Car Perfume bottle, Onyx, Chrome or Gold",Car Perfume,1,7.99,7.99,2.35,5.64
EB-00601,2025-08-25,2025-08-01,eBay,NV,C-01189,DF-TF-OMBRE,Tom Ford Ombre Leather EDP 3.4 oz,Designer fragrance,1,119.92,119.92,93.0,26.92
SH-00976,2025-08-25,2025-08-01,Shopify,WA,C-00108,CP-BOTTLE-CLASSIC,"Car Perfume bottle, Onyx, Chrome or Gold",Car Perfume,1,7.99,7.99,2.35,5.64
SH-00976,2025-08-25,2025-08-01,Shopify,WA,C-00108,CP-REFILL-10,"Car Perfume refill, 10 ml",Refills,1,5.99,5.99,1.05,4.94
SH-00977,2025-08-25,2025-08-01,Shopify,CA,C-01187,CP-REFILL-10,"Car Perfume refill, 10 ml",Refills,2,5.99,11.98,2.1,9.88
SH-00977,2025-08-25,2025-08-01,Shopify,CA,C-01187,CP-REFILL-30,"Car Perfume refill, 3 x 10 ml",Refills,1,14.99,14.99,3.15,11.84
SH-00977,2025-08-25,2025-08-01,Shopify,CA,C-01187,CP-REFILL-20,"Car Perfume refill, 2 x 10 ml",Refills,1,10.99,10.99,2.1,8.89
SH-00978,2025-08-25,2025-08-01,Shopify,CA,C-01062,CP-REFILL-10,"Car Perfume refill, 10 ml",Refills,1,5.99,5.99,1.05,4.94
SH-00978,2025-08-25,2025-08-01,Shopify,CA,C-01062,CP-REFILL-30,"Car Perfume refill, 3 x 10 ml",Refills,1,14.99,14.99,3.15,11.84
SH-00979,2025-08-25,2025-08-01,Shopify,CA,C-01171,CP-REFILL-10,"Car Perfume refill, 10 ml",Refills,1,5.99,5.99,1.05,4.94
SH-00980,2025-08-25,2025-08-01,Shopify,NC,C-01188,DF-YSL-LIBRE,YSL Libre EDP 3.0 oz,Designer fragrance,1,104.52,104.52,82.0,22.52
SH-00981,2025-08-25,2025-08-01,Shopify,WA,C-01190,DF-VERSACE-EROS,Versace Eros EDT 3.4 oz,Designer fragrance,1,59.07,59.07,46.0,13.07
SH-00981,2025-08-25,2025-08-01,Shopify,WA,C-01190,DF-PDM-LAYTON,Parfums de Marly Layton EDP 4.2 oz,Designer fragrance,1,190.04,190.04,148.0,42.04
EB-00602,2025-08-26,2025-08-01,eBay,CA,C-01149,CP-REFILL-10,"Car Perfume refill, 10 ml",Refills,1,5.99,5.99,1.05,4.94
EB-00603,2025-08-26,2025-08-01,eBay,WA,C-01192,DF-JPG-ELIXIR,Jean Paul Gaultier Le Male Elixir 4.2 oz,Designer fragrance,1,114.64,114.64,87.0,27.64
EB-00604,2025-08-26,2025-08-01,eBay,TX,C-01193,DF-VAL-BIR,Valentino Born in Roma Uomo EDT 3.4 oz,Designer fragrance,1,94.82,94.82,76.0,18.82
EB-00605,2025-08-26,2025-08-01,eBay,CA,C-01062,CP-BOTTLE-CLASSIC,"Car Perfume bottle, Onyx, Chrome or Gold",Car Perfume,1,7.99,7.99,2.35,5.64
EB-00605,2025-08-26,2025-08-01,eBay,CA,C-01062,CP-REFILL-10,"Car Perfume refill, 10 ml",Refills,1,5.99,5.99,1.05,4.94
EB-00605,2025-08-26,2025-08-01,eBay,CA,C-01062,CP-REFILL-30,"Car Perfume refill, 3 x 10 ml",Refills,1,14.99,14.99,3.15,11.84
EB-00606,2025-08-26,2025-08-01,eBay,NC,C-01195,DF-PDM-LAYTON,Parfums de Marly Layton EDP 4.2 oz,Designer fragrance,1,185.33,185.33,148.0,37.33
SH-00982,2025-08-26,2025-08-01,Shopify,CA,C-01191,CP-REFILL-10,"Car Perfume refill, 10 ml",Refills,2,5.99,11.98,2.1,9.88
SH-00982,2025-08-26,2025-08-01,Shopify,CA,C-01191,CP-REFILL-20,"Car Perfume refill, 2 x 10 ml",Refills,1,10.99,10.99,2.1,8.89
SH-00983,2025-08-26,2025-08-01,Shopify,OR,C-01194,CP-BOTTLE-CLASSIC,"Car Perfume bottle, Onyx, Chrome or Gold",Car Perfume,1,7.99,7.99,2.35,5.64
SH-00983,2025-08-26,2025-08-01,Shopify,OR,C-01194,CP-REFILL-20,"Car Perfume refill, 2 x 10 ml",Refills,2,10.99,21.98,4.2,17.78
SH-00984,2025-08-26,2025-08-01,Shopify,CA,C-01196,DF-VERSACE-EROS,Versace Eros EDT 3.4 oz,Designer fragrance,1,63.52,63.52,46.0,17.52
SH-00985,2025-08-26,2025-08-01,Shopify,IL,C-01197,CP-REFILL-20,"Car Perfume refill, 2 x 10 ml",Refills,2,10.99,21.98,4.2,17.78
SH-00985,2025-08-26,2025-08-01,Shopify,IL,C-01197,CP-REFILL-30,"Car Perfume refill, 3 x 10 ml",Refills,1,14.99,14.99,3.15,11.84
SH-00985,2025-08-26,2025-08-01,Shopify,IL,C-01197,CP-REFILL-10,"Car Perfume refill, 10 ml",Refills,1,5.99,5.99,1.05,4.94
EB-00607,2025-08-27,2025-08-01,eBay,NY,C-01200,DF-PDM-LAYTON,Parfums de Marly Layton EDP 4.2 oz,Designer fragrance,1,180.35,180.35,148.0,32.35
SH-00986,2025-08-27,2025-08-01,Shopify,FL,C-01198,DF-PDM-LAYTON,Parfums de Marly Layton EDP 4.2 oz,Designer fragrance,1,182.8,182.8,148.0,34.8
SH-00987,2025-08-27,2025-08-01,Shopify,CA,C-01199,CP-BOTTLE-CLASSIC,"Car Perfume bottle, Onyx, Chrome or Gold",Car Perfume,1,7.99,7.99,2.35,5.64
SH-00987,2025-08-27,2025-08-01,Shopify,CA,C-01199,CP-REFILL-20,"Car Perfume refill, 2 x 10 ml",Refills,1,10.99,10.99,2.1,8.89
SH-00988,2025-08-27,2025-08-01,Shopify,NJ,C-01201,CP-BOTTLE-COLOR,"Car Perfume bottle, color collection",Car Perfume,1,9.99,9.99,2.55,7.44
SH-00988,2025-08-27,2025-08-01,Shopify,NJ,C-01201,CP-REFILL-10,"Car Perfume refill, 10 ml",Refills,1,5.99,5.99,1.05,4.94
SH-00989,2025-08-27,2025-08-01,Shopify,MA,C-01202,CP-BOTTLE-COLOR,"Car Perfume bottle, color collection",Car Perfume,1,9.99,9.99,2.55,7.44
SH-00990,2025-08-27,2025-08-01,Shopify,IL,C-01203,DF-INITIO-OUD,Initio Oud for Greatness EDP 3.0 oz,Designer fragrance,1,198.21,198.21,169.0,29.21
SH-00991,2025-08-27,2025-08-01,Shopify,NV,C-01204,CP-REFILL-10,"Car Perfume refill, 10 ml",Refills,1,5.99,5.99,1.05,4.94
EB-00608,2025-08-28,2025-08-01,eBay,FL,C-01205,CP-REFILL-10,"Car Perfume refill, 10 ml",Refills,1,5.99,5.99,1.05,4.94
EB-00609,2025-08-28,2025-08-01,eBay,TX,C-01206,DF-VERSACE-EROS,Versace Eros EDT 3.4 oz,Designer fragrance,1,61.79,61.79,46.0,15.79
EB-00610,2025-08-28,2025-08-01,eBay,TX,C-01208,DF-DIOR-SAUVAGE,Dior Sauvage EDT 3.4 oz,Designer fragrance,1,97.98,97.98,76.0,21.98
EB-00611,2025-08-28,2025-08-01,eBay,NY,C-00788,CP-BOTTLE-CLASSIC,"Car Perfume bottle, Onyx, Chrome or Gold",Car Perfume,1,7.99,7.99,2.35,5.64
SH-00992,2025-08-28,2025-08-01,Shopify,PA,C-01207,CP-BOTTLE-COLOR,"Car Perfume bottle, color collection",Car Perfume,1,9.99,9.99,2.55,7.44
SH-00992,2025-08-28,2025-08-01,Shopify,PA,C-01207,CP-REFILL-30,"Car Perfume refill, 3 x 10 ml",Refills,1,14.99,14.99,3.15,11.84
SH-00993,2025-08-28,2025-08-01,Shopify,CA,C-01209,CP-REFILL-30,"Car Perfume refill, 3 x 10 ml",Refills,1,14.99,14.99,3.15,11.84
SH-00993,2025-08-28,2025-08-01,Shopify,CA,C-01209,CP-REFILL-20,"Car Perfume refill, 2 x 10 ml",Refills,1,10.99,10.99,2.1,8.89
SH-00993,2025-08-28,2025-08-01,Shopify,CA,C-01209,CP-REFILL-10,"Car Perfume refill, 10 ml",Refills,2,5.99,11.98,2.1,9.88
EB-00612,2025-08-29,2025-08-01,eBay,CA,C-01211,CP-BOTTLE-CLASSIC,"Car Perfume bottle, Onyx, Chrome or Gold",Car Perfume,1,7.99,7.99,2.35,5.64
EB-00612,2025-08-29,2025-08-01,eBay,CA,C-01211,CP-REFILL-10,"Car Perfume refill, 10 ml",Refills,1,5.99,5.99,1.05,4.94
EB-00613,2025-08-29,2025-08-01,eBay,PA,C-01212,DF-YSL-LIBRE,YSL Libre EDP 3.0 oz,Designer fragrance,1,102.71,102.71,82.0,20.71
EB-00613,2025-08-29,2025-08-01,eBay,PA,C-01212,DF-TF-OMBRE,Tom Ford Ombre Leather EDP 3.4 oz,Designer fragrance,1,111.62,111.62,93.0,18.62
SH-00994,2025-08-29,2025-08-01,Shopify,TX,C-01210,CP-BOTTLE-CLASSIC,"Car Perfume bottle, Onyx, Chrome or Gold",Car Perfume,1,7.99,7.99,2.35,5.64
SH-00994,2025-08-29,2025-08-01,Shopify,TX,C-01210,CP-REFILL-30,"Car Perfume refill, 3 x 10 ml",Refills,1,14.99,14.99,3.15,11.84
SH-00995,2025-08-29,2025-08-01,Shopify,CA,C-00235,CP-REFILL-10,"Car Perfume refill, 10 ml",Refills,3,5.99,17.97,3.15,14.82
EB-00614,2025-08-30,2025-08-01,eBay,CA,C-01213,CP-BOTTLE-CLASSIC,"Car Perfume bottle, Onyx, Chrome or Gold",Car Perfume,1,7.99,7.99,2.35,5.64
EB-00615,2025-08-30,2025-08-01,eBay,WA,C-01217,DF-JPG-ELIXIR,Jean Paul Gaultier Le Male Elixir 4.2 oz,Designer fragrance,1,107.31,107.31,87.0,20.31
EB-00616,2025-08-30,2025-08-01,eBay,FL,C-01218,DF-DIOR-SAUVAGE,Dior Sauvage EDT 3.4 oz,Designer fragrance,1,98.26,98.26,76.0,22.26
SH-00996,2025-08-30,2025-08-01,Shopify,CO,C-01214,CP-BOTTLE-CLASSIC,"Car Perfume bottle, Onyx, Chrome or Gold",Car Perfume,1,7.99,7.99,2.35,5.64
SH-00997,2025-08-30,2025-08-01,Shopify,NV,C-01215,DF-DIOR-SAUVAGE,Dior Sauvage EDT 3.4 oz,Designer fragrance,1,98.05,98.05,76.0,22.05
SH-00998,2025-08-30,2025-08-01,Shopify,CA,C-01216,CP-BOTTLE-COLOR,"Car Perfume bottle, color collection",Car Perfume,1,9.99,9.99,2.55,7.44
SH-00998,2025-08-30,2025-08-01,Shopify,CA,C-01216,CP-REFILL-10,"Car Perfume refill, 10 ml",Refills,1,5.99,5.99,1.05,4.94
SH-00999,2025-08-30,2025-08-01,Shopify,FL,C-01146,CP-REFILL-10,"Car Perfume refill, 10 ml",Refills,2,5.99,11.98,2.1,9.88
EB-00617,2025-08-31,2025-08-01,eBay,TX,C-01219,CP-REFILL-30,"Car Perfume refill, 3 x 10 ml",Refills,1,14.99,14.99,3.15,11.84
EB-00618,2025-08-31,2025-08-01,eBay,FL,C-01221,CP-BOTTLE-COLOR,"Car Perfume bottle, color collection",Car Perfume,1,9.99,9.99,2.55,7.44
EB-00619,2025-08-31,2025-08-01,eBay,NV,C-01222,DF-DIOR-SAUVAGE,Dior Sauvage EDT 3.4 oz,Designer fragrance,1,95.05,95.05,76.0,19.05
SH-01000,2025-08-31,2025-08-01,Shopify,NV,C-01204,CP-REFILL-10,"Car Perfume refill, 10 ml",Refills,2,5.99,11.98,2.1,9.88
SH-01000,2025-08-31,2025-08-01,Shopify,NV,C-01204,CP-REFILL-20,"Car Perfume refill, 2 x 10 ml",Refills,2,10.99,21.98,4.2,17.78
SH-01001,2025-08-31,2025-08-01,Shopify,CA,C-01220,CP-BOTTLE-CLASSIC,"Car Perfume bottle, Onyx, Chrome or Gold",Car Perfume,1,7.99,7.99,2.35,5.64
SH-01001,2025-08-31,2025-08-01,Shopify,CA,C-01220,CP-REFILL-20,"Car Perfume refill, 2 x 10 ml",Refills,1,10.99,10.99,2.1,8.89
SH-01001,2025-08-31,2025-08-01,Shopify,CA,C-01220,CP-REFILL-30,"Car Perfume refill, 3 x 10 ml",Refills,1,14.99,14.99,3.15,11.84
SH-01002,2025-08-31,2025-08-01,Shopify,TX,C-01002,DF-VERSACE-EROS,Versace Eros EDT 3.4 oz,Designer fragrance,1,61.63,61.63,46.0,15.63
EB-00620,2025-09-01,2025-09-01,eBay,NY,C-01226,DF-VAL-BIR,Valentino Born in Roma Uomo EDT 3.4 oz,Designer fragrance,1,100.82,100.82,76.0,24.82
SH-01003,2025-09-01,2025-09-01,Shopify,CA,C-01223,CP-BOTTLE-COLOR,"Car Perfume bottle, color collection",Car Perfume,1,9.99,9.99,2.55,7.44
SH-01003,2025-09-01,2025-09-01,Shopify,CA,C-01223,CP-REFILL-10,"Car Perfume refill, 10 ml",Refills,2,5.99,11.98,2.1,9.88
SH-01004,2025-09-01,2025-09-01,Shopify,AZ,C-01224,CP-BOTTLE-CLASSIC,"Car Perfume bottle, Onyx, Chrome or Gold",Car Perfume,1,7.99,7.99,2.35,5.64
SH-01004,2025-09-01,2025-09-01,Shopify,AZ,C-01224,CP-REFILL-30,"Car Perfume refill, 3 x 10 ml",Refills,1,14.99,14.99,3.15,11.84
SH-01005,2025-09-01,2025-09-01,Shopify,FL,C-01225,CP-REFILL-20,"Car Perfume refill, 2 x 10 ml",Refills,1,10.99,10.99,2.1,8.89
SH-01005,2025-09-01,2025-09-01,Shopify,FL,C-01225,CP-REFILL-10,"Car Perfume refill, 10 ml",Refills,1,5.99,5.99,1.05,4.94
SH-01005,2025-09-01,2025-09-01,Shopify,FL,C-01225,CP-REFILL-30,"Car Perfume refill, 3 x 10 ml",Refills,1,14.99,14.99,3.15,11.84
SH-01006,2025-09-02,2025-09-01,Shopify,FL,C-01225,CP-REFILL-20,"Car Perfume refill, 2 x 10 ml",Refills,2,10.99,21.98,4.2,17.78
SH-01006,2025-09-02,2025-09-01,Shopify,FL,C-01225,CP-REFILL-10,"Car Perfume refill, 10 ml",Refills,1,5.99,5.99,1.05,4.94
SH-01006,2025-09-02,2025-09-01,Shopify,FL,C-01225,CP-REFILL-30,"Car Perfume refill, 3 x 10 ml",Refills,1,14.99,14.99,3.15,11.84
SH-01007,2025-09-02,2025-09-01,Shopify,IL,C-01004,CP-REFILL-20,"Car Perfume refill, 2 x 10 ml",Refills,1,10.99,10.99,2.1,8.89
SH-01007,2025-09-02,2025-09-01,Shopify,IL,C-01004,CP-REFILL-10,"Car Perfume refill, 10 ml",Refills,3,5.99,17.97,3.15,14.82
SH-01008,2025-09-02,2025-09-01,Shopify,CA,C-00213,CP-BOTTLE-CLASSIC,"Car Perfume bottle, Onyx, Chrome or Gold",Car Perfume,1,7.99,7.99,2.35,5.64
SH-01008,2025-09-02,2025-09-01,Shopify,CA,C-00213,CP-REFILL-20,"Car Perfume refill, 2 x 10 ml",Refills,1,10.99,10.99,2.1,8.89
SH-01008,2025-09-02,2025-09-01,Shopify,CA,C-00213,CP-REFILL-10,"Car Perfume refill, 10 ml",Refills,1,5.99,5.99,1.05,4.94
SH-01009,2025-09-02,2025-09-01,Shopify,CO,C-00372,CP-REFILL-30,"Car Perfume refill, 3 x 10 ml",Refills,3,14.99,44.97,9.45,35.52
SH-01010,2025-09-02,2025-09-01,Shopify,CO,C-00372,CP-BOTTLE-CLASSIC,"Car Perfume bottle, Onyx, Chrome or Gold",Car Perfume,1,7.99,7.99,2.35,5.64
SH-01011,2025-09-02,2025-09-01,Shopify,MD,C-01159,DF-JPG-ELIXIR,Jean Paul Gaultier Le Male Elixir 4.2 oz,Designer fragrance,1,112.66,112.66,87.0,25.66
SH-01012,2025-09-02,2025-09-01,Shopify,CA,C-01227,CP-REFILL-10,"Car Perfume refill, 10 ml",Refills,1,5.99,5.99,1.05,4.94
EB-00621,2025-09-03,2025-09-01,eBay,TN,C-00052,CP-REFILL-10,"Car Perfume refill, 10 ml",Refills,1,5.99,5.99,1.05,4.94
EB-00621,2025-09-03,2025-09-01,eBay,TN,C-00052,CP-REFILL-20,"Car Perfume refill, 2 x 10 ml",Refills,1,10.99,10.99,2.1,8.89
EB-00622,2025-09-03,2025-09-01,eBay,CA,C-01229,DF-JPG-ELIXIR,Jean Paul Gaultier Le Male Elixir 4.2 oz,Designer fragrance,1,106.28,106.28,87.0,19.28
SH-01013,2025-09-03,2025-09-01,Shopify,CA,C-01228,CP-BOTTLE-CLASSIC,"Car Perfume bottle, Onyx, Chrome or Gold",Car Perfume,1,7.99,7.99,2.35,5.64
SH-01013,2025-09-03,2025-09-01,Shopify,CA,C-01228,CP-REFILL-30,"Car Perfume refill, 3 x 10 ml",Refills,1,14.99,14.99,3.15,11.84
SH-01013,2025-09-03,2025-09-01,Shopify,CA,C-01228,CP-REFILL-10,"Car Perfume refill, 10 ml",Refills,1,5.99,5.99,1.05,4.94
SH-01014,2025-09-03,2025-09-01,Shopify,WA,C-01230,DF-VAL-BIR,Valentino Born in Roma Uomo EDT 3.4 oz,Designer fragrance,1,100.18,100.18,76.0,24.18
EB-00623,2025-09-04,2025-09-01,eBay,TX,C-01233,DF-VAL-BIR,Valentino Born in Roma Uomo EDT 3.4 oz,Designer fragrance,1,97.37,97.37,76.0,21.37
EB-00624,2025-09-04,2025-09-01,eBay,PA,C-01234,DF-TF-OMBRE,Tom Ford Ombre Leather EDP 3.4 oz,Designer fragrance,1,120.4,120.4,93.0,27.4
SH-01015,2025-09-04,2025-09-01,Shopify,CA,C-01231,CP-REFILL-30,"Car Perfume refill, 3 x 10 ml",Refills,2,14.99,29.98,6.3,23.68
SH-01015,2025-09-04,2025-09-01,Shopify,CA,C-01231,CP-REFILL-10,"Car Perfume refill, 10 ml",Refills,1,5.99,5.99,1.05,4.94
SH-01016,2025-09-04,2025-09-01,Shopify,NY,C-01232,CP-BOTTLE-COLOR,"Car Perfume bottle, color collection",Car Perfume,1,9.99,9.99,2.55,7.44
SH-01016,2025-09-04,2025-09-01,Shopify,NY,C-01232,CP-REFILL-30,"Car Perfume refill, 3 x 10 ml",Refills,2,14.99,29.98,6.3,23.68
SH-01017,2025-09-04,2025-09-01,Shopify,PA,C-00706,CP-REFILL-10,"Car Perfume refill, 10 ml",Refills,1,5.99,5.99,1.05,4.94
SH-01018,2025-09-04,2025-09-01,Shopify,CA,C-01231,CP-REFILL-20,"Car Perfume refill, 2 x 10 ml",Refills,2,10.99,21.98,4.2,17.78
SH-01018,2025-09-04,2025-09-01,Shopify,CA,C-01231,CP-REFILL-30,"Car Perfume refill, 3 x 10 ml",Refills,1,14.99,14.99,3.15,11.84
SH-01019,2025-09-04,2025-09-01,Shopify,CA,C-01216,CP-REFILL-30,"Car Perfume refill, 3 x 10 ml",Refills,2,14.99,29.98,6.3,23.68
SH-01019,2025-09-04,2025-09-01,Shopify,CA,C-01216,CP-REFILL-10,"Car Perfume refill, 10 ml",Refills,1,5.99,5.99,1.05,4.94
SH-01019,2025-09-04,2025-09-01,Shopify,CA,C-01216,CP-REFILL-20,"Car Perfume refill, 2 x 10 ml",Refills,1,10.99,10.99,2.1,8.89
SH-01020,2025-09-04,2025-09-01,Shopify,FL,C-01235,CP-BOTTLE-COLOR,"Car Perfume bottle, color collection",Car Perfume,1,9.99,9.99,2.55,7.44
SH-01020,2025-09-04,2025-09-01,Shopify,FL,C-01235,CP-REFILL-20,"Car Perfume refill, 2 x 10 ml",Refills,2,10.99,21.98,4.2,17.78
EB-00625,2025-09-05,2025-09-01,eBay,CA,C-01237,DF-PDM-LAYTON,Parfums de Marly Layton EDP 4.2 oz,Designer fragrance,1,185.28,185.28,148.0,37.28
EB-00626,2025-09-05,2025-09-01,eBay,CA,C-01238,DF-PDM-LAYTON,Parfums de Marly Layton EDP 4.2 oz,Designer fragrance,1,187.48,187.48,148.0,39.48
SH-01021,2025-09-05,2025-09-01,Shopify,NV,C-01236,CP-REFILL-10,"Car Perfume refill, 10 ml",Refills,1,5.99,5.99,1.05,4.94
SH-01022,2025-09-05,2025-09-01,Shopify,OR,C-00037,CP-BOTTLE-COLOR,"Car Perfume bottle, color collection",Car Perfume,1,9.99,9.99,2.55,7.44
SH-01022,2025-09-05,2025-09-01,Shopify,OR,C-00037,CP-REFILL-30,"Car Perfume refill, 3 x 10 ml",Refills,1,14.99,14.99,3.15,11.84
SH-01023,2025-09-05,2025-09-01,Shopify,TX,C-01183,CP-REFILL-10,"Car Perfume refill, 10 ml",Refills,1,5.99,5.99,1.05,4.94
SH-01023,2025-09-05,2025-09-01,Shopify,TX,C-01183,CP-REFILL-20,"Car Perfume refill, 2 x 10 ml",Refills,1,10.99,10.99,2.1,8.89
SH-01024,2025-09-05,2025-09-01,Shopify,OR,C-01051,CP-BOTTLE-CLASSIC,"Car Perfume bottle, Onyx, Chrome or Gold",Car Perfume,1,7.99,7.99,2.35,5.64
SH-01024,2025-09-05,2025-09-01,Shopify,OR,C-01051,CP-REFILL-20,"Car Perfume refill, 2 x 10 ml",Refills,1,10.99,10.99,2.1,8.89
EB-00627,2025-09-06,2025-09-01,eBay,NJ,C-01239,DF-CREED-AVENTUS,Creed Aventus EDP 3.3 oz,Designer fragrance,1,284.7,284.7,244.0,40.7
EB-00628,2025-09-06,2025-09-01,eBay,NJ,C-01240,CP-REFILL-10,"Car Perfume refill, 10 ml",Refills,1,5.99,5.99,1.05,4.94
EB-00629,2025-09-06,2025-09-01,eBay,NY,C-01242,DF-PDM-LAYTON,Parfums de Marly Layton EDP 4.2 oz,Designer fragrance,1,182.0,182.0,148.0,34.0
SH-01025,2025-09-06,2025-09-01,Shopify,FL,C-00254,CP-REFILL-10,"Car Perfume refill, 10 ml",Refills,1,5.99,5.99,1.05,4.94
SH-01025,2025-09-06,2025-09-01,Shopify,FL,C-00254,CP-REFILL-30,"Car Perfume refill, 3 x 10 ml",Refills,1,14.99,14.99,3.15,11.84
SH-01026,2025-09-06,2025-09-01,Shopify,CA,C-01241,CP-BOTTLE-COLOR,"Car Perfume bottle, color collection",Car Perfume,1,9.99,9.99,2.55,7.44
SH-01027,2025-09-06,2025-09-01,Shopify,CA,C-00588,CP-BOTTLE-COLOR,"Car Perfume bottle, color collection",Car Perfume,1,9.99,9.99,2.55,7.44
SH-01028,2025-09-06,2025-09-01,Shopify,NY,C-01242,DF-DIOR-SAUVAGE,Dior Sauvage EDT 3.4 oz,Designer fragrance,1,92.97,92.97,76.0,16.97
EB-00630,2025-09-07,2025-09-01,eBay,TX,C-01247,DF-PDM-DELINA,Parfums de Marly Delina EDP 2.5 oz,Designer fragrance,1,203.32,203.32,170.0,33.32
EB-00631,2025-09-07,2025-09-01,eBay,TX,C-01248,DF-VERSACE-EROS,Versace Eros EDT 3.4 oz,Designer fragrance,1,59.54,59.54,46.0,13.54
EB-00632,2025-09-07,2025-09-01,eBay,NY,C-01249,CP-REFILL-20,"Car Perfume refill, 2 x 10 ml",Refills,1,10.99,10.99,2.1,8.89
SH-01029,2025-09-07,2025-09-01,Shopify,TN,C-00479,CP-BOTTLE-CLASSIC,"Car Perfume bottle, Onyx, Chrome or Gold",Car Perfume,1,7.99,7.99,2.35,5.64
SH-01030,2025-09-07,2025-09-01,Shopify,AZ,C-01243,DF-PDM-DELINA,Parfums de Marly Delina EDP 2.5 oz,Designer fragrance,1,204.3,204.3,170.0,34.3
SH-01031,2025-09-07,2025-09-01,Shopify,CA,C-01244,CP-BOTTLE-CLASSIC,"Car Perfume bottle, Onyx, Chrome or Gold",Car Perfume,1,7.99,7.99,2.35,5.64
SH-01032,2025-09-07,2025-09-01,Shopify,FL,C-01245,DF-TF-OMBRE,Tom Ford Ombre Leather EDP 3.4 oz,Designer fragrance,1,116.5,116.5,93.0,23.5
SH-01033,2025-09-07,2025-09-01,Shopify,NY,C-01246,CP-BOTTLE-CLASSIC,"Car Perfume bottle, Onyx, Chrome or Gold",Car Perfume,1,7.99,7.99,2.35,5.64
SH-01034,2025-09-07,2025-09-01,Shopify,PA,C-01250,DF-VAL-BIR,Valentino Born in Roma Uomo EDT 3.4 oz,Designer fragrance,1,97.14,97.14,76.0,21.14
SH-01035,2025-09-07,2025-09-01,Shopify,FL,C-01251,CP-REFILL-10,"Car Perfume refill, 10 ml",Refills,1,5.99,5.99,1.05,4.94
SH-01035,2025-09-07,2025-09-01,Shopify,FL,C-01251,CP-REFILL-20,"Car Perfume refill, 2 x 10 ml",Refills,1,10.99,10.99,2.1,8.89
EB-00633,2025-09-08,2025-09-01,eBay,NY,C-01252,DF-VERSACE-EROS,Versace Eros EDT 3.4 oz,Designer fragrance,1,63.55,63.55,46.0,17.55
EB-00634,2025-09-08,2025-09-01,eBay,OR,C-01255,CP-BOTTLE-COLOR,"Car Perfume bottle, color collection",Car Perfume,1,9.99,9.99,2.55,7.44
EB-00635,2025-09-08,2025-09-01,eBay,NC,C-01256,DF-PDM-LAYTON,Parfums de Marly Layton EDP 4.2 oz,Designer fragrance,1,187.34,187.34,148.0,39.34
SH-01036,2025-09-08,2025-09-01,Shopify,CA,C-01209,CP-BOTTLE-CLASSIC,"Car Perfume bottle, Onyx, Chrome or Gold",Car Perfume,1,7.99,7.99,2.35,5.64
SH-01036,2025-09-08,2025-09-01,Shopify,CA,C-01209,CP-REFILL-10,"Car Perfume refill, 10 ml",Refills,1,5.99,5.99,1.05,4.94
SH-01037,2025-09-08,2025-09-01,Shopify,CA,C-01253,CP-REFILL-20,"Car Perfume refill, 2 x 10 ml",Refills,1,10.99,10.99,2.1,8.89
SH-01037,2025-09-08,2025-09-01,Shopify,CA,C-01253,CP-REFILL-10,"Car Perfume refill, 10 ml",Refills,2,5.99,11.98,2.1,9.88
SH-01038,2025-09-08,2025-09-01,Shopify,CA,C-01228,CP-BOTTLE-COLOR,"Car Perfume bottle, color collection",Car Perfume,1,9.99,9.99,2.55,7.44
SH-01038,2025-09-08,2025-09-01,Shopify,CA,C-01228,CP-REFILL-10,"Car Perfume refill, 10 ml",Refills,1,5.99,5.99,1.05,4.94
SH-01039,2025-09-08,2025-09-01,Shopify,CA,C-01254,DF-DIOR-SAUVAGE,Dior Sauvage EDT 3.4 oz,Designer fragrance,1,92.46,92.46,76.0,16.46
EB-00636,2025-09-09,2025-09-01,eBay,OH,C-01261,CP-BOTTLE-COLOR,"Car Perfume bottle, color collection",Car Perfume,1,9.99,9.99,2.55,7.44
EB-00636,2025-09-09,2025-09-01,eBay,OH,C-01261,CP-REFILL-30,"Car Perfume refill, 3 x 10 ml",Refills,1,14.99,14.99,3.15,11.84
EB-00637,2025-09-09,2025-09-01,eBay,CA,C-01263,DF-VAL-BIR,Valentino Born in Roma Uomo EDT 3.4 oz,Designer fragrance,1,94.3,94.3,76.0,18.3
SH-01040,2025-09-09,2025-09-01,Shopify,FL,C-01257,DF-VAL-BIR,Valentino Born in Roma Uomo EDT 3.4 oz,Designer fragrance,1,99.4,99.4,76.0,23.4
SH-01041,2025-09-09,2025-09-01,Shopify,IL,C-00020,CP-BOTTLE-CLASSIC,"Car Perfume bottle, Onyx, Chrome or Gold",Car Perfume,1,7.99,7.99,2.35,5.64
SH-01041,2025-09-09,2025-09-01,Shopify,IL,C-00020,CP-REFILL-10,"Car Perfume refill, 10 ml",Refills,1,5.99,5.99,1.05,4.94
SH-01041,2025-09-09,2025-09-01,Shopify,IL,C-00020,CP-REFILL-20,"Car Perfume refill, 2 x 10 ml",Refills,1,10.99,10.99,2.1,8.89
SH-01042,2025-09-09,2025-09-01,Shopify,NJ,C-01258,DF-DIOR-SAUVAGE,Dior Sauvage EDT 3.4 oz,Designer fragrance,1,98.54,98.54,76.0,22.54
SH-01043,2025-09-09,2025-09-01,Shopify,NJ,C-01259,DF-XJ-ERBA,Xerjoff Erba Pura EDP 3.4 oz,Designer fragrance,1,160.13,160.13,133.0,27.13
SH-01044,2025-09-09,2025-09-01,Shopify,NJ,C-00874,CP-BOTTLE-CLASSIC,"Car Perfume bottle, Onyx, Chrome or Gold",Car Perfume,1,7.99,7.99,2.35,5.64
SH-01045,2025-09-09,2025-09-01,Shopify,IL,C-01260,CP-REFILL-10,"Car Perfume refill, 10 ml",Refills,2,5.99,11.98,2.1,9.88
SH-01045,2025-09-09,2025-09-01,Shopify,IL,C-01260,CP-REFILL-20,"Car Perfume refill, 2 x 10 ml",Refills,2,10.99,21.98,4.2,17.78
SH-01046,2025-09-09,2025-09-01,Shopify,CA,C-01262,DF-DIOR-SAUVAGE,Dior Sauvage EDT 3.4 oz,Designer fragrance,1,98.28,98.28,76.0,22.28
EB-00638,2025-09-10,2025-09-01,eBay,OH,C-01264,CP-BOTTLE-CLASSIC,"Car Perfume bottle, Onyx, Chrome or Gold",Car Perfume,1,7.99,7.99,2.35,5.64
EB-00638,2025-09-10,2025-09-01,eBay,OH,C-01264,CP-REFILL-30,"Car Perfume refill, 3 x 10 ml",Refills,2,14.99,29.98,6.3,23.68
EB-00639,2025-09-10,2025-09-01,eBay,PA,C-01268,DF-YSL-LIBRE,YSL Libre EDP 3.0 oz,Designer fragrance,1,107.74,107.74,82.0,25.74
SH-01047,2025-09-10,2025-09-01,Shopify,MI,C-01265,CP-REFILL-10,"Car Perfume refill, 10 ml",Refills,2,5.99,11.98,2.1,9.88
SH-01048,2025-09-10,2025-09-01,Shopify,CA,C-01266,DF-DIOR-SAUVAGE,Dior Sauvage EDT 3.4 oz,Designer fragrance,1,100.17,100.17,76.0,24.17
SH-01049,2025-09-10,2025-09-01,Shopify,AZ,C-01267,CP-REFILL-20,"Car Perfume refill, 2 x 10 ml",Refills,1,10.99,10.99,2.1,8.89
SH-01050,2025-09-10,2025-09-01,Shopify,NV,C-01046,CP-BOTTLE-COLOR,"Car Perfume bottle, color collection",Car Perfume,1,9.99,9.99,2.55,7.44
SH-01050,2025-09-10,2025-09-01,Shopify,NV,C-01046,CP-REFILL-10,"Car Perfume refill, 10 ml",Refills,1,5.99,5.99,1.05,4.94
SH-01050,2025-09-10,2025-09-01,Shopify,NV,C-01046,CP-REFILL-30,"Car Perfume refill, 3 x 10 ml",Refills,1,14.99,14.99,3.15,11.84
SH-01051,2025-09-10,2025-09-01,Shopify,FL,C-01269,CP-REFILL-10,"Car Perfume refill, 10 ml",Refills,1,5.99,5.99,1.05,4.94
SH-01051,2025-09-10,2025-09-01,Shopify,FL,C-01269,CP-REFILL-30,"Car Perfume refill, 3 x 10 ml",Refills,1,14.99,14.99,3.15,11.84
SH-01052,2025-09-10,2025-09-01,Shopify,CA,C-01270,CP-BOTTLE-CLASSIC,"Car Perfume bottle, Onyx, Chrome or Gold",Car Perfume,1,7.99,7.99,2.35,5.64
SH-01052,2025-09-10,2025-09-01,Shopify,CA,C-01270,CP-REFILL-20,"Car Perfume refill, 2 x 10 ml",Refills,1,10.99,10.99,2.1,8.89
SH-01052,2025-09-10,2025-09-01,Shopify,CA,C-01270,CP-REFILL-30,"Car Perfume refill, 3 x 10 ml",Refills,1,14.99,14.99,3.15,11.84
EB-00640,2025-09-11,2025-09-01,eBay,CA,C-01273,DF-PDM-LAYTON,Parfums de Marly Layton EDP 4.2 oz,Designer fragrance,1,187.77,187.77,148.0,39.77
SH-01053,2025-09-11,2025-09-01,Shopify,CA,C-01223,CP-REFILL-30,"Car Perfume refill, 3 x 10 ml",Refills,1,14.99,14.99,3.15,11.84
SH-01054,2025-09-11,2025-09-01,Shopify,CA,C-01223,CP-REFILL-10,"Car Perfume refill, 10 ml",Refills,2,5.99,11.98,2.1,9.88
SH-01055,2025-09-11,2025-09-01,Shopify,NV,C-01046,CP-BOTTLE-CLASSIC,"Car Perfume bottle, Onyx, Chrome or Gold",Car Perfume,1,7.99,7.99,2.35,5.64
SH-01056,2025-09-11,2025-09-01,Shopify,CA,C-01271,CP-BOTTLE-CLASSIC,"Car Perfume bottle, Onyx, Chrome or Gold",Car Perfume,1,7.99,7.99,2.35,5.64
SH-01056,2025-09-11,2025-09-01,Shopify,CA,C-01271,CP-REFILL-20,"Car Perfume refill, 2 x 10 ml",Refills,1,10.99,10.99,2.1,8.89
SH-01057,2025-09-11,2025-09-01,Shopify,NJ,C-01272,DF-PDM-LAYTON,Parfums de Marly Layton EDP 4.2 oz,Designer fragrance,1,183.54,183.54,148.0,35.54
SH-01058,2025-09-11,2025-09-01,Shopify,MI,C-01274,CP-BOTTLE-COLOR,"Car Perfume bottle, color collection",Car Perfume,1,9.99,9.99,2.55,7.44
SH-01058,2025-09-11,2025-09-01,Shopify,MI,C-01274,CP-REFILL-10,"Car Perfume refill, 10 ml",Refills,1,5.99,5.99,1.05,4.94
SH-01059,2025-09-11,2025-09-01,Shopify,CA,C-01109,CP-REFILL-10,"Car Perfume refill, 10 ml",Refills,1,5.99,5.99,1.05,4.94
EB-00641,2025-09-12,2025-09-01,eBay,NY,C-01276,DF-VERSACE-EROS,Versace Eros EDT 3.4 oz,Designer fragrance,1,62.51,62.51,46.0,16.51
EB-00642,2025-09-12,2025-09-01,eBay,CA,C-01278,DF-JPG-ELIXIR,Jean Paul Gaultier Le Male Elixir 4.2 oz,Designer fragrance,1,107.5,107.5,87.0,20.5
EB-00643,2025-09-12,2025-09-01,eBay,CA,C-00480,CP-REFILL-20,"Car Perfume refill, 2 x 10 ml",Refills,1,10.99,10.99,2.1,8.89
EB-00644,2025-09-12,2025-09-01,eBay,AZ,C-01279,DF-PDM-LAYTON,Parfums de Marly Layton EDP 4.2 oz,Designer fragrance,1,178.31,178.31,148.0,30.31
SH-01060,2025-09-12,2025-09-01,Shopify,CA,C-01227,CP-BOTTLE-COLOR,"Car Perfume bottle, color collection",Car Perfume,1,9.99,9.99,2.55,7.44
SH-01060,2025-09-12,2025-09-01,Shopify,CA,C-01227,CP-REFILL-30,"Car Perfume refill, 3 x 10 ml",Refills,1,14.99,14.99,3.15,11.84
SH-01061,2025-09-12,2025-09-01,Shopify,CA,C-01275,DF-VAL-BIR,Valentino Born in Roma Uomo EDT 3.4 oz,Designer fragrance,1,97.75,97.75,76.0,21.75
SH-01062,2025-09-12,2025-09-01,Shopify,CA,C-01244,CP-REFILL-10,"Car Perfume refill, 10 ml",Refills,2,5.99,11.98,2.1,9.88
SH-01062,2025-09-12,2025-09-01,Shopify,CA,C-01244,CP-REFILL-20,"Car Perfume refill, 2 x 10 ml",Refills,1,10.99,10.99,2.1,8.89
SH-01063,2025-09-12,2025-09-01,Shopify,TX,C-01277,CP-REFILL-10,"Car Perfume refill, 10 ml",Refills,1,5.99,5.99,1.05,4.94
SH-01063,2025-09-12,2025-09-01,Shopify,TX,C-01277,CP-REFILL-20,"Car Perfume refill, 2 x 10 ml",Refills,1,10.99,10.99,2.1,8.89
EB-00645,2025-09-13,2025-09-01,eBay,MA,C-01280,DF-VERSACE-EROS,Versace Eros EDT 3.4 oz,Designer fragrance,1,60.23,60.23,46.0,14.23
EB-00646,2025-09-13,2025-09-01,eBay,CA,C-01271,CP-BOTTLE-COLOR,"Car Perfume bottle, color collection",Car Perfume,1,9.99,9.99,2.55,7.44
EB-00647,2025-09-13,2025-09-01,eBay,OH,C-00904,DF-YSL-LIBRE,YSL Libre EDP 3.0 oz,Designer fragrance,1,102.34,102.34,82.0,20.34
EB-00648,2025-09-13,2025-09-01,eBay,CA,C-01282,DF-CREED-AVENTUS,Creed Aventus EDP 3.3 oz,Designer fragrance,1,290.7,290.7,244.0,46.7
SH-01064,2025-09-13,2025-09-01,Shopify,NC,C-00810,CP-REFILL-10,"Car Perfume refill, 10 ml",Refills,1,5.99,5.99,1.05,4.94
SH-01064,2025-09-13,2025-09-01,Shopify,NC,C-00810,CP-REFILL-20,"Car Perfume refill, 2 x 10 ml",Refills,1,10.99,10.99,2.1,8.89
SH-01065,2025-09-13,2025-09-01,Shopify,CA,C-01281,CP-REFILL-20,"Car Perfume refill, 2 x 10 ml",Refills,1,10.99,10.99,2.1,8.89
SH-01066,2025-09-13,2025-09-01,Shopify,TN,C-01283,CP-REFILL-30,"Car Perfume refill, 3 x 10 ml",Refills,1,14.99,14.99,3.15,11.84
SH-01067,2025-09-13,2025-09-01,Shopify,CA,C-01284,DF-XJ-ERBA,Xerjoff Erba Pura EDP 3.4 oz,Designer fragrance,1,163.55,163.55,133.0,30.55
EB-00649,2025-09-14,2025-09-01,eBay,TN,C-01286,DF-VERSACE-EROS,Versace Eros EDT 3.4 oz,Designer fragrance,1,61.64,61.64,46.0,15.64
EB-00650,2025-09-14,2025-09-01,eBay,CA,C-01288,DF-XJ-ERBA,Xerjoff Erba Pura EDP 3.4 oz,Designer fragrance,1,157.15,157.15,133.0,24.15
EB-00651,2025-09-14,2025-09-01,eBay,NC,C-01290,DF-JPG-ELIXIR,Jean Paul Gaultier Le Male Elixir 4.2 oz,Designer fragrance,1,111.79,111.79,87.0,24.79
SH-01068,2025-09-14,2025-09-01,Shopify,OH,C-01285,CP-REFILL-10,"Car Perfume refill, 10 ml",Refills,2,5.99,11.98,2.1,9.88
SH-01068,2025-09-14,2025-09-01,Shopify,OH,C-01285,CP-REFILL-20,"Car Perfume refill, 2 x 10 ml",Refills,1,10.99,10.99,2.1,8.89
SH-01069,2025-09-14,2025-09-01,Shopify,CA,C-01287,CP-BOTTLE-COLOR,"Car Perfume bottle, color collection",Car Perfume,1,9.99,9.99,2.55,7.44
SH-01069,2025-09-14,2025-09-01,Shopify,CA,C-01287,CP-REFILL-10,"Car Perfume refill, 10 ml",Refills,1,5.99,5.99,1.05,4.94
SH-01070,2025-09-14,2025-09-01,Shopify,CA,C-01289,CP-REFILL-10,"Car Perfume refill, 10 ml",Refills,1,5.99,5.99,1.05,4.94
SH-01070,2025-09-14,2025-09-01,Shopify,CA,C-01289,CP-REFILL-20,"Car Perfume refill, 2 x 10 ml",Refills,1,10.99,10.99,2.1,8.89
SH-01071,2025-09-14,2025-09-01,Shopify,CO,C-00255,CP-BOTTLE-COLOR,"Car Perfume bottle, color collection",Car Perfume,1,9.99,9.99,2.55,7.44
SH-01071,2025-09-14,2025-09-01,Shopify,CO,C-00255,CP-REFILL-10,"Car Perfume refill, 10 ml",Refills,1,5.99,5.99,1.05,4.94
EB-00652,2025-09-15,2025-09-01,eBay,MD,C-01295,DF-VAL-BIR,Valentino Born in Roma Uomo EDT 3.4 oz,Designer fragrance,1,93.23,93.23,76.0,17.23
EB-00653,2025-09-15,2025-09-01,eBay,NY,C-01299,DF-DIOR-SAUVAGE,Dior Sauvage EDT 3.4 oz,Designer fragrance,1,94.53,94.53,76.0,18.53
EB-00654,2025-09-15,2025-09-01,eBay,CA,C-01300,DF-INITIO-OUD,Initio Oud for Greatness EDP 3.0 oz,Designer fragrance,1,209.07,209.07,169.0,40.07
EB-00655,2025-09-15,2025-09-01,eBay,IL,C-01301,DF-XJ-ERBA,Xerjoff Erba Pura EDP 3.4 oz,Designer fragrance,1,155.2,155.2,133.0,22.2
SH-01072,2025-09-15,2025-09-01,Shopify,CA,C-01291,CP-REFILL-10,"Car Perfume refill, 10 ml",Refills,1,5.99,5.99,1.05,4.94
SH-01072,2025-09-15,2025-09-01,Shopify,CA,C-01291,CP-REFILL-20,"Car Perfume refill, 2 x 10 ml",Refills,1,10.99,10.99,2.1,8.89
SH-01072,2025-09-15,2025-09-01,Shopify,CA,C-01291,CP-REFILL-30,"Car Perfume refill, 3 x 10 ml",Refills,1,14.99,14.99,3.15,11.84
SH-01073,2025-09-15,2025-09-01,Shopify,NY,C-01292,CP-REFILL-10,"Car Perfume refill, 10 ml",Refills,3,5.99,17.97,3.15,14.82
SH-01073,2025-09-15,2025-09-01,Shopify,NY,C-01292,CP-REFILL-20,"Car Perfume refill, 2 x 10 ml",Refills,1,10.99,10.99,2.1,8.89
SH-01074,2025-09-15,2025-09-01,Shopify,CA,C-01293,CP-REFILL-30,"Car Perfume refill, 3 x 10 ml",Refills,1,14.99,14.99,3.15,11.84
SH-01074,2025-09-15,2025-09-01,Shopify,CA,C-01293,CP-REFILL-10,"Car Perfume refill, 10 ml",Refills,1,5.99,5.99,1.05,4.94
SH-01075,2025-09-15,2025-09-01,Shopify,NV,C-01046,CP-BOTTLE-CLASSIC,"Car Perfume bottle, Onyx, Chrome or Gold",Car Perfume,1,7.99,7.99,2.35,5.64
SH-01075,2025-09-15,2025-09-01,Shopify,NV,C-01046,CP-REFILL-10,"Car Perfume refill, 10 ml",Refills,1,5.99,5.99,1.05,4.94
SH-01075,2025-09-15,2025-09-01,Shopify,NV,C-01046,CP-REFILL-30,"Car Perfume refill, 3 x 10 ml",Refills,1,14.99,14.99,3.15,11.84
SH-01076,2025-09-15,2025-09-01,Shopify,VA,C-01294,DF-VERSACE-EROS,Versace Eros EDT 3.4 oz,Designer fragrance,1,63.51,63.51,46.0,17.51
SH-01077,2025-09-15,2025-09-01,Shopify,TX,C-00744,CP-REFILL-30,"Car Perfume refill, 3 x 10 ml",Refills,1,14.99,14.99,3.15,11.84
SH-01078,2025-09-15,2025-09-01,Shopify,WA,C-01296,DF-DIOR-SAUVAGE,Dior Sauvage EDT 3.4 oz,Designer fragrance,1,97.91,97.91,76.0,21.91
SH-01079,2025-09-15,2025-09-01,Shopify,CA,C-01297,CP-BOTTLE-CLASSIC,"Car Perfume bottle, Onyx, Chrome or Gold",Car Perfume,1,7.99,7.99,2.35,5.64
SH-01079,2025-09-15,2025-09-01,Shopify,CA,C-01297,CP-REFILL-30,"Car Perfume refill, 3 x 10 ml",Refills,2,14.99,29.98,6.3,23.68
SH-01080,2025-09-15,2025-09-01,Shopify,FL,C-01298,CP-BOTTLE-CLASSIC,"Car Perfume bottle, Onyx, Chrome or Gold",Car Perfume,1,7.99,7.99,2.35,5.64
SH-01080,2025-09-15,2025-09-01,Shopify,FL,C-01298,CP-REFILL-30,"Car Perfume refill, 3 x 10 ml",Refills,1,14.99,14.99,3.15,11.84
EB-00656,2025-09-16,2025-09-01,eBay,WA,C-01303,DF-VERSACE-EROS,Versace Eros EDT 3.4 oz,Designer fragrance,1,58.83,58.83,46.0,12.83
EB-00657,2025-09-16,2025-09-01,eBay,TX,C-01304,DF-YSL-LIBRE,YSL Libre EDP 3.0 oz,Designer fragrance,1,99.35,99.35,82.0,17.35
EB-00657,2025-09-16,2025-09-01,eBay,TX,C-01304,DF-VERSACE-EROS,Versace Eros EDT 3.4 oz,Designer fragrance,1,62.69,62.69,46.0,16.69
EB-00658,2025-09-16,2025-09-01,eBay,NY,C-00678,DF-VERSACE-EROS,Versace Eros EDT 3.4 oz,Designer fragrance,1,60.57,60.57,46.0,14.57
EB-00659,2025-09-16,2025-09-01,eBay,OR,C-01308,DF-CREED-AVENTUS,Creed Aventus EDP 3.3 oz,Designer fragrance,1,296.4,296.4,244.0,52.4
SH-01081,2025-09-16,2025-09-01,Shopify,TN,C-01302,CP-BOTTLE-CLASSIC,"Car Perfume bottle, Onyx, Chrome or Gold",Car Perfume,1,7.99,7.99,2.35,5.64
SH-01082,2025-09-16,2025-09-01,Shopify,MD,C-01305,CP-BOTTLE-COLOR,"Car Perfume bottle, color collection",Car Perfume,1,9.99,9.99,2.55,7.44
SH-01082,2025-09-16,2025-09-01,Shopify,MD,C-01305,CP-REFILL-10,"Car Perfume refill, 10 ml",Refills,1,5.99,5.99,1.05,4.94
SH-01083,2025-09-16,2025-09-01,Shopify,TX,C-01306,DF-TF-OMBRE,Tom Ford Ombre Leather EDP 3.4 oz,Designer fragrance,1,113.16,113.16,93.0,20.16
SH-01084,2025-09-16,2025-09-01,Shopify,IL,C-01307,CP-BOTTLE-CLASSIC,"Car Perfume bottle, Onyx, Chrome or Gold",Car Perfume,1,7.99,7.99,2.35,5.64
SH-01084,2025-09-16,2025-09-01,Shopify,IL,C-01307,CP-REFILL-10,"Car Perfume refill, 10 ml",Refills,1,5.99,5.99,1.05,4.94
EB-00660,2025-09-17,2025-09-01,eBay,FL,C-01298,CP-BOTTLE-COLOR,"Car Perfume bottle, color collection",Car Perfume,1,9.99,9.99,2.55,7.44
EB-00661,2025-09-17,2025-09-01,eBay,CA,C-01311,CP-BOTTLE-CLASSIC,"Car Perfume bottle, Onyx, Chrome or Gold",Car Perfume,1,7.99,7.99,2.35,5.64
EB-00661,2025-09-17,2025-09-01,eBay,CA,C-01311,CP-REFILL-30,"Car Perfume refill, 3 x 10 ml",Refills,1,14.99,14.99,3.15,11.84
SH-01085,2025-09-17,2025-09-01,Shopify,VA,C-01309,CP-BOTTLE-COLOR,"Car Perfume bottle, color collection",Car Perfume,1,9.99,9.99,2.55,7.44
SH-01086,2025-09-17,2025-09-01,Shopify,CA,C-00753,CP-REFILL-30,"Car Perfume refill, 3 x 10 ml",Refills,2,14.99,29.98,6.3,23.68
SH-01086,2025-09-17,2025-09-01,Shopify,CA,C-00753,CP-REFILL-10,"Car Perfume refill, 10 ml",Refills,1,5.99,5.99,1.05,4.94
SH-01087,2025-09-17,2025-09-01,Shopify,MD,C-01310,CP-REFILL-20,"Car Perfume refill, 2 x 10 ml",Refills,1,10.99,10.99,2.1,8.89
SH-01088,2025-09-17,2025-09-01,Shopify,CA,C-01312,CP-REFILL-30,"Car Perfume refill, 3 x 10 ml",Refills,1,14.99,14.99,3.15,11.84
SH-01089,2025-09-17,2025-09-01,Shopify,CA,C-01282,DF-VERSACE-EROS,Versace Eros EDT 3.4 oz,Designer fragrance,1,59.87,59.87,46.0,13.87
SH-01090,2025-09-17,2025-09-01,Shopify,CA,C-00857,CP-BOTTLE-CLASSIC,"Car Perfume bottle, Onyx, Chrome or Gold",Car Perfume,1,7.99,7.99,2.35,5.64
EB-00662,2025-09-18,2025-09-01,eBay,NY,C-01100,CP-BOTTLE-COLOR,"Car Perfume bottle, color collection",Car Perfume,1,9.99,9.99,2.55,7.44
EB-00662,2025-09-18,2025-09-01,eBay,NY,C-01100,CP-REFILL-10,"Car Perfume refill, 10 ml",Refills,1,5.99,5.99,1.05,4.94
EB-00663,2025-09-18,2025-09-01,eBay,NY,C-01317,DF-DIOR-SAUVAGE,Dior Sauvage EDT 3.4 oz,Designer fragrance,1,94.83,94.83,76.0,18.83
SH-01091,2025-09-18,2025-09-01,Shopify,NY,C-00749,CP-REFILL-30,"Car Perfume refill, 3 x 10 ml",Refills,1,14.99,14.99,3.15,11.84
SH-01092,2025-09-18,2025-09-01,Shopify,WA,C-01313,CP-BOTTLE-CLASSIC,"Car Perfume bottle, Onyx, Chrome or Gold",Car Perfume,1,7.99,7.99,2.35,5.64
SH-01093,2025-09-18,2025-09-01,Shopify,CA,C-01314,CP-REFILL-10,"Car Perfume refill, 10 ml",Refills,2,5.99,11.98,2.1,9.88
SH-01094,2025-09-18,2025-09-01,Shopify,TX,C-01315,CP-BOTTLE-CLASSIC,"Car Perfume bottle, Onyx, Chrome or Gold",Car Perfume,1,7.99,7.99,2.35,5.64
SH-01094,2025-09-18,2025-09-01,Shopify,TX,C-01315,CP-REFILL-10,"Car Perfume refill, 10 ml",Refills,1,5.99,5.99,1.05,4.94
SH-01095,2025-09-18,2025-09-01,Shopify,IL,C-01316,CP-BOTTLE-COLOR,"Car Perfume bottle, color collection",Car Perfume,1,9.99,9.99,2.55,7.44
SH-01095,2025-09-18,2025-09-01,Shopify,IL,C-01316,CP-REFILL-10,"Car Perfume refill, 10 ml",Refills,2,5.99,11.98,2.1,9.88
SH-01096,2025-09-19,2025-09-01,Shopify,FL,C-01318,CP-BOTTLE-CLASSIC,"Car Perfume bottle, Onyx, Chrome or Gold",Car Perfume,1,7.99,7.99,2.35,5.64
SH-01096,2025-09-19,2025-09-01,Shopify,FL,C-01318,CP-REFILL-30,"Car Perfume refill, 3 x 10 ml",Refills,1,14.99,14.99,3.15,11.84
SH-01096,2025-09-19,2025-09-01,Shopify,FL,C-01318,CP-REFILL-10,"Car Perfume refill, 10 ml",Refills,1,5.99,5.99,1.05,4.94
SH-01097,2025-09-19,2025-09-01,Shopify,FL,C-01319,DF-MFK-BR540,Maison Francis Kurkdjian Baccarat Rouge 540 EDP 2.4 oz,Designer fragrance,1,258.73,258.73,219.0,39.73
SH-01098,2025-09-19,2025-09-01,Shopify,MI,C-01320,CP-BOTTLE-COLOR,"Car Perfume bottle, color collection",Car Perfume,1,9.99,9.99,2.55,7.44
SH-01098,2025-09-19,2025-09-01,Shopify,MI,C-01320,CP-REFILL-20,"Car Perfume refill, 2 x 10 ml",Refills,1,10.99,10.99,2.1,8.89
SH-01099,2025-09-19,2025-09-01,Shopify,MA,C-00866,DF-PDM-LAYTON,Parfums de Marly Layton EDP 4.2 oz,Designer fragrance,1,178.38,178.38,148.0,30.38
SH-01100,2025-09-19,2025-09-01,Shopify,CO,C-01321,CP-REFILL-30,"Car Perfume refill, 3 x 10 ml",Refills,1,14.99,14.99,3.15,11.84
SH-01101,2025-09-19,2025-09-01,Shopify,VA,C-01322,CP-BOTTLE-COLOR,"Car Perfume bottle, color collection",Car Perfume,1,9.99,9.99,2.55,7.44
SH-01101,2025-09-19,2025-09-01,Shopify,VA,C-01322,CP-REFILL-30,"Car Perfume refill, 3 x 10 ml",Refills,1,14.99,14.99,3.15,11.84
SH-01101,2025-09-19,2025-09-01,Shopify,VA,C-01322,CP-REFILL-20,"Car Perfume refill, 2 x 10 ml",Refills,1,10.99,10.99,2.1,8.89
SH-01102,2025-09-19,2025-09-01,Shopify,TX,C-01277,CP-REFILL-30,"Car Perfume refill, 3 x 10 ml",Refills,1,14.99,14.99,3.15,11.84
SH-01102,2025-09-19,2025-09-01,Shopify,TX,C-01277,CP-REFILL-20,"Car Perfume refill, 2 x 10 ml",Refills,1,10.99,10.99,2.1,8.89
EB-00664,2025-09-20,2025-09-01,eBay,CA,C-01324,DF-VAL-BIR,Valentino Born in Roma Uomo EDT 3.4 oz,Designer fragrance,1,93.51,93.51,76.0,17.51
SH-01103,2025-09-20,2025-09-01,Shopify,CA,C-01323,CP-REFILL-10,"Car Perfume refill, 10 ml",Refills,3,5.99,17.97,3.15,14.82
SH-01104,2025-09-20,2025-09-01,Shopify,MD,C-01325,CP-REFILL-20,"Car Perfume refill, 2 x 10 ml",Refills,2,10.99,21.98,4.2,17.78
SH-01104,2025-09-20,2025-09-01,Shopify,MD,C-01325,CP-REFILL-10,"Car Perfume refill, 10 ml",Refills,1,5.99,5.99,1.05,4.94
SH-01105,2025-09-20,2025-09-01,Shopify,PA,C-01326,DF-VAL-BIR,Valentino Born in Roma Uomo EDT 3.4 oz,Designer fragrance,1,97.7,97.7,76.0,21.7
SH-01106,2025-09-20,2025-09-01,Shopify,TX,C-01208,DF-VERSACE-EROS,Versace Eros EDT 3.4 oz,Designer fragrance,1,59.26,59.26,46.0,13.26
SH-01106,2025-09-20,2025-09-01,Shopify,TX,C-01208,DF-PDM-LAYTON,Parfums de Marly Layton EDP 4.2 oz,Designer fragrance,1,187.38,187.38,148.0,39.38
EB-00665,2025-09-21,2025-09-01,eBay,WA,C-01328,DF-VERSACE-EROS,Versace Eros EDT 3.4 oz,Designer fragrance,1,62.97,62.97,46.0,16.97
EB-00666,2025-09-21,2025-09-01,eBay,OR,C-01069,CP-BOTTLE-CLASSIC,"Car Perfume bottle, Onyx, Chrome or Gold",Car Perfume,1,7.99,7.99,2.35,5.64
EB-00666,2025-09-21,2025-09-01,eBay,OR,C-01069,CP-REFILL-10,"Car Perfume refill, 10 ml",Refills,2,5.99,11.98,2.1,9.88
EB-00667,2025-09-21,2025-09-01,eBay,IL,C-01331,DF-VERSACE-EROS,Versace Eros EDT 3.4 oz,Designer fragrance,1,60.77,60.77,46.0,14.77
SH-01107,2025-09-21,2025-09-01,Shopify,CA,C-01327,DF-JPG-ELIXIR,Jean Paul Gaultier Le Male Elixir 4.2 oz,Designer fragrance,1,110.64,110.64,87.0,23.64
SH-01108,2025-09-21,2025-09-01,Shopify,CA,C-00569,CP-BOTTLE-CLASSIC,"Car Perfume bottle, Onyx, Chrome or Gold",Car Perfume,1,7.99,7.99,2.35,5.64
SH-01109,2025-09-21,2025-09-01,Shopify,NC,C-01329,DF-VERSACE-EROS,Versace Eros EDT 3.4 oz,Designer fragrance,1,62.62,62.62,46.0,16.62
SH-01110,2025-09-21,2025-09-01,Shopify,CA,C-01330,CP-REFILL-30,"Car Perfume refill, 3 x 10 ml",Refills,1,14.99,14.99,3.15,11.84
SH-01110,2025-09-21,2025-09-01,Shopify,CA,C-01330,CP-REFILL-20,"Car Perfume refill, 2 x 10 ml",Refills,1,10.99,10.99,2.1,8.89
EB-00668,2025-09-22,2025-09-01,eBay,CA,C-01335,DF-TF-OMBRE,Tom Ford Ombre Leather EDP 3.4 oz,Designer fragrance,1,120.0,120.0,93.0,27.0
SH-01111,2025-09-22,2025-09-01,Shopify,NC,C-01332,CP-REFILL-20,"Car Perfume refill, 2 x 10 ml",Refills,1,10.99,10.99,2.1,8.89
SH-01112,2025-09-22,2025-09-01,Shopify,CA,C-01333,CP-REFILL-10,"Car Perfume refill, 10 ml",Refills,1,5.99,5.99,1.05,4.94
SH-01113,2025-09-22,2025-09-01,Shopify,CA,C-01334,DF-PDM-DELINA,Parfums de Marly Delina EDP 2.5 oz,Designer fragrance,1,209.67,209.67,170.0,39.67
SH-01113,2025-09-22,2025-09-01,Shopify,CA,C-01334,DF-VERSACE-EROS,Versace Eros EDT 3.4 oz,Designer fragrance,1,59.47,59.47,46.0,13.47
SH-01114,2025-09-22,2025-09-01,Shopify,TN,C-01336,DF-VERSACE-EROS,Versace Eros EDT 3.4 oz,Designer fragrance,1,58.64,58.64,46.0,12.64
EB-00669,2025-09-23,2025-09-01,eBay,CA,C-01340,CP-BOTTLE-CLASSIC,"Car Perfume bottle, Onyx, Chrome or Gold",Car Perfume,1,7.99,7.99,2.35,5.64
SH-01115,2025-09-23,2025-09-01,Shopify,CO,C-01337,DF-VAL-BIR,Valentino Born in Roma Uomo EDT 3.4 oz,Designer fragrance,1,92.58,92.58,76.0,16.58
SH-01116,2025-09-23,2025-09-01,Shopify,TX,C-01338,DF-DIOR-SAUVAGE,Dior Sauvage EDT 3.4 oz,Designer fragrance,1,99.74,99.74,76.0,23.74
SH-01117,2025-09-23,2025-09-01,Shopify,NY,C-00935,CP-REFILL-30,"Car Perfume refill, 3 x 10 ml",Refills,1,14.99,14.99,3.15,11.84
SH-01117,2025-09-23,2025-09-01,Shopify,NY,C-00935,CP-REFILL-10,"Car Perfume refill, 10 ml",Refills,1,5.99,5.99,1.05,4.94
SH-01118,2025-09-23,2025-09-01,Shopify,CA,C-01339,DF-VAL-BIR,Valentino Born in Roma Uomo EDT 3.4 oz,Designer fragrance,1,97.32,97.32,76.0,21.32
SH-01119,2025-09-23,2025-09-01,Shopify,TX,C-00744,CP-BOTTLE-COLOR,"Car Perfume bottle, color collection",Car Perfume,1,9.99,9.99,2.55,7.44
SH-01119,2025-09-23,2025-09-01,Shopify,TX,C-00744,CP-REFILL-30,"Car Perfume refill, 3 x 10 ml",Refills,1,14.99,14.99,3.15,11.84
EB-00670,2025-09-24,2025-09-01,eBay,CA,C-01342,DF-MFK-BR540,Maison Francis Kurkdjian Baccarat Rouge 540 EDP 2.4 oz,Designer fragrance,1,266.3,266.3,219.0,47.3
SH-01120,2025-09-24,2025-09-01,Shopify,GA,C-01341,CP-REFILL-20,"Car Perfume refill, 2 x 10 ml",Refills,1,10.99,10.99,2.1,8.89
SH-01120,2025-09-24,2025-09-01,Shopify,GA,C-01341,CP-REFILL-10,"Car Perfume refill, 10 ml",Refills,1,5.99,5.99,1.05,4.94
SH-01121,2025-09-24,2025-09-01,Shopify,MD,C-01305,CP-BOTTLE-CLASSIC,"Car Perfume bottle, Onyx, Chrome or Gold",Car Perfume,1,7.99,7.99,2.35,5.64
SH-01122,2025-09-24,2025-09-01,Shopify,TN,C-00193,DF-JPG-ELIXIR,Jean Paul Gaultier Le Male Elixir 4.2 oz,Designer fragrance,1,108.16,108.16,87.0,21.16
SH-01123,2025-09-25,2025-09-01,Shopify,FL,C-01343,DF-VERSACE-EROS,Versace Eros EDT 3.4 oz,Designer fragrance,1,61.81,61.81,46.0,15.81
SH-01123,2025-09-25,2025-09-01,Shopify,FL,C-01343,DF-PDM-DELINA,Parfums de Marly Delina EDP 2.5 oz,Designer fragrance,1,200.06,200.06,170.0,30.06
SH-01124,2025-09-25,2025-09-01,Shopify,MI,C-00986,CP-BOTTLE-CLASSIC,"Car Perfume bottle, Onyx, Chrome or Gold",Car Perfume,1,7.99,7.99,2.35,5.64
SH-01125,2025-09-25,2025-09-01,Shopify,CA,C-01344,DF-VERSACE-EROS,Versace Eros EDT 3.4 oz,Designer fragrance,1,60.9,60.9,46.0,14.9
SH-01126,2025-09-25,2025-09-01,Shopify,NY,C-01345,CP-REFILL-10,"Car Perfume refill, 10 ml",Refills,2,5.99,11.98,2.1,9.88
SH-01127,2025-09-25,2025-09-01,Shopify,NY,C-01345,CP-REFILL-20,"Car Perfume refill, 2 x 10 ml",Refills,1,10.99,10.99,2.1,8.89
SH-01128,2025-09-25,2025-09-01,Shopify,OR,C-01069,CP-REFILL-10,"Car Perfume refill, 10 ml",Refills,1,5.99,5.99,1.05,4.94
SH-01129,2025-09-25,2025-09-01,Shopify,VA,C-01322,CP-BOTTLE-CLASSIC,"Car Perfume bottle, Onyx, Chrome or Gold",Car Perfume,1,7.99,7.99,2.35,5.64
SH-01129,2025-09-25,2025-09-01,Shopify,VA,C-01322,CP-REFILL-30,"Car Perfume refill, 3 x 10 ml",Refills,1,14.99,14.99,3.15,11.84
EB-00671,2025-09-26,2025-09-01,eBay,NY,C-01346,DF-CREED-AVENTUS,Creed Aventus EDP 3.3 oz,Designer fragrance,1,287.23,287.23,244.0,43.23
SH-01130,2025-09-26,2025-09-01,Shopify,CA,C-01191,CP-REFILL-30,"Car Perfume refill, 3 x 10 ml",Refills,1,14.99,14.99,3.15,11.84
SH-01131,2025-09-26,2025-09-01,Shopify,TX,C-01347,CP-REFILL-30,"Car Perfume refill, 3 x 10 ml",Refills,1,14.99,14.99,3.15,11.84
SH-01131,2025-09-26,2025-09-01,Shopify,TX,C-01347,CP-REFILL-20,"Car Perfume refill, 2 x 10 ml",Refills,1,10.99,10.99,2.1,8.89
SH-01132,2025-09-26,2025-09-01,Shopify,VA,C-01003,CP-BOTTLE-CLASSIC,"Car Perfume bottle, Onyx, Chrome or Gold",Car Perfume,1,7.99,7.99,2.35,5.64
SH-01133,2025-09-27,2025-09-01,Shopify,GA,C-01348,CP-BOTTLE-CLASSIC,"Car Perfume bottle, Onyx, Chrome or Gold",Car Perfume,1,7.99,7.99,2.35,5.64
SH-01133,2025-09-27,2025-09-01,Shopify,GA,C-01348,CP-REFILL-30,"Car Perfume refill, 3 x 10 ml",Refills,1,14.99,14.99,3.15,11.84
SH-01133,2025-09-27,2025-09-01,Shopify,GA,C-01348,CP-REFILL-10,"Car Perfume refill, 10 ml",Refills,1,5.99,5.99,1.05,4.94
SH-01134,2025-09-27,2025-09-01,Shopify,CA,C-01349,DF-VAL-BIR,Valentino Born in Roma Uomo EDT 3.4 oz,Designer fragrance,1,92.33,92.33,76.0,16.33
SH-01135,2025-09-27,2025-09-01,Shopify,CA,C-01350,CP-REFILL-10,"Car Perfume refill, 10 ml",Refills,3,5.99,17.97,3.15,14.82
SH-01135,2025-09-27,2025-09-01,Shopify,CA,C-01350,CP-REFILL-20,"Car Perfume refill, 2 x 10 ml",Refills,1,10.99,10.99,2.1,8.89
SH-01136,2025-09-27,2025-09-01,Shopify,VA,C-01003,CP-BOTTLE-CLASSIC,"Car Perfume bottle, Onyx, Chrome or Gold",Car Perfume,1,7.99,7.99,2.35,5.64
SH-01136,2025-09-27,2025-09-01,Shopify,VA,C-01003,CP-REFILL-30,"Car Perfume refill, 3 x 10 ml",Refills,1,14.99,14.99,3.15,11.84
SH-01136,2025-09-27,2025-09-01,Shopify,VA,C-01003,CP-REFILL-10,"Car Perfume refill, 10 ml",Refills,1,5.99,5.99,1.05,4.94
SH-01137,2025-09-27,2025-09-01,Shopify,MD,C-01351,CP-REFILL-20,"Car Perfume refill, 2 x 10 ml",Refills,2,10.99,21.98,4.2,17.78
SH-01137,2025-09-27,2025-09-01,Shopify,MD,C-01351,CP-REFILL-10,"Car Perfume refill, 10 ml",Refills,1,5.99,5.99,1.05,4.94
SH-01137,2025-09-27,2025-09-01,Shopify,MD,C-01351,CP-REFILL-30,"Car Perfume refill, 3 x 10 ml",Refills,1,14.99,14.99,3.15,11.84
EB-00672,2025-09-28,2025-09-01,eBay,OH,C-01352,DF-YSL-LIBRE,YSL Libre EDP 3.0 oz,Designer fragrance,1,98.83,98.83,82.0,16.83
EB-00673,2025-09-28,2025-09-01,eBay,AZ,C-01353,DF-PDM-LAYTON,Parfums de Marly Layton EDP 4.2 oz,Designer fragrance,1,189.94,189.94,148.0,41.94
SH-01138,2025-09-28,2025-09-01,Shopify,GA,C-01348,CP-BOTTLE-CLASSIC,"Car Perfume bottle, Onyx, Chrome or Gold",Car Perfume,1,7.99,7.99,2.35,5.64
SH-01138,2025-09-28,2025-09-01,Shopify,GA,C-01348,CP-REFILL-10,"Car Perfume refill, 10 ml",Refills,2,5.99,11.98,2.1,9.88
SH-01139,2025-09-28,2025-09-01,Shopify,CA,C-01354,CP-BOTTLE-CLASSIC,"Car Perfume bottle, Onyx, Chrome or Gold",Car Perfume,1,7.99,7.99,2.35,5.64
SH-01139,2025-09-28,2025-09-01,Shopify,CA,C-01354,CP-REFILL-10,"Car Perfume refill, 10 ml",Refills,1,5.99,5.99,1.05,4.94
SH-01140,2025-09-28,2025-09-01,Shopify,PA,C-01125,CP-REFILL-30,"Car Perfume refill, 3 x 10 ml",Refills,1,14.99,14.99,3.15,11.84
SH-01140,2025-09-28,2025-09-01,Shopify,PA,C-01125,CP-REFILL-20,"Car Perfume refill, 2 x 10 ml",Refills,1,10.99,10.99,2.1,8.89
SH-01141,2025-09-28,2025-09-01,Shopify,CA,C-01355,CP-REFILL-10,"Car Perfume refill, 10 ml",Refills,2,5.99,11.98,2.1,9.88
EB-00674,2025-09-29,2025-09-01,eBay,NY,C-01357,DF-VAL-BIR,Valentino Born in Roma Uomo EDT 3.4 oz,Designer fragrance,1,92.68,92.68,76.0,16.68
EB-00675,2025-09-29,2025-09-01,eBay,CA,C-01358,DF-PDM-LAYTON,Parfums de Marly Layton EDP 4.2 oz,Designer fragrance,1,184.81,184.81,148.0,36.81
SH-01142,2025-09-29,2025-09-01,Shopify,NC,C-01165,DF-JPG-ELIXIR,Jean Paul Gaultier Le Male Elixir 4.2 oz,Designer fragrance,1,112.2,112.2,87.0,25.2
SH-01143,2025-09-29,2025-09-01,Shopify,IL,C-01197,CP-BOTTLE-CLASSIC,"Car Perfume bottle, Onyx, Chrome or Gold",Car Perfume,1,7.99,7.99,2.35,5.64
SH-01143,2025-09-29,2025-09-01,Shopify,IL,C-01197,CP-REFILL-30,"Car Perfume refill, 3 x 10 ml",Refills,1,14.99,14.99,3.15,11.84
SH-01143,2025-09-29,2025-09-01,Shopify,IL,C-01197,CP-REFILL-10,"Car Perfume refill, 10 ml",Refills,1,5.99,5.99,1.05,4.94
SH-01143,2025-09-29,2025-09-01,Shopify,IL,C-01197,CP-REFILL-20,"Car Perfume refill, 2 x 10 ml",Refills,1,10.99,10.99,2.1,8.89
SH-01144,2025-09-29,2025-09-01,Shopify,CA,C-01356,DF-CREED-AVENTUS,Creed Aventus EDP 3.3 oz,Designer fragrance,1,290.8,290.8,244.0,46.8
SH-01145,2025-09-29,2025-09-01,Shopify,CA,C-01359,DF-VAL-BIR,Valentino Born in Roma Uomo EDT 3.4 oz,Designer fragrance,1,100.4,100.4,76.0,24.4
EB-00676,2025-09-30,2025-09-01,eBay,TX,C-01360,DF-VAL-BIR,Valentino Born in Roma Uomo EDT 3.4 oz,Designer fragrance,1,97.89,97.89,76.0,21.89
EB-00677,2025-09-30,2025-09-01,eBay,CA,C-01362,DF-PDM-DELINA,Parfums de Marly Delina EDP 2.5 oz,Designer fragrance,1,215.04,215.04,170.0,45.04
EB-00678,2025-09-30,2025-09-01,eBay,PA,C-01117,DF-YSL-LIBRE,YSL Libre EDP 3.0 oz,Designer fragrance,1,106.15,106.15,82.0,24.15
EB-00679,2025-09-30,2025-09-01,eBay,TN,C-01365,DF-VAL-BIR,Valentino Born in Roma Uomo EDT 3.4 oz,Designer fragrance,1,99.81,99.81,76.0,23.81
SH-01146,2025-09-30,2025-09-01,Shopify,NJ,C-01361,DF-TF-OMBRE,Tom Ford Ombre Leather EDP 3.4 oz,Designer fragrance,1,111.58,111.58,93.0,18.58
SH-01146,2025-09-30,2025-09-01,Shopify,NJ,C-01361,DF-DIOR-SAUVAGE,Dior Sauvage EDT 3.4 oz,Designer fragrance,1,95.73,95.73,76.0,19.73
SH-01147,2025-09-30,2025-09-01,Shopify,IL,C-01363,CP-BOTTLE-CLASSIC,"Car Perfume bottle, Onyx, Chrome or Gold",Car Perfume,1,7.99,7.99,2.35,5.64
SH-01147,2025-09-30,2025-09-01,Shopify,IL,C-01363,CP-REFILL-10,"Car Perfume refill, 10 ml",Refills,1,5.99,5.99,1.05,4.94
SH-01148,2025-09-30,2025-09-01,Shopify,TX,C-01364,CP-BOTTLE-CLASSIC,"Car Perfume bottle, Onyx, Chrome or Gold",Car Perfume,1,7.99,7.99,2.35,5.64
SH-01148,2025-09-30,2025-09-01,Shopify,TX,C-01364,CP-REFILL-20,"Car Perfume refill, 2 x 10 ml",Refills,1,10.99,10.99,2.1,8.89
EB-00680,2025-10-01,2025-10-01,eBay,CA,C-01369,DF-XJ-ERBA,Xerjoff Erba Pura EDP 3.4 oz,Designer fragrance,1,168.65,168.65,133.0,35.65
EB-00681,2025-10-01,2025-10-01,eBay,CA,C-01370,DF-VERSACE-EROS,Versace Eros EDT 3.4 oz,Designer fragrance,1,60.21,60.21,46.0,14.21
SH-01149,2025-10-01,2025-10-01,Shopify,CA,C-01366,CP-REFILL-10,"Car Perfume refill, 10 ml",Refills,1,5.99,5.99,1.05,4.94
SH-01150,2025-10-01,2025-10-01,Shopify,IL,C-01367,CP-REFILL-10,"Car Perfume refill, 10 ml",Refills,1,5.99,5.99,1.05,4.94
SH-01151,2025-10-01,2025-10-01,Shopify,CA,C-01368,CP-REFILL-30,"Car Perfume refill, 3 x 10 ml",Refills,1,14.99,14.99,3.15,11.84
SH-01152,2025-10-01,2025-10-01,Shopify,CA,C-01231,CP-BOTTLE-CLASSIC,"Car Perfume bottle, Onyx, Chrome or Gold",Car Perfume,1,7.99,7.99,2.35,5.64
EB-00682,2025-10-02,2025-10-01,eBay,CA,C-01372,DF-DIOR-SAUVAGE,Dior Sauvage EDT 3.4 oz,Designer fragrance,1,94.59,94.59,76.0,18.59
EB-00682,2025-10-02,2025-10-01,eBay,CA,C-01372,DF-VAL-BIR,Valentino Born in Roma Uomo EDT 3.4 oz,Designer fragrance,1,95.75,95.75,76.0,19.75
EB-00683,2025-10-02,2025-10-01,eBay,CA,C-01374,DF-TF-OMBRE,Tom Ford Ombre Leather EDP 3.4 oz,Designer fragrance,1,113.66,113.66,93.0,20.66
EB-00684,2025-10-02,2025-10-01,eBay,CA,C-01376,DF-DIOR-SAUVAGE,Dior Sauvage EDT 3.4 oz,Designer fragrance,1,96.16,96.16,76.0,20.16
EB-00685,2025-10-02,2025-10-01,eBay,CA,C-01378,DF-PDM-DELINA,Parfums de Marly Delina EDP 2.5 oz,Designer fragrance,1,211.5,211.5,170.0,41.5
EB-00686,2025-10-02,2025-10-01,eBay,MD,C-01379,CP-BOTTLE-CLASSIC,"Car Perfume bottle, Onyx, Chrome or Gold",Car Perfume,1,7.99,7.99,2.35,5.64
EB-00686,2025-10-02,2025-10-01,eBay,MD,C-01379,CP-REFILL-20,"Car Perfume refill, 2 x 10 ml",Refills,1,10.99,10.99,2.1,8.89
SH-01153,2025-10-02,2025-10-01,Shopify,TX,C-01371,CP-BOTTLE-CLASSIC,"Car Perfume bottle, Onyx, Chrome or Gold",Car Perfume,1,7.99,7.99,2.35,5.64
SH-01153,2025-10-02,2025-10-01,Shopify,TX,C-01371,CP-REFILL-20,"Car Perfume refill, 2 x 10 ml",Refills,1,10.99,10.99,2.1,8.89
SH-01153,2025-10-02,2025-10-01,Shopify,TX,C-01371,CP-REFILL-10,"Car Perfume refill, 10 ml",Refills,1,5.99,5.99,1.05,4.94
SH-01154,2025-10-02,2025-10-01,Shopify,FL,C-01373,CP-REFILL-10,"Car Perfume refill, 10 ml",Refills,2,5.99,11.98,2.1,9.88
SH-01155,2025-10-02,2025-10-01,Shopify,NY,C-01375,CP-REFILL-30,"Car Perfume refill, 3 x 10 ml",Refills,1,14.99,14.99,3.15,11.84
SH-01156,2025-10-02,2025-10-01,Shopify,FL,C-00628,CP-REFILL-30,"Car Perfume refill, 3 x 10 ml",Refills,1,14.99,14.99,3.15,11.84
SH-01156,2025-10-02,2025-10-01,Shopify,FL,C-00628,CP-REFILL-10,"Car Perfume refill, 10 ml",Refills,2,5.99,11.98,2.1,9.88
SH-01156,2025-10-02,2025-10-01,Shopify,FL,C-00628,CP-REFILL-20,"Car Perfume refill, 2 x 10 ml",Refills,1,10.99,10.99,2.1,8.89
SH-01157,2025-10-02,2025-10-01,Shopify,FL,C-01377,CP-BOTTLE-CLASSIC,"Car Perfume bottle, Onyx, Chrome or Gold",Car Perfume,1,7.99,7.99,2.35,5.64
SH-01158,2025-10-02,2025-10-01,Shopify,IL,C-01004,CP-REFILL-10,"Car Perfume refill, 10 ml",Refills,1,5.99,5.99,1.05,4.94
SH-01159,2025-10-02,2025-10-01,Shopify,CA,C-01380,CP-BOTTLE-COLOR,"Car Perfume bottle, color collection",Car Perfume,1,9.99,9.99,2.55,7.44
SH-01159,2025-10-02,2025-10-01,Shopify,CA,C-01380,CP-REFILL-10,"Car Perfume refill, 10 ml",Refills,1,5.99,5.99,1.05,4.94
EB-00687,2025-10-03,2025-10-01,eBay,NJ,C-01382,DF-VERSACE-EROS,Versace Eros EDT 3.4 oz,Designer fragrance,1,60.19,60.19,46.0,14.19
EB-00688,2025-10-03,2025-10-01,eBay,AZ,C-01385,DF-PDM-LAYTON,Parfums de Marly Layton EDP 4.2 oz,Designer fragrance,1,184.02,184.02,148.0,36.02
SH-01160,2025-10-03,2025-10-01,Shopify,NY,C-01381,DF-JPG-ELIXIR,Jean Paul Gaultier Le Male Elixir 4.2 oz,Designer fragrance,1,108.28,108.28,87.0,21.28
SH-01161,2025-10-03,2025-10-01,Shopify,FL,C-01383,CP-BOTTLE-COLOR,"Car Perfume bottle, color collection",Car Perfume,1,9.99,9.99,2.55,7.44
SH-01161,2025-10-03,2025-10-01,Shopify,FL,C-01383,CP-REFILL-30,"Car Perfume refill, 3 x 10 ml",Refills,1,14.99,14.99,3.15,11.84
SH-01162,2025-10-03,2025-10-01,Shopify,AZ,C-01384,DF-YSL-LIBRE,YSL Libre EDP 3.0 oz,Designer fragrance,1,104.5,104.5,82.0,22.5
SH-01163,2025-10-03,2025-10-01,Shopify,CA,C-01386,DF-YSL-LIBRE,YSL Libre EDP 3.0 oz,Designer fragrance,1,101.58,101.58,82.0,19.58
SH-01164,2025-10-03,2025-10-01,Shopify,NY,C-01387,CP-BOTTLE-COLOR,"Car Perfume bottle, color collection",Car Perfume,1,9.99,9.99,2.55,7.44
SH-01164,2025-10-03,2025-10-01,Shopify,NY,C-01387,CP-REFILL-30,"Car Perfume refill, 3 x 10 ml",Refills,1,14.99,14.99,3.15,11.84
SH-01164,2025-10-03,2025-10-01,Shopify,NY,C-01387,CP-REFILL-20,"Car Perfume refill, 2 x 10 ml",Refills,1,10.99,10.99,2.1,8.89
EB-00689,2025-10-04,2025-10-01,eBay,CA,C-01393,DF-DIOR-SAUVAGE,Dior Sauvage EDT 3.4 oz,Designer fragrance,1,94.95,94.95,76.0,18.95
SH-01165,2025-10-04,2025-10-01,Shopify,MI,C-01388,CP-BOTTLE-CLASSIC,"Car Perfume bottle, Onyx, Chrome or Gold",Car Perfume,1,7.99,7.99,2.35,5.64
SH-01165,2025-10-04,2025-10-01,Shopify,MI,C-01388,CP-REFILL-10,"Car Perfume refill, 10 ml",Refills,1,5.99,5.99,1.05,4.94
SH-01165,2025-10-04,2025-10-01,Shopify,MI,C-01388,CP-REFILL-30,"Car Perfume refill, 3 x 10 ml",Refills,1,14.99,14.99,3.15,11.84
SH-01166,2025-10-04,2025-10-01,Shopify,NC,C-01389,DF-JPG-ELIXIR,Jean Paul Gaultier Le Male Elixir 4.2 oz,Designer fragrance,1,109.53,109.53,87.0,22.53
SH-01167,2025-10-04,2025-10-01,Shopify,CA,C-01390,CP-BOTTLE-CLASSIC,"Car Perfume bottle, Onyx, Chrome or Gold",Car Perfume,1,7.99,7.99,2.35,5.64
SH-01167,2025-10-04,2025-10-01,Shopify,CA,C-01390,CP-REFILL-30,"Car Perfume refill, 3 x 10 ml",Refills,1,14.99,14.99,3.15,11.84
SH-01168,2025-10-04,2025-10-01,Shopify,PA,C-01391,CP-BOTTLE-CLASSIC,"Car Perfume bottle, Onyx, Chrome or Gold",Car Perfume,1,7.99,7.99,2.35,5.64
SH-01169,2025-10-04,2025-10-01,Shopify,OR,C-01392,CP-REFILL-20,"Car Perfume refill, 2 x 10 ml",Refills,1,10.99,10.99,2.1,8.89
EB-00690,2025-10-05,2025-10-01,eBay,AZ,C-01395,DF-PDM-LAYTON,Parfums de Marly Layton EDP 4.2 oz,Designer fragrance,1,183.98,183.98,148.0,35.98
EB-00691,2025-10-05,2025-10-01,eBay,IL,C-01396,CP-REFILL-10,"Car Perfume refill, 10 ml",Refills,1,5.99,5.99,1.05,4.94
EB-00692,2025-10-05,2025-10-01,eBay,NC,C-01397,DF-XJ-ERBA,Xerjoff Erba Pura EDP 3.4 oz,Designer fragrance,1,158.7,158.7,133.0,25.7
SH-01170,2025-10-05,2025-10-01,Shopify,CA,C-01394,DF-VERSACE-EROS,Versace Eros EDT 3.4 oz,Designer fragrance,1,59.67,59.67,46.0,13.67
SH-01171,2025-10-05,2025-10-01,Shopify,VA,C-00488,CP-BOTTLE-CLASSIC,"Car Perfume bottle, Onyx, Chrome or Gold",Car Perfume,1,7.99,7.99,2.35,5.64
SH-01171,2025-10-05,2025-10-01,Shopify,VA,C-00488,CP-REFILL-10,"Car Perfume refill, 10 ml",Refills,1,5.99,5.99,1.05,4.94
SH-01171,2025-10-05,2025-10-01,Shopify,VA,C-00488,CP-REFILL-30,"Car Perfume refill, 3 x 10 ml",Refills,1,14.99,14.99,3.15,11.84
SH-01172,2025-10-05,2025-10-01,Shopify,MD,C-01398,CP-BOTTLE-CLASSIC,"Car Perfume bottle, Onyx, Chrome or Gold",Car Perfume,1,7.99,7.99,2.35,5.64
SH-01173,2025-10-05,2025-10-01,Shopify,GA,C-01399,CP-REFILL-20,"Car Perfume refill, 2 x 10 ml",Refills,1,10.99,10.99,2.1,8.89
SH-01173,2025-10-05,2025-10-01,Shopify,GA,C-01399,CP-REFILL-10,"Car Perfume refill, 10 ml",Refills,1,5.99,5.99,1.05,4.94
EB-00693,2025-10-06,2025-10-01,eBay,NY,C-01400,DF-JPG-ELIXIR,Jean Paul Gaultier Le Male Elixir 4.2 oz,Designer fragrance,1,112.68,112.68,87.0,25.68
EB-00694,2025-10-06,2025-10-01,eBay,CA,C-01402,DF-TF-OMBRE,Tom Ford Ombre Leather EDP 3.4 oz,Designer fragrance,1,116.79,116.79,93.0,23.79
SH-01174,2025-10-06,2025-10-01,Shopify,CA,C-01401,DF-VAL-BIR,Valentino Born in Roma Uomo EDT 3.4 oz,Designer fragrance,1,94.21,94.21,76.0,18.21
SH-01175,2025-10-06,2025-10-01,Shopify,FL,C-01403,CP-BOTTLE-COLOR,"Car Perfume bottle, color collection",Car Perfume,1,9.99,9.99,2.55,7.44
SH-01175,2025-10-06,2025-10-01,Shopify,FL,C-01403,CP-REFILL-20,"Car Perfume refill, 2 x 10 ml",Refills,1,10.99,10.99,2.1,8.89
SH-01176,2025-10-06,2025-10-01,Shopify,TN,C-00956,CP-REFILL-20,"Car Perfume refill, 2 x 10 ml",Refills,2,10.99,21.98,4.2,17.78
SH-01177,2025-10-06,2025-10-01,Shopify,AZ,C-01404,CP-BOTTLE-CLASSIC,"Car Perfume bottle, Onyx, Chrome or Gold",Car Perfume,1,7.99,7.99,2.35,5.64
SH-01177,2025-10-06,2025-10-01,Shopify,AZ,C-01404,CP-REFILL-30,"Car Perfume refill, 3 x 10 ml",Refills,1,14.99,14.99,3.15,11.84
SH-01178,2025-10-06,2025-10-01,Shopify,CA,C-00737,CP-REFILL-20,"Car Perfume refill, 2 x 10 ml",Refills,1,10.99,10.99,2.1,8.89
SH-01178,2025-10-06,2025-10-01,Shopify,CA,C-00737,CP-REFILL-10,"Car Perfume refill, 10 ml",Refills,1,5.99,5.99,1.05,4.94
SH-01178,2025-10-06,2025-10-01,Shopify,CA,C-00737,CP-REFILL-30,"Car Perfume refill, 3 x 10 ml",Refills,1,14.99,14.99,3.15,11.84
SH-01179,2025-10-06,2025-10-01,Shopify,OR,C-01052,CP-BOTTLE-COLOR,"Car Perfume bottle, color collection",Car Perfume,1,9.99,9.99,2.55,7.44
SH-01179,2025-10-06,2025-10-01,Shopify,OR,C-01052,CP-REFILL-10,"Car Perfume refill, 10 ml",Refills,1,5.99,5.99,1.05,4.94
EB-00695,2025-10-07,2025-10-01,eBay,VA,C-01405,DF-VAL-BIR,Valentino Born in Roma Uomo EDT 3.4 oz,Designer fragrance,1,92.36,92.36,76.0,16.36
EB-00696,2025-10-07,2025-10-01,eBay,CO,C-01406,DF-PDM-LAYTON,Parfums de Marly Layton EDP 4.2 oz,Designer fragrance,1,184.94,184.94,148.0,36.94
EB-00697,2025-10-07,2025-10-01,eBay,IL,C-00241,DF-PDM-LAYTON,Parfums de Marly Layton EDP 4.2 oz,Designer fragrance,1,178.25,178.25,148.0,30.25
EB-00698,2025-10-08,2025-10-01,eBay,OH,C-01407,DF-PDM-LAYTON,Parfums de Marly Layton EDP 4.2 oz,Designer fragrance,1,174.33,174.33,148.0,26.33
EB-00699,2025-10-08,2025-10-01,eBay,PA,C-01409,CP-BOTTLE-CLASSIC,"Car Perfume bottle, Onyx, Chrome or Gold",Car Perfume,1,7.99,7.99,2.35,5.64
EB-00699,2025-10-08,2025-10-01,eBay,PA,C-01409,CP-REFILL-30,"Car Perfume refill, 3 x 10 ml",Refills,2,14.99,29.98,6.3,23.68
SH-01180,2025-10-08,2025-10-01,Shopify,NJ,C-01408,DF-PDM-LAYTON,Parfums de Marly Layton EDP 4.2 oz,Designer fragrance,1,184.82,184.82,148.0,36.82
SH-01181,2025-10-08,2025-10-01,Shopify,GA,C-01399,CP-BOTTLE-COLOR,"Car Perfume bottle, color collection",Car Perfume,1,9.99,9.99,2.55,7.44
SH-01181,2025-10-08,2025-10-01,Shopify,GA,C-01399,CP-REFILL-30,"Car Perfume refill, 3 x 10 ml",Refills,1,14.99,14.99,3.15,11.84
SH-01181,2025-10-08,2025-10-01,Shopify,GA,C-01399,CP-REFILL-10,"Car Perfume refill, 10 ml",Refills,1,5.99,5.99,1.05,4.94
EB-00700,2025-10-09,2025-10-01,eBay,TX,C-01412,DF-YSL-LIBRE,YSL Libre EDP 3.0 oz,Designer fragrance,1,98.8,98.8,82.0,16.8
SH-01182,2025-10-09,2025-10-01,Shopify,NY,C-01410,CP-BOTTLE-CLASSIC,"Car Perfume bottle, Onyx, Chrome or Gold",Car Perfume,1,7.99,7.99,2.35,5.64
SH-01182,2025-10-09,2025-10-01,Shopify,NY,C-01410,CP-REFILL-20,"Car Perfume refill, 2 x 10 ml",Refills,1,10.99,10.99,2.1,8.89
SH-01183,2025-10-09,2025-10-01,Shopify,NJ,C-01411,CP-REFILL-10,"Car Perfume refill, 10 ml",Refills,1,5.99,5.99,1.05,4.94
SH-01183,2025-10-09,2025-10-01,Shopify,NJ,C-01411,CP-REFILL-20,"Car Perfume refill, 2 x 10 ml",Refills,1,10.99,10.99,2.1,8.89
SH-01184,2025-10-09,2025-10-01,Shopify,CA,C-01413,DF-VERSACE-EROS,Versace Eros EDT 3.4 oz,Designer fragrance,1,60.58,60.58,46.0,14.58
SH-01185,2025-10-09,2025-10-01,Shopify,NJ,C-01408,DF-YSL-LIBRE,YSL Libre EDP 3.0 oz,Designer fragrance,1,100.56,100.56,82.0,18.56
SH-01186,2025-10-09,2025-10-01,Shopify,CA,C-01414,DF-VERSACE-EROS,Versace Eros EDT 3.4 oz,Designer fragrance,1,61.25,61.25,46.0,15.25
SH-01187,2025-10-09,2025-10-01,Shopify,TX,C-01415,DF-VERSACE-EROS,Versace Eros EDT 3.4 oz,Designer fragrance,1,62.1,62.1,46.0,16.1
EB-00701,2025-10-10,2025-10-01,eBay,FL,C-01417,DF-YSL-LIBRE,YSL Libre EDP 3.0 oz,Designer fragrance,1,105.18,105.18,82.0,23.18
SH-01188,2025-10-10,2025-10-01,Shopify,FL,C-01416,CP-BOTTLE-CLASSIC,"Car Perfume bottle, Onyx, Chrome or Gold",Car Perfume,1,7.99,7.99,2.35,5.64
SH-01188,2025-10-10,2025-10-01,Shopify,FL,C-01416,CP-REFILL-20,"Car Perfume refill, 2 x 10 ml",Refills,1,10.99,10.99,2.1,8.89
SH-01189,2025-10-10,2025-10-01,Shopify,FL,C-01418,CP-REFILL-10,"Car Perfume refill, 10 ml",Refills,1,5.99,5.99,1.05,4.94
SH-01190,2025-10-10,2025-10-01,Shopify,CA,C-01419,CP-BOTTLE-COLOR,"Car Perfume bottle, color collection",Car Perfume,1,9.99,9.99,2.55,7.44
EB-00702,2025-10-11,2025-10-01,eBay,TX,C-01306,DF-PDM-LAYTON,Parfums de Marly Layton EDP 4.2 oz,Designer fragrance,1,181.42,181.42,148.0,33.42
EB-00703,2025-10-11,2025-10-01,eBay,CA,C-01421,DF-CREED-AVENTUS,Creed Aventus EDP 3.3 oz,Designer fragrance,1,294.19,294.19,244.0,50.19
EB-00704,2025-10-11,2025-10-01,eBay,AZ,C-01424,CP-REFILL-10,"Car Perfume refill, 10 ml",Refills,1,5.99,5.99,1.05,4.94
EB-00704,2025-10-11,2025-10-01,eBay,AZ,C-01424,CP-REFILL-20,"Car Perfume refill, 2 x 10 ml",Refills,1,10.99,10.99,2.1,8.89
EB-00704,2025-10-11,2025-10-01,eBay,AZ,C-01424,CP-REFILL-30,"Car Perfume refill, 3 x 10 ml",Refills,1,14.99,14.99,3.15,11.84
EB-00705,2025-10-11,2025-10-01,eBay,CA,C-01425,DF-VAL-BIR,Valentino Born in Roma Uomo EDT 3.4 oz,Designer fragrance,1,92.55,92.55,76.0,16.55
EB-00706,2025-10-11,2025-10-01,eBay,TX,C-01431,DF-VERSACE-EROS,Versace Eros EDT 3.4 oz,Designer fragrance,1,62.28,62.28,46.0,16.28
SH-01191,2025-10-11,2025-10-01,Shopify,NJ,C-01420,CP-REFILL-30,"Car Perfume refill, 3 x 10 ml",Refills,1,14.99,14.99,3.15,11.84
SH-01191,2025-10-11,2025-10-01,Shopify,NJ,C-01420,CP-REFILL-10,"Car Perfume refill, 10 ml",Refills,1,5.99,5.99,1.05,4.94
SH-01192,2025-10-11,2025-10-01,Shopify,PA,C-01066,CP-REFILL-20,"Car Perfume refill, 2 x 10 ml",Refills,2,10.99,21.98,4.2,17.78
SH-01193,2025-10-11,2025-10-01,Shopify,CA,C-01422,CP-REFILL-10,"Car Perfume refill, 10 ml",Refills,1,5.99,5.99,1.05,4.94
SH-01194,2025-10-11,2025-10-01,Shopify,FL,C-00667,CP-REFILL-10,"Car Perfume refill, 10 ml",Refills,1,5.99,5.99,1.05,4.94
SH-01195,2025-10-11,2025-10-01,Shopify,CA,C-01423,CP-BOTTLE-COLOR,"Car Perfume bottle, color collection",Car Perfume,1,9.99,9.99,2.55,7.44
SH-01195,2025-10-11,2025-10-01,Shopify,CA,C-01423,CP-REFILL-20,"Car Perfume refill, 2 x 10 ml",Refills,1,10.99,10.99,2.1,8.89
SH-01196,2025-10-11,2025-10-01,Shopify,VA,C-01153,CP-BOTTLE-COLOR,"Car Perfume bottle, color collection",Car Perfume,1,9.99,9.99,2.55,7.44
SH-01196,2025-10-11,2025-10-01,Shopify,VA,C-01153,CP-REFILL-10,"Car Perfume refill, 10 ml",Refills,2,5.99,11.98,2.1,9.88
SH-01197,2025-10-11,2025-10-01,Shopify,CA,C-01426,CP-REFILL-10,"Car Perfume refill, 10 ml",Refills,1,5.99,5.99,1.05,4.94
SH-01198,2025-10-11,2025-10-01,Shopify,FL,C-01427,DF-VERSACE-EROS,Versace Eros EDT 3.4 oz,Designer fragrance,1,60.65,60.65,46.0,14.65
SH-01199,2025-10-11,2025-10-01,Shopify,AZ,C-01424,CP-BOTTLE-CLASSIC,"Car Perfume bottle, Onyx, Chrome or Gold",Car Perfume,1,7.99,7.99,2.35,5.64
SH-01199,2025-10-11,2025-10-01,Shopify,AZ,C-01424,CP-REFILL-20,"Car Perfume refill, 2 x 10 ml",Refills,1,10.99,10.99,2.1,8.89
SH-01199,2025-10-11,2025-10-01,Shopify,AZ,C-01424,CP-REFILL-30,"Car Perfume refill, 3 x 10 ml",Refills,1,14.99,14.99,3.15,11.84
SH-01200,2025-10-11,2025-10-01,Shopify,PA,C-01428,CP-BOTTLE-CLASSIC,"Car Perfume bottle, Onyx, Chrome or Gold",Car Perfume,1,7.99,7.99,2.35,5.64
SH-01201,2025-10-11,2025-10-01,Shopify,IL,C-01429,CP-REFILL-10,"Car Perfume refill, 10 ml",Refills,3,5.99,17.97,3.15,14.82
SH-01201,2025-10-11,2025-10-01,Shopify,IL,C-01429,CP-REFILL-20,"Car Perfume refill, 2 x 10 ml",Refills,1,10.99,10.99,2.1,8.89
SH-01202,2025-10-11,2025-10-01,Shopify,NY,C-01430,CP-BOTTLE-CLASSIC,"Car Perfume bottle, Onyx, Chrome or Gold",Car Perfume,1,7.99,7.99,2.35,5.64
EB-00707,2025-10-12,2025-10-01,eBay,NV,C-01434,DF-VAL-BIR,Valentino Born in Roma Uomo EDT 3.4 oz,Designer fragrance,1,96.81,96.81,76.0,20.81
EB-00708,2025-10-12,2025-10-01,eBay,CA,C-01436,DF-VAL-BIR,Valentino Born in Roma Uomo EDT 3.4 oz,Designer fragrance,1,98.48,98.48,76.0,22.48
EB-00709,2025-10-12,2025-10-01,eBay,NC,C-01437,DF-YSL-LIBRE,YSL Libre EDP 3.0 oz,Designer fragrance,1,102.34,102.34,82.0,20.34
EB-00710,2025-10-12,2025-10-01,eBay,CA,C-01438,DF-DIOR-SAUVAGE,Dior Sauvage EDT 3.4 oz,Designer fragrance,1,95.97,95.97,76.0,19.97
EB-00710,2025-10-12,2025-10-01,eBay,CA,C-01438,DF-VAL-BIR,Valentino Born in Roma Uomo EDT 3.4 oz,Designer fragrance,1,98.7,98.7,76.0,22.7
SH-01203,2025-10-12,2025-10-01,Shopify,PA,C-01432,DF-YSL-LIBRE,YSL Libre EDP 3.0 oz,Designer fragrance,1,107.5,107.5,82.0,25.5
SH-01204,2025-10-12,2025-10-01,Shopify,CA,C-01433,DF-VERSACE-EROS,Versace Eros EDT 3.4 oz,Designer fragrance,1,61.69,61.69,46.0,15.69
SH-01205,2025-10-12,2025-10-01,Shopify,VA,C-01435,CP-BOTTLE-COLOR,"Car Perfume bottle, color collection",Car Perfume,1,9.99,9.99,2.55,7.44
SH-01206,2025-10-12,2025-10-01,Shopify,NY,C-01100,CP-REFILL-30,"Car Perfume refill, 3 x 10 ml",Refills,2,14.99,29.98,6.3,23.68
SH-01206,2025-10-12,2025-10-01,Shopify,NY,C-01100,CP-REFILL-10,"Car Perfume refill, 10 ml",Refills,1,5.99,5.99,1.05,4.94
SH-01206,2025-10-12,2025-10-01,Shopify,NY,C-01100,CP-REFILL-20,"Car Perfume refill, 2 x 10 ml",Refills,1,10.99,10.99,2.1,8.89
SH-01207,2025-10-12,2025-10-01,Shopify,AZ,C-01141,DF-VAL-BIR,Valentino Born in Roma Uomo EDT 3.4 oz,Designer fragrance,1,95.58,95.58,76.0,19.58
SH-01208,2025-10-12,2025-10-01,Shopify,CA,C-01439,CP-BOTTLE-COLOR,"Car Perfume bottle, color collection",Car Perfume,1,9.99,9.99,2.55,7.44
SH-01208,2025-10-12,2025-10-01,Shopify,CA,C-01439,CP-REFILL-10,"Car Perfume refill, 10 ml",Refills,1,5.99,5.99,1.05,4.94
SH-01208,2025-10-12,2025-10-01,Shopify,CA,C-01439,CP-REFILL-20,"Car Perfume refill, 2 x 10 ml",Refills,1,10.99,10.99,2.1,8.89
SH-01209,2025-10-12,2025-10-01,Shopify,FL,C-01440,CP-BOTTLE-COLOR,"Car Perfume bottle, color collection",Car Perfume,1,9.99,9.99,2.55,7.44
SH-01209,2025-10-12,2025-10-01,Shopify,FL,C-01440,CP-REFILL-10,"Car Perfume refill, 10 ml",Refills,1,5.99,5.99,1.05,4.94
SH-01210,2025-10-12,2025-10-01,Shopify,IL,C-01441,CP-REFILL-10,"Car Perfume refill, 10 ml",Refills,2,5.99,11.98,2.1,9.88
EB-00711,2025-10-13,2025-10-01,eBay,CA,C-00711,DF-PDM-DELINA,Parfums de Marly Delina EDP 2.5 oz,Designer fragrance,1,203.83,203.83,170.0,33.83
SH-01211,2025-10-13,2025-10-01,Shopify,GA,C-01442,DF-VERSACE-EROS,Versace Eros EDT 3.4 oz,Designer fragrance,1,60.49,60.49,46.0,14.49
SH-01212,2025-10-13,2025-10-01,Shopify,CA,C-01443,DF-MFK-BR540,Maison Francis Kurkdjian Baccarat Rouge 540 EDP 2.4 oz,Designer fragrance,1,263.3,263.3,219.0,44.3
SH-01212,2025-10-13,2025-10-01,Shopify,CA,C-01443,DF-CREED-AVENTUS,Creed Aventus EDP 3.3 oz,Designer fragrance,1,289.98,289.98,244.0,45.98
SH-01213,2025-10-13,2025-10-01,Shopify,GA,C-00851,CP-REFILL-20,"Car Perfume refill, 2 x 10 ml",Refills,2,10.99,21.98,4.2,17.78
SH-01214,2025-10-13,2025-10-01,Shopify,CA,C-01311,CP-REFILL-20,"Car Perfume refill, 2 x 10 ml",Refills,2,10.99,21.98,4.2,17.78
SH-01214,2025-10-13,2025-10-01,Shopify,CA,C-01311,CP-REFILL-10,"Car Perfume refill, 10 ml",Refills,1,5.99,5.99,1.05,4.94
SH-01215,2025-10-14,2025-10-01,Shopify,CA,C-01444,CP-REFILL-30,"Car Perfume refill, 3 x 10 ml",Refills,2,14.99,29.98,6.3,23.68
SH-01215,2025-10-14,2025-10-01,Shopify,CA,C-01444,CP-REFILL-10,"Car Perfume refill, 10 ml",Refills,1,5.99,5.99,1.05,4.94
SH-01216,2025-10-14,2025-10-01,Shopify,IL,C-01441,CP-BOTTLE-CLASSIC,"Car Perfume bottle, Onyx, Chrome or Gold",Car Perfume,1,7.99,7.99,2.35,5.64
SH-01216,2025-10-14,2025-10-01,Shopify,IL,C-01441,CP-REFILL-30,"Car Perfume refill, 3 x 10 ml",Refills,1,14.99,14.99,3.15,11.84
SH-01217,2025-10-14,2025-10-01,Shopify,TX,C-01058,DF-VAL-BIR,Valentino Born in Roma Uomo EDT 3.4 oz,Designer fragrance,1,95.52,95.52,76.0,19.52
SH-01218,2025-10-14,2025-10-01,Shopify,CA,C-01171,CP-BOTTLE-COLOR,"Car Perfume bottle, color collection",Car Perfume,1,9.99,9.99,2.55,7.44
SH-01218,2025-10-14,2025-10-01,Shopify,CA,C-01171,CP-REFILL-10,"Car Perfume refill, 10 ml",Refills,1,5.99,5.99,1.05,4.94
EB-00712,2025-10-15,2025-10-01,eBay,NJ,C-01446,DF-TF-OMBRE,Tom Ford Ombre Leather EDP 3.4 oz,Designer fragrance,1,121.5,121.5,93.0,28.5
EB-00713,2025-10-15,2025-10-01,eBay,CA,C-00905,DF-DIOR-SAUVAGE,Dior Sauvage EDT 3.4 oz,Designer fragrance,1,92.89,92.89,76.0,16.89
EB-00714,2025-10-15,2025-10-01,eBay,CA,C-01447,DF-DIOR-SAUVAGE,Dior Sauvage EDT 3.4 oz,Designer fragrance,1,94.87,94.87,76.0,18.87
SH-01219,2025-10-15,2025-10-01,Shopify,FL,C-01445,CP-REFILL-20,"Car Perfume refill, 2 x 10 ml",Refills,1,10.99,10.99,2.1,8.89
SH-01219,2025-10-15,2025-10-01,Shopify,FL,C-01445,CP-REFILL-10,"Car Perfume refill, 10 ml",Refills,3,5.99,17.97,3.15,14.82
SH-01220,2025-10-15,2025-10-01,Shopify,OH,C-00620,DF-YSL-LIBRE,YSL Libre EDP 3.0 oz,Designer fragrance,1,101.39,101.39,82.0,19.39
SH-01221,2025-10-15,2025-10-01,Shopify,CA,C-00220,CP-BOTTLE-COLOR,"Car Perfume bottle, color collection",Car Perfume,1,9.99,9.99,2.55,7.44
SH-01221,2025-10-15,2025-10-01,Shopify,CA,C-00220,CP-REFILL-30,"Car Perfume refill, 3 x 10 ml",Refills,1,14.99,14.99,3.15,11.84
SH-01221,2025-10-15,2025-10-01,Shopify,CA,C-00220,CP-REFILL-10,"Car Perfume refill, 10 ml",Refills,2,5.99,11.98,2.1,9.88
SH-01222,2025-10-15,2025-10-01,Shopify,CA,C-01448,CP-BOTTLE-COLOR,"Car Perfume bottle, color collection",Car Perfume,1,9.99,9.99,2.55,7.44
SH-01222,2025-10-15,2025-10-01,Shopify,CA,C-01448,CP-REFILL-30,"Car Perfume refill, 3 x 10 ml",Refills,1,14.99,14.99,3.15,11.84
SH-01223,2025-10-15,2025-10-01,Shopify,CA,C-01231,CP-REFILL-30,"Car Perfume refill, 3 x 10 ml",Refills,1,14.99,14.99,3.15,11.84
SH-01224,2025-10-15,2025-10-01,Shopify,CA,C-01449,CP-BOTTLE-COLOR,"Car Perfume bottle, color collection",Car Perfume,1,9.99,9.99,2.55,7.44
SH-01224,2025-10-15,2025-10-01,Shopify,CA,C-01449,CP-REFILL-20,"Car Perfume refill, 2 x 10 ml",Refills,1,10.99,10.99,2.1,8.89
SH-01225,2025-10-15,2025-10-01,Shopify,CA,C-01450,CP-REFILL-10,"Car Perfume refill, 10 ml",Refills,1,5.99,5.99,1.05,4.94
SH-01226,2025-10-15,2025-10-01,Shopify,TX,C-01451,CP-BOTTLE-COLOR,"Car Perfume bottle, color collection",Car Perfume,1,9.99,9.99,2.55,7.44
EB-00715,2025-10-16,2025-10-01,eBay,WA,C-01453,DF-VERSACE-EROS,Versace Eros EDT 3.4 oz,Designer fragrance,1,59.37,59.37,46.0,13.37
EB-00716,2025-10-16,2025-10-01,eBay,IL,C-00241,DF-PDM-LAYTON,Parfums de Marly Layton EDP 4.2 oz,Designer fragrance,1,189.65,189.65,148.0,41.65
EB-00717,2025-10-16,2025-10-01,eBay,FL,C-01456,CP-REFILL-10,"Car Perfume refill, 10 ml",Refills,2,5.99,11.98,2.1,9.88
EB-00718,2025-10-16,2025-10-01,eBay,CO,C-01457,CP-BOTTLE-CLASSIC,"Car Perfume bottle, Onyx, Chrome or Gold",Car Perfume,1,7.99,7.99,2.35,5.64
EB-00718,2025-10-16,2025-10-01,eBay,CO,C-01457,CP-REFILL-10,"Car Perfume refill, 10 ml",Refills,1,5.99,5.99,1.05,4.94
SH-01227,2025-10-16,2025-10-01,Shopify,CA,C-01422,CP-REFILL-10,"Car Perfume refill, 10 ml",Refills,2,5.99,11.98,2.1,9.88
SH-01227,2025-10-16,2025-10-01,Shopify,CA,C-01422,CP-REFILL-20,"Car Perfume refill, 2 x 10 ml",Refills,1,10.99,10.99,2.1,8.89
SH-01227,2025-10-16,2025-10-01,Shopify,CA,C-01422,CP-REFILL-30,"Car Perfume refill, 3 x 10 ml",Refills,1,14.99,14.99,3.15,11.84
SH-01228,2025-10-16,2025-10-01,Shopify,CA,C-01452,DF-YSL-LIBRE,YSL Libre EDP 3.0 oz,Designer fragrance,1,104.86,104.86,82.0,22.86
SH-01229,2025-10-16,2025-10-01,Shopify,OH,C-01454,DF-MFK-BR540,Maison Francis Kurkdjian Baccarat Rouge 540 EDP 2.4 oz,Designer fragrance,1,265.34,265.34,219.0,46.34
SH-01230,2025-10-16,2025-10-01,Shopify,VA,C-01455,DF-VAL-BIR,Valentino Born in Roma Uomo EDT 3.4 oz,Designer fragrance,1,99.03,99.03,76.0,23.03
SH-01231,2025-10-16,2025-10-01,Shopify,PA,C-01428,CP-REFILL-20,"Car Perfume refill, 2 x 10 ml",Refills,2,10.99,21.98,4.2,17.78
SH-01232,2025-10-16,2025-10-01,Shopify,NV,C-00517,CP-BOTTLE-COLOR,"Car Perfume bottle, color collection",Car Perfume,1,9.99,9.99,2.55,7.44
EB-00719,2025-10-17,2025-10-01,eBay,FL,C-01459,DF-DIOR-SAUVAGE,Dior Sauvage EDT 3.4 oz,Designer fragrance,1,98.11,98.11,76.0,22.11
EB-00720,2025-10-17,2025-10-01,eBay,MD,C-01460,DF-PDM-LAYTON,Parfums de Marly Layton EDP 4.2 oz,Designer fragrance,1,186.96,186.96,148.0,38.96
SH-01233,2025-10-17,2025-10-01,Shopify,CA,C-01458,DF-DIOR-SAUVAGE,Dior Sauvage EDT 3.4 oz,Designer fragrance,1,95.32,95.32,76.0,19.32
SH-01234,2025-10-17,2025-10-01,Shopify,CA,C-01461,CP-BOTTLE-COLOR,"Car Perfume bottle, color collection",Car Perfume,1,9.99,9.99,2.55,7.44
SH-01234,2025-10-17,2025-10-01,Shopify,CA,C-01461,CP-REFILL-30,"Car Perfume refill, 3 x 10 ml",Refills,1,14.99,14.99,3.15,11.84
SH-01235,2025-10-17,2025-10-01,Shopify,WA,C-01462,CP-BOTTLE-CLASSIC,"Car Perfume bottle, Onyx, Chrome or Gold",Car Perfume,1,7.99,7.99,2.35,5.64
SH-01235,2025-10-17,2025-10-01,Shopify,WA,C-01462,CP-REFILL-10,"Car Perfume refill, 10 ml",Refills,2,5.99,11.98,2.1,9.88
EB-00721,2025-10-18,2025-10-01,eBay,NY,C-01242,DF-DIOR-SAUVAGE,Dior Sauvage EDT 3.4 oz,Designer fragrance,1,94.04,94.04,76.0,18.04
EB-00722,2025-10-18,2025-10-01,eBay,TX,C-01464,DF-JPG-ELIXIR,Jean Paul Gaultier Le Male Elixir 4.2 oz,Designer fragrance,1,107.98,107.98,87.0,20.98
SH-01236,2025-10-18,2025-10-01,Shopify,NY,C-00958,CP-BOTTLE-CLASSIC,"Car Perfume bottle, Onyx, Chrome or Gold",Car Perfume,1,7.99,7.99,2.35,5.64
SH-01236,2025-10-18,2025-10-01,Shopify,NY,C-00958,CP-REFILL-10,"Car Perfume refill, 10 ml",Refills,1,5.99,5.99,1.05,4.94
SH-01237,2025-10-18,2025-10-01,Shopify,TX,C-01463,CP-REFILL-30,"Car Perfume refill, 3 x 10 ml",Refills,2,14.99,29.98,6.3,23.68
SH-01237,2025-10-18,2025-10-01,Shopify,TX,C-01463,CP-REFILL-10,"Car Perfume refill, 10 ml",Refills,2,5.99,11.98,2.1,9.88
SH-01238,2025-10-18,2025-10-01,Shopify,FL,C-01146,CP-REFILL-20,"Car Perfume refill, 2 x 10 ml",Refills,3,10.99,32.97,6.3,26.67
SH-01238,2025-10-18,2025-10-01,Shopify,FL,C-01146,CP-REFILL-30,"Car Perfume refill, 3 x 10 ml",Refills,1,14.99,14.99,3.15,11.84
EB-00723,2025-10-19,2025-10-01,eBay,CA,C-01466,DF-PDM-LAYTON,Parfums de Marly Layton EDP 4.2 oz,Designer fragrance,1,179.74,179.74,148.0,31.74
SH-01239,2025-10-19,2025-10-01,Shopify,FL,C-01465,CP-BOTTLE-CLASSIC,"Car Perfume bottle, Onyx, Chrome or Gold",Car Perfume,1,7.99,7.99,2.35,5.64
SH-01239,2025-10-19,2025-10-01,Shopify,FL,C-01465,CP-REFILL-20,"Car Perfume refill, 2 x 10 ml",Refills,1,10.99,10.99,2.1,8.89
SH-01240,2025-10-19,2025-10-01,Shopify,CA,C-00919,CP-BOTTLE-CLASSIC,"Car Perfume bottle, Onyx, Chrome or Gold",Car Perfume,1,7.99,7.99,2.35,5.64
SH-01240,2025-10-19,2025-10-01,Shopify,CA,C-00919,CP-REFILL-20,"Car Perfume refill, 2 x 10 ml",Refills,1,10.99,10.99,2.1,8.89
SH-01240,2025-10-19,2025-10-01,Shopify,CA,C-00919,CP-REFILL-10,"Car Perfume refill, 10 ml",Refills,1,5.99,5.99,1.05,4.94
SH-01241,2025-10-19,2025-10-01,Shopify,TX,C-01467,CP-BOTTLE-COLOR,"Car Perfume bottle, color collection",Car Perfume,1,9.99,9.99,2.55,7.44
SH-01241,2025-10-19,2025-10-01,Shopify,TX,C-01467,CP-REFILL-10,"Car Perfume refill, 10 ml",Refills,1,5.99,5.99,1.05,4.94
SH-01242,2025-10-19,2025-10-01,Shopify,TX,C-01451,CP-REFILL-20,"Car Perfume refill, 2 x 10 ml",Refills,1,10.99,10.99,2.1,8.89
SH-01242,2025-10-19,2025-10-01,Shopify,TX,C-01451,CP-REFILL-10,"Car Perfume refill, 10 ml",Refills,3,5.99,17.97,3.15,14.82
SH-01243,2025-10-19,2025-10-01,Shopify,CA,C-01468,DF-VERSACE-EROS,Versace Eros EDT 3.4 oz,Designer fragrance,1,63.81,63.81,46.0,17.81
SH-01244,2025-10-19,2025-10-01,Shopify,CA,C-01469,DF-DIOR-SAUVAGE,Dior Sauvage EDT 3.4 oz,Designer fragrance,1,96.35,96.35,76.0,20.35
SH-01245,2025-10-19,2025-10-01,Shopify,CA,C-01470,CP-REFILL-10,"Car Perfume refill, 10 ml",Refills,1,5.99,5.99,1.05,4.94
SH-01245,2025-10-19,2025-10-01,Shopify,CA,C-01470,CP-REFILL-20,"Car Perfume refill, 2 x 10 ml",Refills,1,10.99,10.99,2.1,8.89
EB-00724,2025-10-20,2025-10-01,eBay,CA,C-01471,DF-INITIO-OUD,Initio Oud for Greatness EDP 3.0 oz,Designer fragrance,1,206.38,206.38,169.0,37.38
EB-00725,2025-10-20,2025-10-01,eBay,GA,C-01341,CP-REFILL-30,"Car Perfume refill, 3 x 10 ml",Refills,1,14.99,14.99,3.15,11.84
EB-00725,2025-10-20,2025-10-01,eBay,GA,C-01341,CP-REFILL-10,"Car Perfume refill, 10 ml",Refills,2,5.99,11.98,2.1,9.88
EB-00725,2025-10-20,2025-10-01,eBay,GA,C-01341,CP-REFILL-20,"Car Perfume refill, 2 x 10 ml",Refills,1,10.99,10.99,2.1,8.89
EB-00726,2025-10-20,2025-10-01,eBay,NY,C-00890,CP-BOTTLE-CLASSIC,"Car Perfume bottle, Onyx, Chrome or Gold",Car Perfume,1,7.99,7.99,2.35,5.64
EB-00726,2025-10-20,2025-10-01,eBay,NY,C-00890,CP-REFILL-10,"Car Perfume refill, 10 ml",Refills,1,5.99,5.99,1.05,4.94
EB-00726,2025-10-20,2025-10-01,eBay,NY,C-00890,CP-REFILL-20,"Car Perfume refill, 2 x 10 ml",Refills,1,10.99,10.99,2.1,8.89
EB-00727,2025-10-20,2025-10-01,eBay,CA,C-01425,DF-DIOR-SAUVAGE,Dior Sauvage EDT 3.4 oz,Designer fragrance,1,95.23,95.23,76.0,19.23
EB-00728,2025-10-20,2025-10-01,eBay,NY,C-01472,DF-DIOR-SAUVAGE,Dior Sauvage EDT 3.4 oz,Designer fragrance,1,97.7,97.7,76.0,21.7
SH-01246,2025-10-20,2025-10-01,Shopify,TX,C-01001,CP-REFILL-30,"Car Perfume refill, 3 x 10 ml",Refills,2,14.99,29.98,6.3,23.68
SH-01247,2025-10-20,2025-10-01,Shopify,CA,C-01473,CP-BOTTLE-CLASSIC,"Car Perfume bottle, Onyx, Chrome or Gold",Car Perfume,1,7.99,7.99,2.35,5.64
SH-01248,2025-10-20,2025-10-01,Shopify,WA,C-00043,CP-REFILL-10,"Car Perfume refill, 10 ml",Refills,1,5.99,5.99,1.05,4.94
SH-01248,2025-10-20,2025-10-01,Shopify,WA,C-00043,CP-REFILL-20,"Car Perfume refill, 2 x 10 ml",Refills,1,10.99,10.99,2.1,8.89
EB-00729,2025-10-21,2025-10-01,eBay,CA,C-01474,DF-DIOR-SAUVAGE,Dior Sauvage EDT 3.4 oz,Designer fragrance,1,98.36,98.36,76.0,22.36
EB-00730,2025-10-21,2025-10-01,eBay,FL,C-01476,DF-PDM-LAYTON,Parfums de Marly Layton EDP 4.2 oz,Designer fragrance,1,184.76,184.76,148.0,36.76
EB-00731,2025-10-21,2025-10-01,eBay,OR,C-01477,CP-BOTTLE-CLASSIC,"Car Perfume bottle, Onyx, Chrome or Gold",Car Perfume,1,7.99,7.99,2.35,5.64
EB-00731,2025-10-21,2025-10-01,eBay,OR,C-01477,CP-REFILL-10,"Car Perfume refill, 10 ml",Refills,1,5.99,5.99,1.05,4.94
EB-00731,2025-10-21,2025-10-01,eBay,OR,C-01477,CP-REFILL-30,"Car Perfume refill, 3 x 10 ml",Refills,1,14.99,14.99,3.15,11.84
SH-01249,2025-10-21,2025-10-01,Shopify,TX,C-01475,DF-CREED-AVENTUS,Creed Aventus EDP 3.3 oz,Designer fragrance,1,286.74,286.74,244.0,42.74
SH-01250,2025-10-21,2025-10-01,Shopify,AZ,C-01478,CP-REFILL-20,"Car Perfume refill, 2 x 10 ml",Refills,1,10.99,10.99,2.1,8.89
SH-01250,2025-10-21,2025-10-01,Shopify,AZ,C-01478,CP-REFILL-10,"Car Perfume refill, 10 ml",Refills,1,5.99,5.99,1.05,4.94
EB-00732,2025-10-22,2025-10-01,eBay,NJ,C-01480,DF-MFK-BR540,Maison Francis Kurkdjian Baccarat Rouge 540 EDP 2.4 oz,Designer fragrance,1,271.86,271.86,219.0,52.86
EB-00733,2025-10-22,2025-10-01,eBay,TX,C-01481,CP-REFILL-30,"Car Perfume refill, 3 x 10 ml",Refills,1,14.99,14.99,3.15,11.84
EB-00733,2025-10-22,2025-10-01,eBay,TX,C-01481,CP-REFILL-10,"Car Perfume refill, 10 ml",Refills,1,5.99,5.99,1.05,4.94
EB-00734,2025-10-22,2025-10-01,eBay,AZ,C-00507,DF-TF-OMBRE,Tom Ford Ombre Leather EDP 3.4 oz,Designer fragrance,1,117.49,117.49,93.0,24.49
EB-00735,2025-10-22,2025-10-01,eBay,VA,C-01484,CP-REFILL-10,"Car Perfume refill, 10 ml",Refills,1,5.99,5.99,1.05,4.94
EB-00735,2025-10-22,2025-10-01,eBay,VA,C-01484,CP-REFILL-20,"Car Perfume refill, 2 x 10 ml",Refills,1,10.99,10.99,2.1,8.89
EB-00736,2025-10-22,2025-10-01,eBay,CA,C-01425,DF-JPG-ELIXIR,Jean Paul Gaultier Le Male Elixir 4.2 oz,Designer fragrance,1,111.19,111.19,87.0,24.19
EB-00737,2025-10-22,2025-10-01,eBay,FL,C-01146,CP-REFILL-30,"Car Perfume refill, 3 x 10 ml",Refills,2,14.99,29.98,6.3,23.68
SH-01251,2025-10-22,2025-10-01,Shopify,CA,C-01311,CP-REFILL-20,"Car Perfume refill, 2 x 10 ml",Refills,2,10.99,21.98,4.2,17.78
SH-01251,2025-10-22,2025-10-01,Shopify,CA,C-01311,CP-REFILL-10,"Car Perfume refill, 10 ml",Refills,1,5.99,5.99,1.05,4.94
SH-01252,2025-10-22,2025-10-01,Shopify,CA,C-01479,DF-CREED-AVENTUS,Creed Aventus EDP 3.3 oz,Designer fragrance,1,279.37,279.37,244.0,35.37
SH-01253,2025-10-22,2025-10-01,Shopify,CA,C-01231,CP-BOTTLE-CLASSIC,"Car Perfume bottle, Onyx, Chrome or Gold",Car Perfume,1,7.99,7.99,2.35,5.64
SH-01253,2025-10-22,2025-10-01,Shopify,CA,C-01231,CP-REFILL-10,"Car Perfume refill, 10 ml",Refills,1,5.99,5.99,1.05,4.94
SH-01254,2025-10-22,2025-10-01,Shopify,NV,C-01482,CP-REFILL-10,"Car Perfume refill, 10 ml",Refills,1,5.99,5.99,1.05,4.94
SH-01255,2025-10-22,2025-10-01,Shopify,TX,C-01483,CP-BOTTLE-CLASSIC,"Car Perfume bottle, Onyx, Chrome or Gold",Car Perfume,1,7.99,7.99,2.35,5.64
SH-01255,2025-10-22,2025-10-01,Shopify,TX,C-01483,CP-REFILL-20,"Car Perfume refill, 2 x 10 ml",Refills,1,10.99,10.99,2.1,8.89
EB-00738,2025-10-23,2025-10-01,eBay,CA,C-01419,CP-BOTTLE-CLASSIC,"Car Perfume bottle, Onyx, Chrome or Gold",Car Perfume,1,7.99,7.99,2.35,5.64
SH-01256,2025-10-23,2025-10-01,Shopify,TX,C-01485,CP-BOTTLE-CLASSIC,"Car Perfume bottle, Onyx, Chrome or Gold",Car Perfume,1,7.99,7.99,2.35,5.64
SH-01257,2025-10-23,2025-10-01,Shopify,WA,C-01486,CP-REFILL-30,"Car Perfume refill, 3 x 10 ml",Refills,1,14.99,14.99,3.15,11.84
SH-01258,2025-10-23,2025-10-01,Shopify,FL,C-01221,CP-REFILL-10,"Car Perfume refill, 10 ml",Refills,2,5.99,11.98,2.1,9.88
SH-01258,2025-10-23,2025-10-01,Shopify,FL,C-01221,CP-REFILL-20,"Car Perfume refill, 2 x 10 ml",Refills,1,10.99,10.99,2.1,8.89
SH-01259,2025-10-23,2025-10-01,Shopify,TX,C-01277,CP-BOTTLE-CLASSIC,"Car Perfume bottle, Onyx, Chrome or Gold",Car Perfume,1,7.99,7.99,2.35,5.64
SH-01259,2025-10-23,2025-10-01,Shopify,TX,C-01277,CP-REFILL-20,"Car Perfume refill, 2 x 10 ml",Refills,2,10.99,21.98,4.2,17.78
EB-00739,2025-10-24,2025-10-01,eBay,OH,C-01488,CP-REFILL-30,"Car Perfume refill, 3 x 10 ml",Refills,1,14.99,14.99,3.15,11.84
EB-00740,2025-10-24,2025-10-01,eBay,FL,C-01490,DF-VAL-BIR,Valentino Born in Roma Uomo EDT 3.4 oz,Designer fragrance,1,98.08,98.08,76.0,22.08
SH-01260,2025-10-24,2025-10-01,Shopify,TN,C-01487,DF-VERSACE-EROS,Versace Eros EDT 3.4 oz,Designer fragrance,1,61.92,61.92,46.0,15.92
SH-01261,2025-10-24,2025-10-01,Shopify,WA,C-01296,DF-CREED-AVENTUS,Creed Aventus EDP 3.3 oz,Designer fragrance,1,287.9,287.9,244.0,43.9
SH-01262,2025-10-24,2025-10-01,Shopify,OH,C-01489,CP-REFILL-30,"Car Perfume refill, 3 x 10 ml",Refills,1,14.99,14.99,3.15,11.84
EB-00741,2025-10-25,2025-10-01,eBay,IL,C-00871,DF-VERSACE-EROS,Versace Eros EDT 3.4 oz,Designer fragrance,1,62.41,62.41,46.0,16.41
EB-00741,2025-10-25,2025-10-01,eBay,IL,C-00871,DF-PDM-LAYTON,Parfums de Marly Layton EDP 4.2 oz,Designer fragrance,1,173.98,173.98,148.0,25.98
EB-00742,2025-10-25,2025-10-01,eBay,OH,C-01492,CP-BOTTLE-CLASSIC,"Car Perfume bottle, Onyx, Chrome or Gold",Car Perfume,1,7.99,7.99,2.35,5.64
EB-00742,2025-10-25,2025-10-01,eBay,OH,C-01492,CP-REFILL-30,"Car Perfume refill, 3 x 10 ml",Refills,1,14.99,14.99,3.15,11.84
SH-01263,2025-10-25,2025-10-01,Shopify,CA,C-01491,DF-INITIO-OUD,Initio Oud for Greatness EDP 3.0 oz,Designer fragrance,1,209.16,209.16,169.0,40.16
SH-01264,2025-10-25,2025-10-01,Shopify,NJ,C-01174,CP-BOTTLE-CLASSIC,"Car Perfume bottle, Onyx, Chrome or Gold",Car Perfume,1,7.99,7.99,2.35,5.64
SH-01264,2025-10-25,2025-10-01,Shopify,NJ,C-01174,CP-REFILL-20,"Car Perfume refill, 2 x 10 ml",Refills,1,10.99,10.99,2.1,8.89
SH-01265,2025-10-25,2025-10-01,Shopify,CA,C-01324,DF-YSL-LIBRE,YSL Libre EDP 3.0 oz,Designer fragrance,1,106.05,106.05,82.0,24.05
SH-01266,2025-10-25,2025-10-01,Shopify,GA,C-01493,DF-PDM-DELINA,Parfums de Marly Delina EDP 2.5 oz,Designer fragrance,1,208.39,208.39,170.0,38.39
EB-00743,2025-10-26,2025-10-01,eBay,CA,C-01494,DF-TF-OMBRE,Tom Ford Ombre Leather EDP 3.4 oz,Designer fragrance,1,115.99,115.99,93.0,22.99
EB-00744,2025-10-26,2025-10-01,eBay,TX,C-01496,DF-VERSACE-EROS,Versace Eros EDT 3.4 oz,Designer fragrance,1,63.22,63.22,46.0,17.22
EB-00745,2025-10-26,2025-10-01,eBay,CA,C-01497,DF-JPG-ELIXIR,Jean Paul Gaultier Le Male Elixir 4.2 oz,Designer fragrance,1,110.93,110.93,87.0,23.93
EB-00746,2025-10-26,2025-10-01,eBay,NY,C-00829,CP-BOTTLE-CLASSIC,"Car Perfume bottle, Onyx, Chrome or Gold",Car Perfume,1,7.99,7.99,2.35,5.64
EB-00746,2025-10-26,2025-10-01,eBay,NY,C-00829,CP-REFILL-20,"Car Perfume refill, 2 x 10 ml",Refills,1,10.99,10.99,2.1,8.89
SH-01267,2025-10-26,2025-10-01,Shopify,CA,C-01495,CP-REFILL-10,"Car Perfume refill, 10 ml",Refills,3,5.99,17.97,3.15,14.82
SH-01267,2025-10-26,2025-10-01,Shopify,CA,C-01495,CP-REFILL-30,"Car Perfume refill, 3 x 10 ml",Refills,1,14.99,14.99,3.15,11.84
SH-01268,2025-10-26,2025-10-01,Shopify,FL,C-01440,CP-BOTTLE-COLOR,"Car Perfume bottle, color collection",Car Perfume,1,9.99,9.99,2.55,7.44
EB-00747,2025-10-27,2025-10-01,eBay,CA,C-01498,CP-REFILL-20,"Car Perfume refill, 2 x 10 ml",Refills,1,10.99,10.99,2.1,8.89
EB-00747,2025-10-27,2025-10-01,eBay,CA,C-01498,CP-REFILL-10,"Car Perfume refill, 10 ml",Refills,2,5.99,11.98,2.1,9.88
EB-00747,2025-10-27,2025-10-01,eBay,CA,C-01498,CP-REFILL-30,"Car Perfume refill, 3 x 10 ml",Refills,1,14.99,14.99,3.15,11.84
EB-00748,2025-10-27,2025-10-01,eBay,FL,C-01500,DF-CREED-AVENTUS,Creed Aventus EDP 3.3 oz,Designer fragrance,1,301.91,301.91,244.0,57.91
EB-00749,2025-10-27,2025-10-01,eBay,CA,C-01503,DF-PDM-LAYTON,Parfums de Marly Layton EDP 4.2 oz,Designer fragrance,1,175.55,175.55,148.0,27.55
EB-00750,2025-10-27,2025-10-01,eBay,CA,C-01244,CP-REFILL-30,"Car Perfume refill, 3 x 10 ml",Refills,1,14.99,14.99,3.15,11.84
EB-00750,2025-10-27,2025-10-01,eBay,CA,C-01244,CP-REFILL-20,"Car Perfume refill, 2 x 10 ml",Refills,2,10.99,21.98,4.2,17.78
EB-00750,2025-10-27,2025-10-01,eBay,CA,C-01244,CP-REFILL-10,"Car Perfume refill, 10 ml",Refills,1,5.99,5.99,1.05,4.94
SH-01269,2025-10-27,2025-10-01,Shopify,CA,C-01499,CP-REFILL-10,"Car Perfume refill, 10 ml",Refills,2,5.99,11.98,2.1,9.88
SH-01269,2025-10-27,2025-10-01,Shopify,CA,C-01499,CP-REFILL-20,"Car Perfume refill, 2 x 10 ml",Refills,1,10.99,10.99,2.1,8.89
SH-01270,2025-10-27,2025-10-01,Shopify,WA,C-00460,DF-VERSACE-EROS,Versace Eros EDT 3.4 oz,Designer fragrance,1,63.39,63.39,46.0,17.39
SH-01271,2025-10-27,2025-10-01,Shopify,PA,C-01501,DF-CREED-AVENTUS,Creed Aventus EDP 3.3 oz,Designer fragrance,1,284.26,284.26,244.0,40.26
SH-01272,2025-10-27,2025-10-01,Shopify,CA,C-01502,CP-REFILL-20,"Car Perfume refill, 2 x 10 ml",Refills,3,10.99,32.97,6.3,26.67
SH-01272,2025-10-27,2025-10-01,Shopify,CA,C-01502,CP-REFILL-10,"Car Perfume refill, 10 ml",Refills,1,5.99,5.99,1.05,4.94
SH-01273,2025-10-27,2025-10-01,Shopify,GA,C-00134,CP-BOTTLE-CLASSIC,"Car Perfume bottle, Onyx, Chrome or Gold",Car Perfume,1,7.99,7.99,2.35,5.64
SH-01273,2025-10-27,2025-10-01,Shopify,GA,C-00134,CP-REFILL-30,"Car Perfume refill, 3 x 10 ml",Refills,1,14.99,14.99,3.15,11.84
SH-01274,2025-10-27,2025-10-01,Shopify,NY,C-01504,CP-BOTTLE-CLASSIC,"Car Perfume bottle, Onyx, Chrome or Gold",Car Perfume,1,7.99,7.99,2.35,5.64
SH-01274,2025-10-27,2025-10-01,Shopify,NY,C-01504,CP-REFILL-30,"Car Perfume refill, 3 x 10 ml",Refills,1,14.99,14.99,3.15,11.84
EB-00751,2025-10-28,2025-10-01,eBay,NY,C-01507,DF-TF-OMBRE,Tom Ford Ombre Leather EDP 3.4 oz,Designer fragrance,1,113.42,113.42,93.0,20.42
EB-00752,2025-10-28,2025-10-01,eBay,AZ,C-01508,DF-VAL-BIR,Valentino Born in Roma Uomo EDT 3.4 oz,Designer fragrance,1,94.75,94.75,76.0,18.75
SH-01275,2025-10-28,2025-10-01,Shopify,OH,C-01505,CP-REFILL-10,"Car Perfume refill, 10 ml",Refills,1,5.99,5.99,1.05,4.94
SH-01276,2025-10-28,2025-10-01,Shopify,TX,C-01506,CP-REFILL-30,"Car Perfume refill, 3 x 10 ml",Refills,1,14.99,14.99,3.15,11.84
SH-01276,2025-10-28,2025-10-01,Shopify,TX,C-01506,CP-REFILL-10,"Car Perfume refill, 10 ml",Refills,1,5.99,5.99,1.05,4.94
SH-01276,2025-10-28,2025-10-01,Shopify,TX,C-01506,CP-REFILL-20,"Car Perfume refill, 2 x 10 ml",Refills,1,10.99,10.99,2.1,8.89
SH-01277,2025-10-28,2025-10-01,Shopify,NC,C-01509,CP-REFILL-30,"Car Perfume refill, 3 x 10 ml",Refills,2,14.99,29.98,6.3,23.68
SH-01277,2025-10-28,2025-10-01,Shopify,NC,C-01509,CP-REFILL-20,"Car Perfume refill, 2 x 10 ml",Refills,2,10.99,21.98,4.2,17.78
EB-00753,2025-10-29,2025-10-01,eBay,CA,C-01511,DF-PDM-LAYTON,Parfums de Marly Layton EDP 4.2 oz,Designer fragrance,1,181.2,181.2,148.0,33.2
EB-00754,2025-10-29,2025-10-01,eBay,TN,C-01513,CP-REFILL-20,"Car Perfume refill, 2 x 10 ml",Refills,2,10.99,21.98,4.2,17.78
SH-01278,2025-10-29,2025-10-01,Shopify,CA,C-01426,CP-BOTTLE-COLOR,"Car Perfume bottle, color collection",Car Perfume,1,9.99,9.99,2.55,7.44
SH-01278,2025-10-29,2025-10-01,Shopify,CA,C-01426,CP-REFILL-10,"Car Perfume refill, 10 ml",Refills,1,5.99,5.99,1.05,4.94
SH-01279,2025-10-29,2025-10-01,Shopify,FL,C-01510,CP-REFILL-10,"Car Perfume refill, 10 ml",Refills,1,5.99,5.99,1.05,4.94
SH-01280,2025-10-29,2025-10-01,Shopify,AZ,C-01512,CP-REFILL-20,"Car Perfume refill, 2 x 10 ml",Refills,1,10.99,10.99,2.1,8.89
SH-01280,2025-10-29,2025-10-01,Shopify,AZ,C-01512,CP-REFILL-10,"Car Perfume refill, 10 ml",Refills,1,5.99,5.99,1.05,4.94
EB-00755,2025-10-30,2025-10-01,eBay,MA,C-01514,DF-INITIO-OUD,Initio Oud for Greatness EDP 3.0 oz,Designer fragrance,1,206.67,206.67,169.0,37.67
EB-00756,2025-10-30,2025-10-01,eBay,AZ,C-01515,CP-BOTTLE-CLASSIC,"Car Perfume bottle, Onyx, Chrome or Gold",Car Perfume,1,7.99,7.99,2.35,5.64
EB-00757,2025-10-30,2025-10-01,eBay,OR,C-01516,DF-JPG-ELIXIR,Jean Paul Gaultier Le Male Elixir 4.2 oz,Designer fragrance,1,112.63,112.63,87.0,25.63
SH-01281,2025-10-30,2025-10-01,Shopify,CA,C-00588,CP-REFILL-20,"Car Perfume refill, 2 x 10 ml",Refills,1,10.99,10.99,2.1,8.89
SH-01282,2025-10-30,2025-10-01,Shopify,OR,C-00858,CP-REFILL-10,"Car Perfume refill, 10 ml",Refills,2,5.99,11.98,2.1,9.88
SH-01283,2025-10-30,2025-10-01,Shopify,CA,C-01517,CP-BOTTLE-CLASSIC,"Car Perfume bottle, Onyx, Chrome or Gold",Car Perfume,1,7.99,7.99,2.35,5.64
EB-00758,2025-10-31,2025-10-01,eBay,CA,C-01519,CP-BOTTLE-CLASSIC,"Car Perfume bottle, Onyx, Chrome or Gold",Car Perfume,1,7.99,7.99,2.35,5.64
EB-00758,2025-10-31,2025-10-01,eBay,CA,C-01519,CP-REFILL-10,"Car Perfume refill, 10 ml",Refills,1,5.99,5.99,1.05,4.94
EB-00759,2025-10-31,2025-10-01,eBay,NC,C-01522,CP-REFILL-30,"Car Perfume refill, 3 x 10 ml",Refills,2,14.99,29.98,6.3,23.68
EB-00760,2025-10-31,2025-10-01,eBay,VA,C-00872,CP-REFILL-20,"Car Perfume refill, 2 x 10 ml",Refills,1,10.99,10.99,2.1,8.89
EB-00761,2025-10-31,2025-10-01,eBay,VA,C-01523,DF-DIOR-SAUVAGE,Dior Sauvage EDT 3.4 oz,Designer fragrance,1,100.24,100.24,76.0,24.24
SH-01284,2025-10-31,2025-10-01,Shopify,FL,C-01518,CP-BOTTLE-CLASSIC,"Car Perfume bottle, Onyx, Chrome or Gold",Car Perfume,1,7.99,7.99,2.35,5.64
SH-01285,2025-10-31,2025-10-01,Shopify,MI,C-01520,CP-REFILL-10,"Car Perfume refill, 10 ml",Refills,1,5.99,5.99,1.05,4.94
SH-01285,2025-10-31,2025-10-01,Shopify,MI,C-01520,CP-REFILL-30,"Car Perfume refill, 3 x 10 ml",Refills,1,14.99,14.99,3.15,11.84
SH-01286,2025-10-31,2025-10-01,Shopify,CA,C-01062,CP-BOTTLE-CLASSIC,"Car Perfume bottle, Onyx, Chrome or Gold",Car Perfume,1,7.99,7.99,2.35,5.64
SH-01286,2025-10-31,2025-10-01,Shopify,CA,C-01062,CP-REFILL-20,"Car Perfume refill, 2 x 10 ml",Refills,1,10.99,10.99,2.1,8.89
SH-01287,2025-10-31,2025-10-01,Shopify,CA,C-01521,CP-BOTTLE-COLOR,"Car Perfume bottle, color collection",Car Perfume,1,9.99,9.99,2.55,7.44
SH-01287,2025-10-31,2025-10-01,Shopify,CA,C-01521,CP-REFILL-10,"Car Perfume refill, 10 ml",Refills,1,5.99,5.99,1.05,4.94
EB-00762,2025-11-01,2025-11-01,eBay,CA,C-01524,DF-DIOR-SAUVAGE,Dior Sauvage EDT 3.4 oz,Designer fragrance,1,94.88,94.88,76.0,18.88
EB-00763,2025-11-01,2025-11-01,eBay,OR,C-01525,DF-YSL-LIBRE,YSL Libre EDP 3.0 oz,Designer fragrance,1,98.76,98.76,82.0,16.76
EB-00764,2025-11-01,2025-11-01,eBay,GA,C-01527,DF-DIOR-SAUVAGE,Dior Sauvage EDT 3.4 oz,Designer fragrance,1,95.12,95.12,76.0,19.12
EB-00765,2025-11-01,2025-11-01,eBay,AZ,C-01529,CP-REFILL-20,"Car Perfume refill, 2 x 10 ml",Refills,1,10.99,10.99,2.1,8.89
EB-00765,2025-11-01,2025-11-01,eBay,AZ,C-01529,CP-REFILL-10,"Car Perfume refill, 10 ml",Refills,1,5.99,5.99,1.05,4.94
EB-00765,2025-11-01,2025-11-01,eBay,AZ,C-01529,CP-REFILL-30,"Car Perfume refill, 3 x 10 ml",Refills,2,14.99,29.98,6.3,23.68
EB-00766,2025-11-01,2025-11-01,eBay,CA,C-01530,CP-REFILL-10,"Car Perfume refill, 10 ml",Refills,1,5.99,5.99,1.05,4.94
EB-00766,2025-11-01,2025-11-01,eBay,CA,C-01530,CP-REFILL-20,"Car Perfume refill, 2 x 10 ml",Refills,1,10.99,10.99,2.1,8.89
EB-00767,2025-11-01,2025-11-01,eBay,NC,C-01531,CP-BOTTLE-CLASSIC,"Car Perfume bottle, Onyx, Chrome or Gold",Car Perfume,1,7.99,7.99,2.35,5.64
EB-00768,2025-11-01,2025-11-01,eBay,IL,C-01532,CP-REFILL-20,"Car Perfume refill, 2 x 10 ml",Refills,1,10.99,10.99,2.1,8.89
SH-01288,2025-11-01,2025-11-01,Shopify,CA,C-01526,DF-VERSACE-EROS,Versace Eros EDT 3.4 oz,Designer fragrance,1,62.01,62.01,46.0,16.01
SH-01289,2025-11-01,2025-11-01,Shopify,CO,C-01528,CP-BOTTLE-COLOR,"Car Perfume bottle, color collection",Car Perfume,1,9.99,9.99,2.55,7.44
SH-01289,2025-11-01,2025-11-01,Shopify,CO,C-01528,CP-REFILL-20,"Car Perfume refill, 2 x 10 ml",Refills,1,10.99,10.99,2.1,8.89
SH-01289,2025-11-01,2025-11-01,Shopify,CO,C-01528,CP-REFILL-10,"Car Perfume refill, 10 ml",Refills,1,5.99,5.99,1.05,4.94
EB-00769,2025-11-02,2025-11-01,eBay,MD,C-00581,CP-BOTTLE-COLOR,"Car Perfume bottle, color collection",Car Perfume,1,9.99,9.99,2.55,7.44
EB-00769,2025-11-02,2025-11-01,eBay,MD,C-00581,CP-REFILL-30,"Car Perfume refill, 3 x 10 ml",Refills,1,14.99,14.99,3.15,11.84
EB-00770,2025-11-02,2025-11-01,eBay,TX,C-01536,DF-TF-OMBRE,Tom Ford Ombre Leather EDP 3.4 oz,Designer fragrance,1,119.59,119.59,93.0,26.59
EB-00771,2025-11-02,2025-11-01,eBay,CA,C-01537,CP-BOTTLE-CLASSIC,"Car Perfume bottle, Onyx, Chrome or Gold",Car Perfume,1,7.99,7.99,2.35,5.64
EB-00771,2025-11-02,2025-11-01,eBay,CA,C-01537,CP-REFILL-10,"Car Perfume refill, 10 ml",Refills,1,5.99,5.99,1.05,4.94
EB-00771,2025-11-02,2025-11-01,eBay,CA,C-01537,CP-REFILL-30,"Car Perfume refill, 3 x 10 ml",Refills,1,14.99,14.99,3.15,11.84
EB-00772,2025-11-02,2025-11-01,eBay,TX,C-01538,DF-YSL-LIBRE,YSL Libre EDP 3.0 oz,Designer fragrance,1,100.72,100.72,82.0,18.72
EB-00773,2025-11-02,2025-11-01,eBay,AZ,C-01541,CP-BOTTLE-CLASSIC,"Car Perfume bottle, Onyx, Chrome or Gold",Car Perfume,1,7.99,7.99,2.35,5.64
EB-00774,2025-11-02,2025-11-01,eBay,CA,C-01542,DF-PDM-DELINA,Parfums de Marly Delina EDP 2.5 oz,Designer fragrance,1,210.74,210.74,170.0,40.74
SH-01290,2025-11-02,2025-11-01,Shopify,FL,C-01533,CP-REFILL-20,"Car Perfume refill, 2 x 10 ml",Refills,1,10.99,10.99,2.1,8.89
SH-01291,2025-11-02,2025-11-01,Shopify,CA,C-01534,CP-REFILL-10,"Car Perfume refill, 10 ml",Refills,2,5.99,11.98,2.1,9.88
SH-01291,2025-11-02,2025-11-01,Shopify,CA,C-01534,CP-REFILL-20,"Car Perfume refill, 2 x 10 ml",Refills,1,10.99,10.99,2.1,8.89
SH-01292,2025-11-02,2025-11-01,Shopify,NJ,C-01535,DF-VAL-BIR,Valentino Born in Roma Uomo EDT 3.4 oz,Designer fragrance,1,99.7,99.7,76.0,23.7
SH-01293,2025-11-02,2025-11-01,Shopify,AZ,C-00940,CP-REFILL-10,"Car Perfume refill, 10 ml",Refills,1,5.99,5.99,1.05,4.94
SH-01294,2025-11-02,2025-11-01,Shopify,TX,C-01539,CP-BOTTLE-CLASSIC,"Car Perfume bottle, Onyx, Chrome or Gold",Car Perfume,1,7.99,7.99,2.35,5.64
SH-01295,2025-11-02,2025-11-01,Shopify,CA,C-01540,CP-BOTTLE-CLASSIC,"Car Perfume bottle, Onyx, Chrome or Gold",Car Perfume,1,7.99,7.99,2.35,5.64
SH-01295,2025-11-02,2025-11-01,Shopify,CA,C-01540,CP-REFILL-30,"Car Perfume refill, 3 x 10 ml",Refills,1,14.99,14.99,3.15,11.84
EB-00775,2025-11-03,2025-11-01,eBay,NY,C-01545,DF-YSL-LIBRE,YSL Libre EDP 3.0 oz,Designer fragrance,1,103.96,103.96,82.0,21.96
EB-00776,2025-11-03,2025-11-01,eBay,OR,C-01547,CP-REFILL-10,"Car Perfume refill, 10 ml",Refills,2,5.99,11.98,2.1,9.88
EB-00776,2025-11-03,2025-11-01,eBay,OR,C-01547,CP-REFILL-30,"Car Perfume refill, 3 x 10 ml",Refills,1,14.99,14.99,3.15,11.84
EB-00777,2025-11-03,2025-11-01,eBay,CA,C-01548,DF-MFK-BR540,Maison Francis Kurkdjian Baccarat Rouge 540 EDP 2.4 oz,Designer fragrance,1,253.36,253.36,219.0,34.36
SH-01296,2025-11-03,2025-11-01,Shopify,CA,C-01097,CP-BOTTLE-CLASSIC,"Car Perfume bottle, Onyx, Chrome or Gold",Car Perfume,1,7.99,7.99,2.35,5.64
SH-01296,2025-11-03,2025-11-01,Shopify,CA,C-01097,CP-REFILL-30,"Car Perfume refill, 3 x 10 ml",Refills,1,14.99,14.99,3.15,11.84
SH-01297,2025-11-03,2025-11-01,Shopify,TX,C-01543,CP-BOTTLE-CLASSIC,"Car Perfume bottle, Onyx, Chrome or Gold",Car Perfume,1,7.99,7.99,2.35,5.64
SH-01298,2025-11-03,2025-11-01,Shopify,CA,C-01544,DF-VERSACE-EROS,Versace Eros EDT 3.4 oz,Designer fragrance,1,58.28,58.28,46.0,12.28
SH-01299,2025-11-03,2025-11-01,Shopify,WA,C-01546,CP-BOTTLE-COLOR,"Car Perfume bottle, color collection",Car Perfume,1,9.99,9.99,2.55,7.44
SH-01299,2025-11-03,2025-11-01,Shopify,WA,C-01546,CP-REFILL-20,"Car Perfume refill, 2 x 10 ml",Refills,1,10.99,10.99,2.1,8.89
SH-01299,2025-11-03,2025-11-01,Shopify,WA,C-01546,CP-REFILL-10,"Car Perfume refill, 10 ml",Refills,1,5.99,5.99,1.05,4.94
SH-01300,2025-11-03,2025-11-01,Shopify,VA,C-00488,CP-BOTTLE-COLOR,"Car Perfume bottle, color collection",Car Perfume,1,9.99,9.99,2.55,7.44
SH-01300,2025-11-03,2025-11-01,Shopify,VA,C-00488,CP-REFILL-10,"Car Perfume refill, 10 ml",Refills,1,5.99,5.99,1.05,4.94
EB-00778,2025-11-04,2025-11-01,eBay,OH,C-01550,CP-REFILL-10,"Car Perfume refill, 10 ml",Refills,1,5.99,5.99,1.05,4.94
EB-00779,2025-11-04,2025-11-01,eBay,CA,C-01552,DF-CREED-AVENTUS,Creed Aventus EDP 3.3 oz,Designer fragrance,1,287.64,287.64,244.0,43.64
EB-00780,2025-11-04,2025-11-01,eBay,CA,C-01554,DF-DIOR-SAUVAGE,Dior Sauvage EDT 3.4 oz,Designer fragrance,1,92.28,92.28,76.0,16.28
SH-01301,2025-11-04,2025-11-01,Shopify,NY,C-01549,CP-REFILL-30,"Car Perfume refill, 3 x 10 ml",Refills,1,14.99,14.99,3.15,11.84
SH-01302,2025-11-04,2025-11-01,Shopify,VA,C-00872,CP-REFILL-10,"Car Perfume refill, 10 ml",Refills,3,5.99,17.97,3.15,14.82
SH-01303,2025-11-04,2025-11-01,Shopify,CA,C-01551,DF-VERSACE-EROS,Versace Eros EDT 3.4 oz,Designer fragrance,1,59.56,59.56,46.0,13.56
SH-01304,2025-11-04,2025-11-01,Shopify,CA,C-01553,DF-PDM-DELINA,Parfums de Marly Delina EDP 2.5 oz,Designer fragrance,1,213.09,213.09,170.0,43.09
SH-01305,2025-11-04,2025-11-01,Shopify,GA,C-01555,DF-DIOR-SAUVAGE,Dior Sauvage EDT 3.4 oz,Designer fragrance,1,94.7,94.7,76.0,18.7
EB-00781,2025-11-05,2025-11-01,eBay,AZ,C-01557,CP-BOTTLE-CLASSIC,"Car Perfume bottle, Onyx, Chrome or Gold",Car Perfume,1,7.99,7.99,2.35,5.64
EB-00782,2025-11-05,2025-11-01,eBay,CA,C-01560,DF-PDM-DELINA,Parfums de Marly Delina EDP 2.5 oz,Designer fragrance,1,209.49,209.49,170.0,39.49
EB-00783,2025-11-05,2025-11-01,eBay,PA,C-01562,DF-JPG-ELIXIR,Jean Paul Gaultier Le Male Elixir 4.2 oz,Designer fragrance,1,111.53,111.53,87.0,24.53
EB-00784,2025-11-05,2025-11-01,eBay,CA,C-01564,CP-BOTTLE-COLOR,"Car Perfume bottle, color collection",Car Perfume,1,9.99,9.99,2.55,7.44
EB-00784,2025-11-05,2025-11-01,eBay,CA,C-01564,CP-REFILL-30,"Car Perfume refill, 3 x 10 ml",Refills,1,14.99,14.99,3.15,11.84
SH-01306,2025-11-05,2025-11-01,Shopify,NJ,C-01556,DF-PDM-LAYTON,Parfums de Marly Layton EDP 4.2 oz,Designer fragrance,1,188.11,188.11,148.0,40.11
SH-01307,2025-11-05,2025-11-01,Shopify,NC,C-01558,DF-VERSACE-EROS,Versace Eros EDT 3.4 oz,Designer fragrance,1,58.33,58.33,46.0,12.33
SH-01308,2025-11-05,2025-11-01,Shopify,CA,C-01559,DF-VERSACE-EROS,Versace Eros EDT 3.4 oz,Designer fragrance,1,62.62,62.62,46.0,16.62
SH-01309,2025-11-05,2025-11-01,Shopify,AZ,C-01561,CP-BOTTLE-COLOR,"Car Perfume bottle, color collection",Car Perfume,1,9.99,9.99,2.55,7.44
SH-01309,2025-11-05,2025-11-01,Shopify,AZ,C-01561,CP-REFILL-10,"Car Perfume refill, 10 ml",Refills,2,5.99,11.98,2.1,9.88
SH-01310,2025-11-05,2025-11-01,Shopify,AZ,C-01563,CP-BOTTLE-COLOR,"Car Perfume bottle, color collection",Car Perfume,1,9.99,9.99,2.55,7.44
EB-00785,2025-11-06,2025-11-01,eBay,PA,C-01569,CP-REFILL-20,"Car Perfume refill, 2 x 10 ml",Refills,1,10.99,10.99,2.1,8.89
EB-00785,2025-11-06,2025-11-01,eBay,PA,C-01569,CP-REFILL-10,"Car Perfume refill, 10 ml",Refills,2,5.99,11.98,2.1,9.88
EB-00786,2025-11-06,2025-11-01,eBay,CA,C-01570,DF-MFK-BR540,Maison Francis Kurkdjian Baccarat Rouge 540 EDP 2.4 oz,Designer fragrance,1,265.07,265.07,219.0,46.07
EB-00787,2025-11-06,2025-11-01,eBay,NJ,C-01571,DF-PDM-DELINA,Parfums de Marly Delina EDP 2.5 oz,Designer fragrance,1,212.85,212.85,170.0,42.85
EB-00788,2025-11-06,2025-11-01,eBay,CA,C-01573,DF-CREED-AVENTUS,Creed Aventus EDP 3.3 oz,Designer fragrance,1,285.55,285.55,244.0,41.55
EB-00789,2025-11-06,2025-11-01,eBay,NY,C-01574,DF-CREED-AVENTUS,Creed Aventus EDP 3.3 oz,Designer fragrance,1,286.73,286.73,244.0,42.73
SH-01311,2025-11-06,2025-11-01,Shopify,TX,C-01539,CP-BOTTLE-CLASSIC,"Car Perfume bottle, Onyx, Chrome or Gold",Car Perfume,1,7.99,7.99,2.35,5.64
SH-01311,2025-11-06,2025-11-01,Shopify,TX,C-01539,CP-REFILL-10,"Car Perfume refill, 10 ml",Refills,1,5.99,5.99,1.05,4.94
SH-01312,2025-11-06,2025-11-01,Shopify,MI,C-00704,CP-BOTTLE-CLASSIC,"Car Perfume bottle, Onyx, Chrome or Gold",Car Perfume,1,7.99,7.99,2.35,5.64
SH-01312,2025-11-06,2025-11-01,Shopify,MI,C-00704,CP-REFILL-20,"Car Perfume refill, 2 x 10 ml",Refills,1,10.99,10.99,2.1,8.89
SH-01313,2025-11-06,2025-11-01,Shopify,CA,C-01565,CP-REFILL-30,"Car Perfume refill, 3 x 10 ml",Refills,1,14.99,14.99,3.15,11.84
SH-01314,2025-11-06,2025-11-01,Shopify,CA,C-01566,CP-REFILL-10,"Car Perfume refill, 10 ml",Refills,1,5.99,5.99,1.05,4.94
SH-01315,2025-11-06,2025-11-01,Shopify,PA,C-01567,DF-TF-OMBRE,Tom Ford Ombre Leather EDP 3.4 oz,Designer fragrance,1,120.28,120.28,93.0,27.28
SH-01316,2025-11-06,2025-11-01,Shopify,VA,C-01568,CP-BOTTLE-CLASSIC,"Car Perfume bottle, Onyx, Chrome or Gold",Car Perfume,1,7.99,7.99,2.35,5.64
SH-01317,2025-11-06,2025-11-01,Shopify,OH,C-01037,CP-REFILL-10,"Car Perfume refill, 10 ml",Refills,1,5.99,5.99,1.05,4.94
SH-01317,2025-11-06,2025-11-01,Shopify,OH,C-01037,CP-REFILL-20,"Car Perfume refill, 2 x 10 ml",Refills,1,10.99,10.99,2.1,8.89
SH-01318,2025-11-06,2025-11-01,Shopify,CA,C-01572,CP-BOTTLE-CLASSIC,"Car Perfume bottle, Onyx, Chrome or Gold",Car Perfume,1,7.99,7.99,2.35,5.64
SH-01319,2025-11-06,2025-11-01,Shopify,IL,C-00367,CP-BOTTLE-CLASSIC,"Car Perfume bottle, Onyx, Chrome or Gold",Car Perfume,1,7.99,7.99,2.35,5.64
SH-01320,2025-11-06,2025-11-01,Shopify,CA,C-01575,CP-BOTTLE-CLASSIC,"Car Perfume bottle, Onyx, Chrome or Gold",Car Perfume,1,7.99,7.99,2.35,5.64
SH-01321,2025-11-06,2025-11-01,Shopify,CA,C-00878,CP-REFILL-20,"Car Perfume refill, 2 x 10 ml",Refills,1,10.99,10.99,2.1,8.89
SH-01321,2025-11-06,2025-11-01,Shopify,CA,C-00878,CP-REFILL-30,"Car Perfume refill, 3 x 10 ml",Refills,1,14.99,14.99,3.15,11.84
SH-01321,2025-11-06,2025-11-01,Shopify,CA,C-00878,CP-REFILL-10,"Car Perfume refill, 10 ml",Refills,1,5.99,5.99,1.05,4.94
SH-01322,2025-11-06,2025-11-01,Shopify,MA,C-01576,CP-BOTTLE-COLOR,"Car Perfume bottle, color collection",Car Perfume,1,9.99,9.99,2.55,7.44
SH-01323,2025-11-06,2025-11-01,Shopify,CA,C-01473,CP-BOTTLE-COLOR,"Car Perfume bottle, color collection",Car Perfume,1,9.99,9.99,2.55,7.44
SH-01323,2025-11-06,2025-11-01,Shopify,CA,C-01473,CP-REFILL-10,"Car Perfume refill, 10 ml",Refills,1,5.99,5.99,1.05,4.94
SH-01324,2025-11-06,2025-11-01,Shopify,CA,C-01577,CP-BOTTLE-CLASSIC,"Car Perfume bottle, Onyx, Chrome or Gold",Car Perfume,1,7.99,7.99,2.35,5.64
SH-01324,2025-11-06,2025-11-01,Shopify,CA,C-01577,CP-REFILL-10,"Car Perfume refill, 10 ml",Refills,1,5.99,5.99,1.05,4.94
EB-00790,2025-11-07,2025-11-01,eBay,GA,C-01584,CP-REFILL-10,"Car Perfume refill, 10 ml",Refills,2,5.99,11.98,2.1,9.88
EB-00791,2025-11-07,2025-11-01,eBay,FL,C-00438,DF-MFK-BR540,Maison Francis Kurkdjian Baccarat Rouge 540 EDP 2.4 oz,Designer fragrance,1,253.2,253.2,219.0,34.2
EB-00792,2025-11-07,2025-11-01,eBay,VA,C-01587,CP-BOTTLE-CLASSIC,"Car Perfume bottle, Onyx, Chrome or Gold",Car Perfume,1,7.99,7.99,2.35,5.64
EB-00792,2025-11-07,2025-11-01,eBay,VA,C-01587,CP-REFILL-10,"Car Perfume refill, 10 ml",Refills,1,5.99,5.99,1.05,4.94
SH-01325,2025-11-07,2025-11-01,Shopify,CA,C-01578,DF-MFK-BR540,Maison Francis Kurkdjian Baccarat Rouge 540 EDP 2.4 oz,Designer fragrance,1,271.26,271.26,219.0,52.26
SH-01326,2025-11-07,2025-11-01,Shopify,CA,C-01473,CP-BOTTLE-CLASSIC,"Car Perfume bottle, Onyx, Chrome or Gold",Car Perfume,1,7.99,7.99,2.35,5.64
SH-01327,2025-11-07,2025-11-01,Shopify,CA,C-01579,CP-BOTTLE-CLASSIC,"Car Perfume bottle, Onyx, Chrome or Gold",Car Perfume,1,7.99,7.99,2.35,5.64
SH-01327,2025-11-07,2025-11-01,Shopify,CA,C-01579,CP-REFILL-20,"Car Perfume refill, 2 x 10 ml",Refills,1,10.99,10.99,2.1,8.89
SH-01328,2025-11-07,2025-11-01,Shopify,TX,C-01580,CP-REFILL-10,"Car Perfume refill, 10 ml",Refills,3,5.99,17.97,3.15,14.82
SH-01328,2025-11-07,2025-11-01,Shopify,TX,C-01580,CP-REFILL-20,"Car Perfume refill, 2 x 10 ml",Refills,1,10.99,10.99,2.1,8.89
SH-01329,2025-11-07,2025-11-01,Shopify,MA,C-01581,CP-BOTTLE-COLOR,"Car Perfume bottle, color collection",Car Perfume,1,9.99,9.99,2.55,7.44
SH-01329,2025-11-07,2025-11-01,Shopify,MA,C-01581,CP-REFILL-10,"Car Perfume refill, 10 ml",Refills,1,5.99,5.99,1.05,4.94
SH-01330,2025-11-07,2025-11-01,Shopify,CA,C-01582,CP-BOTTLE-COLOR,"Car Perfume bottle, color collection",Car Perfume,1,9.99,9.99,2.55,7.44
SH-01331,2025-11-07,2025-11-01,Shopify,NV,C-01583,CP-BOTTLE-CLASSIC,"Car Perfume bottle, Onyx, Chrome or Gold",Car Perfume,1,7.99,7.99,2.35,5.64
SH-01331,2025-11-07,2025-11-01,Shopify,NV,C-01583,CP-REFILL-30,"Car Perfume refill, 3 x 10 ml",Refills,1,14.99,14.99,3.15,11.84
SH-01332,2025-11-07,2025-11-01,Shopify,FL,C-01373,CP-REFILL-20,"Car Perfume refill, 2 x 10 ml",Refills,2,10.99,21.98,4.2,17.78
SH-01332,2025-11-07,2025-11-01,Shopify,FL,C-01373,CP-REFILL-30,"Car Perfume refill, 3 x 10 ml",Refills,2,14.99,29.98,6.3,23.68
SH-01333,2025-11-07,2025-11-01,Shopify,FL,C-01585,CP-REFILL-10,"Car Perfume refill, 10 ml",Refills,2,5.99,11.98,2.1,9.88
SH-01333,2025-11-07,2025-11-01,Shopify,FL,C-01585,CP-REFILL-20,"Car Perfume refill, 2 x 10 ml",Refills,1,10.99,10.99,2.1,8.89
SH-01334,2025-11-07,2025-11-01,Shopify,FL,C-01586,CP-REFILL-20,"Car Perfume refill, 2 x 10 ml",Refills,1,10.99,10.99,2.1,8.89
SH-01335,2025-11-07,2025-11-01,Shopify,IL,C-01588,DF-PDM-LAYTON,Parfums de Marly Layton EDP 4.2 oz,Designer fragrance,1,188.55,188.55,148.0,40.55
SH-01336,2025-11-07,2025-11-01,Shopify,CA,C-01589,CP-BOTTLE-COLOR,"Car Perfume bottle, color collection",Car Perfume,1,9.99,9.99,2.55,7.44
SH-01336,2025-11-07,2025-11-01,Shopify,CA,C-01589,CP-REFILL-10,"Car Perfume refill, 10 ml",Refills,1,5.99,5.99,1.05,4.94
EB-00793,2025-11-08,2025-11-01,eBay,GA,C-01590,DF-CREED-AVENTUS,Creed Aventus EDP 3.3 oz,Designer fragrance,1,301.44,301.44,244.0,57.44
EB-00794,2025-11-08,2025-11-01,eBay,CA,C-01591,CP-BOTTLE-COLOR,"Car Perfume bottle, color collection",Car Perfume,1,9.99,9.99,2.55,7.44
EB-00794,2025-11-08,2025-11-01,eBay,CA,C-01591,CP-REFILL-20,"Car Perfume refill, 2 x 10 ml",Refills,1,10.99,10.99,2.1,8.89
EB-00795,2025-11-08,2025-11-01,eBay,FL,C-01594,DF-MFK-BR540,Maison Francis Kurkdjian Baccarat Rouge 540 EDP 2.4 oz,Designer fragrance,1,263.65,263.65,219.0,44.65
EB-00796,2025-11-08,2025-11-01,eBay,MI,C-01596,CP-REFILL-10,"Car Perfume refill, 10 ml",Refills,2,5.99,11.98,2.1,9.88
EB-00796,2025-11-08,2025-11-01,eBay,MI,C-01596,CP-REFILL-20,"Car Perfume refill, 2 x 10 ml",Refills,1,10.99,10.99,2.1,8.89
EB-00797,2025-11-08,2025-11-01,eBay,TX,C-01475,DF-VERSACE-EROS,Versace Eros EDT 3.4 oz,Designer fragrance,1,59.21,59.21,46.0,13.21
SH-01337,2025-11-08,2025-11-01,Shopify,CA,C-01592,CP-BOTTLE-COLOR,"Car Perfume bottle, color collection",Car Perfume,1,9.99,9.99,2.55,7.44
SH-01337,2025-11-08,2025-11-01,Shopify,CA,C-01592,CP-REFILL-30,"Car Perfume refill, 3 x 10 ml",Refills,1,14.99,14.99,3.15,11.84
SH-01338,2025-11-08,2025-11-01,Shopify,AZ,C-01384,DF-VAL-BIR,Valentino Born in Roma Uomo EDT 3.4 oz,Designer fragrance,1,96.95,96.95,76.0,20.95
SH-01339,2025-11-08,2025-11-01,Shopify,WA,C-01593,CP-BOTTLE-COLOR,"Car Perfume bottle, color collection",Car Perfume,1,9.99,9.99,2.55,7.44
SH-01340,2025-11-08,2025-11-01,Shopify,TX,C-01595,CP-BOTTLE-CLASSIC,"Car Perfume bottle, Onyx, Chrome or Gold",Car Perfume,1,7.99,7.99,2.35,5.64
SH-01341,2025-11-08,2025-11-01,Shopify,OH,C-01597,CP-REFILL-20,"Car Perfume refill, 2 x 10 ml",Refills,1,10.99,10.99,2.1,8.89
SH-01341,2025-11-08,2025-11-01,Shopify,OH,C-01597,CP-REFILL-10,"Car Perfume refill, 10 ml",Refills,2,5.99,11.98,2.1,9.88
SH-01342,2025-11-08,2025-11-01,Shopify,VA,C-01568,CP-BOTTLE-CLASSIC,"Car Perfume bottle, Onyx, Chrome or Gold",Car Perfume,1,7.99,7.99,2.35,5.64
SH-01342,2025-11-08,2025-11-01,Shopify,VA,C-01568,CP-REFILL-20,"Car Perfume refill, 2 x 10 ml",Refills,1,10.99,10.99,2.1,8.89
SH-01342,2025-11-08,2025-11-01,Shopify,VA,C-01568,CP-REFILL-10,"Car Perfume refill, 10 ml",Refills,1,5.99,5.99,1.05,4.94
SH-01343,2025-11-08,2025-11-01,Shopify,IL,C-01588,DF-DIOR-SAUVAGE,Dior Sauvage EDT 3.4 oz,Designer fragrance,1,94.08,94.08,76.0,18.08
EB-00798,2025-11-09,2025-11-01,eBay,OR,C-01598,CP-BOTTLE-COLOR,"Car Perfume bottle, color collection",Car Perfume,1,9.99,9.99,2.55,7.44
EB-00798,2025-11-09,2025-11-01,eBay,OR,C-01598,CP-REFILL-20,"Car Perfume refill, 2 x 10 ml",Refills,1,10.99,10.99,2.1,8.89
EB-00799,2025-11-09,2025-11-01,eBay,CA,C-01601,DF-DIOR-SAUVAGE,Dior Sauvage EDT 3.4 oz,Designer fragrance,1,96.42,96.42,76.0,20.42
EB-00800,2025-11-09,2025-11-01,eBay,NY,C-01603,DF-TF-OMBRE,Tom Ford Ombre Leather EDP 3.4 oz,Designer fragrance,1,119.69,119.69,93.0,26.69
EB-00801,2025-11-09,2025-11-01,eBay,AZ,C-01604,DF-JPG-ELIXIR,Jean Paul Gaultier Le Male Elixir 4.2 oz,Designer fragrance,1,109.92,109.92,87.0,22.92
EB-00802,2025-11-09,2025-11-01,eBay,CO,C-01606,DF-PDM-LAYTON,Parfums de Marly Layton EDP 4.2 oz,Designer fragrance,1,178.43,178.43,148.0,30.43
EB-00803,2025-11-09,2025-11-01,eBay,OR,C-01608,DF-TF-OMBRE,Tom Ford Ombre Leather EDP 3.4 oz,Designer fragrance,1,119.02,119.02,93.0,26.02
EB-00804,2025-11-09,2025-11-01,eBay,CA,C-01609,DF-CREED-AVENTUS,Creed Aventus EDP 3.3 oz,Designer fragrance,1,282.3,282.3,244.0,38.3
EB-00805,2025-11-09,2025-11-01,eBay,NV,C-01610,DF-VERSACE-EROS,Versace Eros EDT 3.4 oz,Designer fragrance,1,62.76,62.76,46.0,16.76
EB-00806,2025-11-09,2025-11-01,eBay,CA,C-01611,DF-MFK-BR540,Maison Francis Kurkdjian Baccarat Rouge 540 EDP 2.4 oz,Designer fragrance,1,270.52,270.52,219.0,51.52
SH-01344,2025-11-09,2025-11-01,Shopify,IL,C-01599,DF-YSL-LIBRE,YSL Libre EDP 3.0 oz,Designer fragrance,1,105.92,105.92,82.0,23.92
SH-01345,2025-11-09,2025-11-01,Shopify,GA,C-01600,DF-PDM-LAYTON,Parfums de Marly Layton EDP 4.2 oz,Designer fragrance,1,181.47,181.47,148.0,33.47
SH-01346,2025-11-09,2025-11-01,Shopify,WA,C-00712,CP-REFILL-30,"Car Perfume refill, 3 x 10 ml",Refills,1,14.99,14.99,3.15,11.84
SH-01346,2025-11-09,2025-11-01,Shopify,WA,C-00712,CP-REFILL-10,"Car Perfume refill, 10 ml",Refills,1,5.99,5.99,1.05,4.94
SH-01346,2025-11-09,2025-11-01,Shopify,WA,C-00712,CP-REFILL-20,"Car Perfume refill, 2 x 10 ml",Refills,1,10.99,10.99,2.1,8.89
SH-01347,2025-11-09,2025-11-01,Shopify,CA,C-01602,CP-BOTTLE-COLOR,"Car Perfume bottle, color collection",Car Perfume,1,9.99,9.99,2.55,7.44
SH-01347,2025-11-09,2025-11-01,Shopify,CA,C-01602,CP-REFILL-30,"Car Perfume refill, 3 x 10 ml",Refills,1,14.99,14.99,3.15,11.84
SH-01348,2025-11-09,2025-11-01,Shopify,CA,C-01605,CP-REFILL-20,"Car Perfume refill, 2 x 10 ml",Refills,2,10.99,21.98,4.2,17.78
SH-01349,2025-11-09,2025-11-01,Shopify,IL,C-01607,CP-BOTTLE-COLOR,"Car Perfume bottle, color collection",Car Perfume,1,9.99,9.99,2.55,7.44
SH-01349,2025-11-09,2025-11-01,Shopify,IL,C-01607,CP-REFILL-10,"Car Perfume refill, 10 ml",Refills,1,5.99,5.99,1.05,4.94
SH-01350,2025-11-09,2025-11-01,Shopify,CA,C-01612,CP-BOTTLE-CLASSIC,"Car Perfume bottle, Onyx, Chrome or Gold",Car Perfume,1,7.99,7.99,2.35,5.64
SH-01350,2025-11-09,2025-11-01,Shopify,CA,C-01612,CP-REFILL-10,"Car Perfume refill, 10 ml",Refills,2,5.99,11.98,2.1,9.88
EB-00807,2025-11-10,2025-11-01,eBay,MD,C-00551,DF-CREED-AVENTUS,Creed Aventus EDP 3.3 oz,Designer fragrance,1,295.61,295.61,244.0,51.61
EB-00808,2025-11-10,2025-11-01,eBay,NY,C-01614,DF-PDM-DELINA,Parfums de Marly Delina EDP 2.5 oz,Designer fragrance,1,213.86,213.86,170.0,43.86
EB-00809,2025-11-10,2025-11-01,eBay,FL,C-01615,DF-DIOR-SAUVAGE,Dior Sauvage EDT 3.4 oz,Designer fragrance,1,92.91,92.91,76.0,16.91
EB-00810,2025-11-10,2025-11-01,eBay,PA,C-01617,DF-VERSACE-EROS,Versace Eros EDT 3.4 oz,Designer fragrance,1,60.21,60.21,46.0,14.21
SH-01351,2025-11-10,2025-11-01,Shopify,GA,C-01613,DF-MFK-BR540,Maison Francis Kurkdjian Baccarat Rouge 540 EDP 2.4 oz,Designer fragrance,1,266.52,266.52,219.0,47.52
SH-01352,2025-11-10,2025-11-01,Shopify,CA,C-01108,CP-BOTTLE-CLASSIC,"Car Perfume bottle, Onyx, Chrome or Gold",Car Perfume,1,7.99,7.99,2.35,5.64
SH-01353,2025-11-10,2025-11-01,Shopify,MA,C-01616,DF-PDM-LAYTON,Parfums de Marly Layton EDP 4.2 oz,Designer fragrance,1,178.46,178.46,148.0,30.46
SH-01354,2025-11-10,2025-11-01,Shopify,FL,C-00846,CP-BOTTLE-CLASSIC,"Car Perfume bottle, Onyx, Chrome or Gold",Car Perfume,1,7.99,7.99,2.35,5.64
SH-01355,2025-11-10,2025-11-01,Shopify,OH,C-01492,CP-REFILL-30,"Car Perfume refill, 3 x 10 ml",Refills,4,14.99,59.96,12.6,47.36
SH-01356,2025-11-10,2025-11-01,Shopify,NY,C-00825,CP-REFILL-10,"Car Perfume refill, 10 ml",Refills,1,5.99,5.99,1.05,4.94
EB-00811,2025-11-11,2025-11-01,eBay,CA,C-01618,CP-REFILL-30,"Car Perfume refill, 3 x 10 ml",Refills,1,14.99,14.99,3.15,11.84
EB-00812,2025-11-11,2025-11-01,eBay,TX,C-01620,DF-DIOR-SAUVAGE,Dior Sauvage EDT 3.4 oz,Designer fragrance,1,96.75,96.75,76.0,20.75
EB-00813,2025-11-11,2025-11-01,eBay,NY,C-01623,DF-TF-OMBRE,Tom Ford Ombre Leather EDP 3.4 oz,Designer fragrance,1,115.86,115.86,93.0,22.86
EB-00814,2025-11-11,2025-11-01,eBay,NY,C-00272,DF-VERSACE-EROS,Versace Eros EDT 3.4 oz,Designer fragrance,1,60.65,60.65,46.0,14.65
SH-01357,2025-11-11,2025-11-01,Shopify,FL,C-01619,DF-VERSACE-EROS,Versace Eros EDT 3.4 oz,Designer fragrance,1,63.53,63.53,46.0,17.53
SH-01358,2025-11-11,2025-11-01,Shopify,CA,C-01621,DF-TF-OMBRE,Tom Ford Ombre Leather EDP 3.4 oz,Designer fragrance,1,117.8,117.8,93.0,24.8
SH-01359,2025-11-11,2025-11-01,Shopify,CA,C-01622,CP-BOTTLE-COLOR,"Car Perfume bottle, color collection",Car Perfume,1,9.99,9.99,2.55,7.44
EB-00815,2025-11-12,2025-11-01,eBay,OR,C-01392,CP-BOTTLE-COLOR,"Car Perfume bottle, color collection",Car Perfume,1,9.99,9.99,2.55,7.44
EB-00815,2025-11-12,2025-11-01,eBay,OR,C-01392,CP-REFILL-10,"Car Perfume refill, 10 ml",Refills,3,5.99,17.97,3.15,14.82
EB-00816,2025-11-12,2025-11-01,eBay,CA,C-01628,DF-PDM-LAYTON,Parfums de Marly Layton EDP 4.2 oz,Designer fragrance,1,188.43,188.43,148.0,40.43
EB-00817,2025-11-12,2025-11-01,eBay,MI,C-01629,DF-PDM-LAYTON,Parfums de Marly Layton EDP 4.2 oz,Designer fragrance,1,189.32,189.32,148.0,41.32
SH-01360,2025-11-12,2025-11-01,Shopify,TX,C-01624,CP-BOTTLE-CLASSIC,"Car Perfume bottle, Onyx, Chrome or Gold",Car Perfume,1,7.99,7.99,2.35,5.64
SH-01360,2025-11-12,2025-11-01,Shopify,TX,C-01624,CP-REFILL-10,"Car Perfume refill, 10 ml",Refills,1,5.99,5.99,1.05,4.94
SH-01361,2025-11-12,2025-11-01,Shopify,NC,C-01625,CP-BOTTLE-COLOR,"Car Perfume bottle, color collection",Car Perfume,1,9.99,9.99,2.55,7.44
SH-01361,2025-11-12,2025-11-01,Shopify,NC,C-01625,CP-REFILL-10,"Car Perfume refill, 10 ml",Refills,1,5.99,5.99,1.05,4.94
SH-01362,2025-11-12,2025-11-01,Shopify,NY,C-01626,CP-BOTTLE-COLOR,"Car Perfume bottle, color collection",Car Perfume,1,9.99,9.99,2.55,7.44
SH-01363,2025-11-12,2025-11-01,Shopify,MI,C-01627,CP-REFILL-30,"Car Perfume refill, 3 x 10 ml",Refills,1,14.99,14.99,3.15,11.84
SH-01363,2025-11-12,2025-11-01,Shopify,MI,C-01627,CP-REFILL-10,"Car Perfume refill, 10 ml",Refills,1,5.99,5.99,1.05,4.94
SH-01364,2025-11-12,2025-11-01,Shopify,OH,C-01630,DF-VAL-BIR,Valentino Born in Roma Uomo EDT 3.4 oz,Designer fragrance,1,97.7,97.7,76.0,21.7
SH-01365,2025-11-12,2025-11-01,Shopify,FL,C-01383,CP-REFILL-10,"Car Perfume refill, 10 ml",Refills,2,5.99,11.98,2.1,9.88
SH-01365,2025-11-12,2025-11-01,Shopify,FL,C-01383,CP-REFILL-20,"Car Perfume refill, 2 x 10 ml",Refills,1,10.99,10.99,2.1,8.89
SH-01365,2025-11-12,2025-11-01,Shopify,FL,C-01383,CP-REFILL-30,"Car Perfume refill, 3 x 10 ml",Refills,1,14.99,14.99,3.15,11.84
EB-00818,2025-11-13,2025-11-01,eBay,IL,C-01631,DF-PDM-LAYTON,Parfums de Marly Layton EDP 4.2 oz,Designer fragrance,1,188.4,188.4,148.0,40.4
EB-00819,2025-11-13,2025-11-01,eBay,CA,C-01635,DF-TF-OMBRE,Tom Ford Ombre Leather EDP 3.4 oz,Designer fragrance,1,115.0,115.0,93.0,22.0
EB-00820,2025-11-13,2025-11-01,eBay,WA,C-01639,DF-JPG-ELIXIR,Jean Paul Gaultier Le Male Elixir 4.2 oz,Designer fragrance,1,108.88,108.88,87.0,21.88
SH-01366,2025-11-13,2025-11-01,Shopify,MA,C-01632,DF-INITIO-OUD,Initio Oud for Greatness EDP 3.0 oz,Designer fragrance,1,208.37,208.37,169.0,39.37
SH-01367,2025-11-13,2025-11-01,Shopify,GA,C-01633,CP-BOTTLE-CLASSIC,"Car Perfume bottle, Onyx, Chrome or Gold",Car Perfume,1,7.99,7.99,2.35,5.64
SH-01367,2025-11-13,2025-11-01,Shopify,GA,C-01633,CP-REFILL-20,"Car Perfume refill, 2 x 10 ml",Refills,1,10.99,10.99,2.1,8.89
SH-01368,2025-11-13,2025-11-01,Shopify,TN,C-01634,CP-BOTTLE-COLOR,"Car Perfume bottle, color collection",Car Perfume,1,9.99,9.99,2.55,7.44
SH-01369,2025-11-13,2025-11-01,Shopify,WA,C-01636,CP-REFILL-30,"Car Perfume refill, 3 x 10 ml",Refills,2,14.99,29.98,6.3,23.68
SH-01369,2025-11-13,2025-11-01,Shopify,WA,C-01636,CP-REFILL-10,"Car Perfume refill, 10 ml",Refills,1,5.99,5.99,1.05,4.94
SH-01370,2025-11-13,2025-11-01,Shopify,TX,C-01637,CP-REFILL-10,"Car Perfume refill, 10 ml",Refills,2,5.99,11.98,2.1,9.88
SH-01370,2025-11-13,2025-11-01,Shopify,TX,C-01637,CP-REFILL-20,"Car Perfume refill, 2 x 10 ml",Refills,1,10.99,10.99,2.1,8.89
SH-01371,2025-11-13,2025-11-01,Shopify,NY,C-01638,DF-PDM-LAYTON,Parfums de Marly Layton EDP 4.2 oz,Designer fragrance,1,173.95,173.95,148.0,25.95
SH-01372,2025-11-13,2025-11-01,Shopify,TX,C-01637,CP-REFILL-10,"Car Perfume refill, 10 ml",Refills,3,5.99,17.97,3.15,14.82
SH-01372,2025-11-13,2025-11-01,Shopify,TX,C-01637,CP-REFILL-20,"Car Perfume refill, 2 x 10 ml",Refills,1,10.99,10.99,2.1,8.89
SH-01373,2025-11-14,2025-11-01,Shopify,CA,C-01591,CP-REFILL-20,"Car Perfume refill, 2 x 10 ml",Refills,1,10.99,10.99,2.1,8.89
SH-01373,2025-11-14,2025-11-01,Shopify,CA,C-01591,CP-REFILL-10,"Car Perfume refill, 10 ml",Refills,2,5.99,11.98,2.1,9.88
SH-01374,2025-11-14,2025-11-01,Shopify,CA,C-01640,CP-REFILL-10,"Car Perfume refill, 10 ml",Refills,1,5.99,5.99,1.05,4.94
SH-01375,2025-11-14,2025-11-01,Shopify,CA,C-01641,CP-BOTTLE-CLASSIC,"Car Perfume bottle, Onyx, Chrome or Gold",Car Perfume,1,7.99,7.99,2.35,5.64
SH-01376,2025-11-14,2025-11-01,Shopify,NC,C-01642,CP-BOTTLE-COLOR,"Car Perfume bottle, color collection",Car Perfume,1,9.99,9.99,2.55,7.44
SH-01377,2025-11-14,2025-11-01,Shopify,CA,C-01582,CP-REFILL-30,"Car Perfume refill, 3 x 10 ml",Refills,2,14.99,29.98,6.3,23.68
SH-01377,2025-11-14,2025-11-01,Shopify,CA,C-01582,CP-REFILL-10,"Car Perfume refill, 10 ml",Refills,1,5.99,5.99,1.05,4.94
SH-01378,2025-11-14,2025-11-01,Shopify,CA,C-01426,CP-BOTTLE-CLASSIC,"Car Perfume bottle, Onyx, Chrome or Gold",Car Perfume,1,7.99,7.99,2.35,5.64
SH-01378,2025-11-14,2025-11-01,Shopify,CA,C-01426,CP-REFILL-30,"Car Perfume refill, 3 x 10 ml",Refills,1,14.99,14.99,3.15,11.84
EB-00821,2025-11-15,2025-11-01,eBay,CA,C-01645,DF-YSL-LIBRE,YSL Libre EDP 3.0 oz,Designer fragrance,1,99.92,99.92,82.0,17.92
EB-00822,2025-11-15,2025-11-01,eBay,NY,C-01143,CP-BOTTLE-CLASSIC,"Car Perfume bottle, Onyx, Chrome or Gold",Car Perfume,1,7.99,7.99,2.35,5.64
EB-00822,2025-11-15,2025-11-01,eBay,NY,C-01143,CP-REFILL-20,"Car Perfume refill, 2 x 10 ml",Refills,1,10.99,10.99,2.1,8.89
EB-00822,2025-11-15,2025-11-01,eBay,NY,C-01143,CP-REFILL-30,"Car Perfume refill, 3 x 10 ml",Refills,1,14.99,14.99,3.15,11.84
EB-00823,2025-11-15,2025-11-01,eBay,NY,C-01647,CP-BOTTLE-CLASSIC,"Car Perfume bottle, Onyx, Chrome or Gold",Car Perfume,1,7.99,7.99,2.35,5.64
SH-01379,2025-11-15,2025-11-01,Shopify,CA,C-01643,DF-XJ-ERBA,Xerjoff Erba Pura EDP 3.4 oz,Designer fragrance,1,164.34,164.34,133.0,31.34
SH-01380,2025-11-15,2025-11-01,Shopify,CA,C-01644,DF-TF-OMBRE,Tom Ford Ombre Leather EDP 3.4 oz,Designer fragrance,1,119.64,119.64,93.0,26.64
SH-01381,2025-11-15,2025-11-01,Shopify,AZ,C-01561,CP-REFILL-10,"Car Perfume refill, 10 ml",Refills,1,5.99,5.99,1.05,4.94
SH-01382,2025-11-15,2025-11-01,Shopify,CA,C-01646,CP-REFILL-30,"Car Perfume refill, 3 x 10 ml",Refills,1,14.99,14.99,3.15,11.84
SH-01382,2025-11-15,2025-11-01,Shopify,CA,C-01646,CP-REFILL-20,"Car Perfume refill, 2 x 10 ml",Refills,1,10.99,10.99,2.1,8.89
SH-01383,2025-11-15,2025-11-01,Shopify,OR,C-01598,CP-BOTTLE-COLOR,"Car Perfume bottle, color collection",Car Perfume,1,9.99,9.99,2.55,7.44
SH-01383,2025-11-15,2025-11-01,Shopify,OR,C-01598,CP-REFILL-10,"Car Perfume refill, 10 ml",Refills,1,5.99,5.99,1.05,4.94
SH-01383,2025-11-15,2025-11-01,Shopify,OR,C-01598,CP-REFILL-20,"Car Perfume refill, 2 x 10 ml",Refills,1,10.99,10.99,2.1,8.89
SH-01384,2025-11-15,2025-11-01,Shopify,IL,C-00367,CP-BOTTLE-CLASSIC,"Car Perfume bottle, Onyx, Chrome or Gold",Car Perfume,1,7.99,7.99,2.35,5.64
SH-01384,2025-11-15,2025-11-01,Shopify,IL,C-00367,CP-REFILL-10,"Car Perfume refill, 10 ml",Refills,1,5.99,5.99,1.05,4.94
SH-01385,2025-11-15,2025-11-01,Shopify,CA,C-01648,DF-PDM-LAYTON,Parfums de Marly Layton EDP 4.2 oz,Designer fragrance,1,186.06,186.06,148.0,38.06
EB-00824,2025-11-16,2025-11-01,eBay,NC,C-01651,CP-BOTTLE-COLOR,"Car Perfume bottle, color collection",Car Perfume,1,9.99,9.99,2.55,7.44
EB-00825,2025-11-16,2025-11-01,eBay,IL,C-01653,DF-VERSACE-EROS,Versace Eros EDT 3.4 oz,Designer fragrance,1,61.97,61.97,46.0,15.97
SH-01386,2025-11-16,2025-11-01,Shopify,PA,C-01066,CP-BOTTLE-CLASSIC,"Car Perfume bottle, Onyx, Chrome or Gold",Car Perfume,1,7.99,7.99,2.35,5.64
SH-01386,2025-11-16,2025-11-01,Shopify,PA,C-01066,CP-REFILL-30,"Car Perfume refill, 3 x 10 ml",Refills,1,14.99,14.99,3.15,11.84
SH-01387,2025-11-16,2025-11-01,Shopify,CA,C-01062,CP-BOTTLE-CLASSIC,"Car Perfume bottle, Onyx, Chrome or Gold",Car Perfume,1,7.99,7.99,2.35,5.64
SH-01388,2025-11-16,2025-11-01,Shopify,CA,C-01649,CP-BOTTLE-CLASSIC,"Car Perfume bottle, Onyx, Chrome or Gold",Car Perfume,1,7.99,7.99,2.35,5.64
SH-01389,2025-11-16,2025-11-01,Shopify,TN,C-01650,CP-REFILL-10,"Car Perfume refill, 10 ml",Refills,1,5.99,5.99,1.05,4.94
SH-01389,2025-11-16,2025-11-01,Shopify,TN,C-01650,CP-REFILL-20,"Car Perfume refill, 2 x 10 ml",Refills,1,10.99,10.99,2.1,8.89
SH-01389,2025-11-16,2025-11-01,Shopify,TN,C-01650,CP-REFILL-30,"Car Perfume refill, 3 x 10 ml",Refills,1,14.99,14.99,3.15,11.84
SH-01390,2025-11-16,2025-11-01,Shopify,NY,C-01008,CP-REFILL-20,"Car Perfume refill, 2 x 10 ml",Refills,3,10.99,32.97,6.3,26.67
SH-01390,2025-11-16,2025-11-01,Shopify,NY,C-01008,CP-REFILL-10,"Car Perfume refill, 10 ml",Refills,1,5.99,5.99,1.05,4.94
SH-01391,2025-11-16,2025-11-01,Shopify,NY,C-01345,CP-BOTTLE-CLASSIC,"Car Perfume bottle, Onyx, Chrome or Gold",Car Perfume,1,7.99,7.99,2.35,5.64
SH-01391,2025-11-16,2025-11-01,Shopify,NY,C-01345,CP-REFILL-10,"Car Perfume refill, 10 ml",Refills,1,5.99,5.99,1.05,4.94
SH-01392,2025-11-16,2025-11-01,Shopify,CA,C-01652,DF-TF-OMBRE,Tom Ford Ombre Leather EDP 3.4 oz,Designer fragrance,1,114.11,114.11,93.0,21.11
SH-01393,2025-11-16,2025-11-01,Shopify,CA,C-01654,DF-INITIO-OUD,Initio Oud for Greatness EDP 3.0 oz,Designer fragrance,1,198.21,198.21,169.0,29.21
SH-01394,2025-11-16,2025-11-01,Shopify,FL,C-00754,CP-REFILL-10,"Car Perfume refill, 10 ml",Refills,2,5.99,11.98,2.1,9.88
SH-01394,2025-11-16,2025-11-01,Shopify,FL,C-00754,CP-REFILL-20,"Car Perfume refill, 2 x 10 ml",Refills,1,10.99,10.99,2.1,8.89
EB-00826,2025-11-17,2025-11-01,eBay,CA,C-01655,DF-INITIO-OUD,Initio Oud for Greatness EDP 3.0 oz,Designer fragrance,1,214.7,214.7,169.0,45.7
EB-00827,2025-11-17,2025-11-01,eBay,CA,C-01657,CP-BOTTLE-COLOR,"Car Perfume bottle, color collection",Car Perfume,1,9.99,9.99,2.55,7.44
EB-00827,2025-11-17,2025-11-01,eBay,CA,C-01657,CP-REFILL-10,"Car Perfume refill, 10 ml",Refills,1,5.99,5.99,1.05,4.94
EB-00828,2025-11-17,2025-11-01,eBay,CA,C-01659,DF-TF-OMBRE,Tom Ford Ombre Leather EDP 3.4 oz,Designer fragrance,1,113.28,113.28,93.0,20.28
EB-00829,2025-11-17,2025-11-01,eBay,OH,C-01660,DF-VAL-BIR,Valentino Born in Roma Uomo EDT 3.4 oz,Designer fragrance,1,97.81,97.81,76.0,21.81
SH-01395,2025-11-17,2025-11-01,Shopify,NY,C-00309,CP-BOTTLE-COLOR,"Car Perfume bottle, color collection",Car Perfume,1,9.99,9.99,2.55,7.44
SH-01395,2025-11-17,2025-11-01,Shopify,NY,C-00309,CP-REFILL-20,"Car Perfume refill, 2 x 10 ml",Refills,1,10.99,10.99,2.1,8.89
SH-01395,2025-11-17,2025-11-01,Shopify,NY,C-00309,CP-REFILL-10,"Car Perfume refill, 10 ml",Refills,1,5.99,5.99,1.05,4.94
SH-01396,2025-11-17,2025-11-01,Shopify,CA,C-01390,CP-REFILL-30,"Car Perfume refill, 3 x 10 ml",Refills,1,14.99,14.99,3.15,11.84
SH-01396,2025-11-17,2025-11-01,Shopify,CA,C-01390,CP-REFILL-10,"Car Perfume refill, 10 ml",Refills,2,5.99,11.98,2.1,9.88
SH-01397,2025-11-17,2025-11-01,Shopify,NY,C-00890,CP-REFILL-20,"Car Perfume refill, 2 x 10 ml",Refills,1,10.99,10.99,2.1,8.89
SH-01398,2025-11-17,2025-11-01,Shopify,TX,C-01656,DF-PDM-DELINA,Parfums de Marly Delina EDP 2.5 oz,Designer fragrance,1,198.7,198.7,170.0,28.7
SH-01399,2025-11-17,2025-11-01,Shopify,AZ,C-00959,CP-REFILL-10,"Car Perfume refill, 10 ml",Refills,3,5.99,17.97,3.15,14.82
SH-01399,2025-11-17,2025-11-01,Shopify,AZ,C-00959,CP-REFILL-20,"Car Perfume refill, 2 x 10 ml",Refills,1,10.99,10.99,2.1,8.89
SH-01400,2025-11-17,2025-11-01,Shopify,CA,C-01540,CP-BOTTLE-CLASSIC,"Car Perfume bottle, Onyx, Chrome or Gold",Car Perfume,1,7.99,7.99,2.35,5.64
SH-01401,2025-11-17,2025-11-01,Shopify,CA,C-01658,DF-PDM-DELINA,Parfums de Marly Delina EDP 2.5 oz,Designer fragrance,1,199.76,199.76,170.0,29.76
SH-01402,2025-11-17,2025-11-01,Shopify,PA,C-01661,DF-DIOR-SAUVAGE,Dior Sauvage EDT 3.4 oz,Designer fragrance,1,99.37,99.37,76.0,23.37
SH-01403,2025-11-17,2025-11-01,Shopify,TN,C-01662,CP-BOTTLE-CLASSIC,"Car Perfume bottle, Onyx, Chrome or Gold",Car Perfume,1,7.99,7.99,2.35,5.64
EB-00830,2025-11-18,2025-11-01,eBay,IL,C-01663,DF-VERSACE-EROS,Versace Eros EDT 3.4 oz,Designer fragrance,1,62.38,62.38,46.0,16.38
EB-00831,2025-11-18,2025-11-01,eBay,VA,C-01666,CP-BOTTLE-CLASSIC,"Car Perfume bottle, Onyx, Chrome or Gold",Car Perfume,1,7.99,7.99,2.35,5.64
EB-00831,2025-11-18,2025-11-01,eBay,VA,C-01666,CP-REFILL-10,"Car Perfume refill, 10 ml",Refills,1,5.99,5.99,1.05,4.94
EB-00832,2025-11-18,2025-11-01,eBay,CO,C-01667,CP-REFILL-10,"Car Perfume refill, 10 ml",Refills,1,5.99,5.99,1.05,4.94
EB-00832,2025-11-18,2025-11-01,eBay,CO,C-01667,CP-REFILL-30,"Car Perfume refill, 3 x 10 ml",Refills,1,14.99,14.99,3.15,11.84
EB-00833,2025-11-18,2025-11-01,eBay,GA,C-01668,DF-DIOR-SAUVAGE,Dior Sauvage EDT 3.4 oz,Designer fragrance,1,94.41,94.41,76.0,18.41
SH-01404,2025-11-18,2025-11-01,Shopify,NY,C-00829,CP-REFILL-20,"Car Perfume refill, 2 x 10 ml",Refills,2,10.99,21.98,4.2,17.78
SH-01404,2025-11-18,2025-11-01,Shopify,NY,C-00829,CP-REFILL-10,"Car Perfume refill, 10 ml",Refills,2,5.99,11.98,2.1,9.88
SH-01405,2025-11-18,2025-11-01,Shopify,CA,C-00884,CP-REFILL-30,"Car Perfume refill, 3 x 10 ml",Refills,1,14.99,14.99,3.15,11.84
SH-01405,2025-11-18,2025-11-01,Shopify,CA,C-00884,CP-REFILL-20,"Car Perfume refill, 2 x 10 ml",Refills,1,10.99,10.99,2.1,8.89
SH-01406,2025-11-18,2025-11-01,Shopify,OR,C-01664,CP-REFILL-10,"Car Perfume refill, 10 ml",Refills,1,5.99,5.99,1.05,4.94
SH-01407,2025-11-18,2025-11-01,Shopify,CA,C-01665,DF-CREED-AVENTUS,Creed Aventus EDP 3.3 oz,Designer fragrance,1,292.0,292.0,244.0,48.0
EB-00834,2025-11-19,2025-11-01,eBay,NY,C-01670,DF-VAL-BIR,Valentino Born in Roma Uomo EDT 3.4 oz,Designer fragrance,1,100.65,100.65,76.0,24.65
EB-00835,2025-11-19,2025-11-01,eBay,TN,C-01673,DF-JPG-ELIXIR,Jean Paul Gaultier Le Male Elixir 4.2 oz,Designer fragrance,1,105.48,105.48,87.0,18.48
EB-00836,2025-11-19,2025-11-01,eBay,FL,C-01675,DF-PDM-LAYTON,Parfums de Marly Layton EDP 4.2 oz,Designer fragrance,1,180.47,180.47,148.0,32.47
EB-00837,2025-11-19,2025-11-01,eBay,CA,C-01676,DF-DIOR-SAUVAGE,Dior Sauvage EDT 3.4 oz,Designer fragrance,1,95.13,95.13,76.0,19.13
SH-01408,2025-11-19,2025-11-01,Shopify,NY,C-01669,DF-TF-OMBRE,Tom Ford Ombre Leather EDP 3.4 oz,Designer fragrance,1,117.63,117.63,93.0,24.63
SH-01409,2025-11-19,2025-11-01,Shopify,CO,C-01671,CP-BOTTLE-COLOR,"Car Perfume bottle, color collection",Car Perfume,1,9.99,9.99,2.55,7.44
SH-01409,2025-11-19,2025-11-01,Shopify,CO,C-01671,CP-REFILL-10,"Car Perfume refill, 10 ml",Refills,1,5.99,5.99,1.05,4.94
SH-01410,2025-11-19,2025-11-01,Shopify,PA,C-01672,CP-BOTTLE-CLASSIC,"Car Perfume bottle, Onyx, Chrome or Gold",Car Perfume,1,7.99,7.99,2.35,5.64
SH-01411,2025-11-19,2025-11-01,Shopify,GA,C-01674,DF-PDM-LAYTON,Parfums de Marly Layton EDP 4.2 oz,Designer fragrance,1,188.37,188.37,148.0,40.37
SH-01412,2025-11-19,2025-11-01,Shopify,CA,C-01213,CP-BOTTLE-COLOR,"Car Perfume bottle, color collection",Car Perfume,1,9.99,9.99,2.55,7.44
SH-01413,2025-11-19,2025-11-01,Shopify,NY,C-01614,DF-PDM-DELINA,Parfums de Marly Delina EDP 2.5 oz,Designer fragrance,1,210.82,210.82,170.0,40.82
EB-00838,2025-11-20,2025-11-01,eBay,CA,C-01677,DF-JPG-ELIXIR,Jean Paul Gaultier Le Male Elixir 4.2 oz,Designer fragrance,1,108.23,108.23,87.0,21.23
EB-00839,2025-11-20,2025-11-01,eBay,TX,C-01679,DF-CREED-AVENTUS,Creed Aventus EDP 3.3 oz,Designer fragrance,1,295.2,295.2,244.0,51.2
EB-00840,2025-11-20,2025-11-01,eBay,GA,C-01680,DF-PDM-DELINA,Parfums de Marly Delina EDP 2.5 oz,Designer fragrance,1,212.81,212.81,170.0,42.81
EB-00841,2025-11-20,2025-11-01,eBay,VA,C-01681,DF-YSL-LIBRE,YSL Libre EDP 3.0 oz,Designer fragrance,1,99.11,99.11,82.0,17.11
EB-00842,2025-11-20,2025-11-01,eBay,CA,C-01683,DF-XJ-ERBA,Xerjoff Erba Pura EDP 3.4 oz,Designer fragrance,1,168.67,168.67,133.0,35.67
EB-00843,2025-11-20,2025-11-01,eBay,OR,C-01664,CP-BOTTLE-COLOR,"Car Perfume bottle, color collection",Car Perfume,1,9.99,9.99,2.55,7.44
SH-01414,2025-11-20,2025-11-01,Shopify,NV,C-00703,CP-REFILL-20,"Car Perfume refill, 2 x 10 ml",Refills,1,10.99,10.99,2.1,8.89
SH-01414,2025-11-20,2025-11-01,Shopify,NV,C-00703,CP-REFILL-10,"Car Perfume refill, 10 ml",Refills,3,5.99,17.97,3.15,14.82
SH-01415,2025-11-20,2025-11-01,Shopify,TX,C-01678,CP-REFILL-20,"Car Perfume refill, 2 x 10 ml",Refills,2,10.99,21.98,4.2,17.78
SH-01415,2025-11-20,2025-11-01,Shopify,TX,C-01678,CP-REFILL-30,"Car Perfume refill, 3 x 10 ml",Refills,1,14.99,14.99,3.15,11.84
SH-01416,2025-11-20,2025-11-01,Shopify,WA,C-00656,CP-REFILL-20,"Car Perfume refill, 2 x 10 ml",Refills,1,10.99,10.99,2.1,8.89
SH-01417,2025-11-20,2025-11-01,Shopify,OH,C-01682,DF-TF-OMBRE,Tom Ford Ombre Leather EDP 3.4 oz,Designer fragrance,1,120.36,120.36,93.0,27.36
SH-01418,2025-11-20,2025-11-01,Shopify,CA,C-01684,CP-BOTTLE-CLASSIC,"Car Perfume bottle, Onyx, Chrome or Gold",Car Perfume,1,7.99,7.99,2.35,5.64
EB-00844,2025-11-21,2025-11-01,eBay,OH,C-01685,DF-PDM-LAYTON,Parfums de Marly Layton EDP 4.2 oz,Designer fragrance,1,187.81,187.81,148.0,39.81
EB-00845,2025-11-21,2025-11-01,eBay,OH,C-01686,DF-MFK-BR540,Maison Francis Kurkdjian Baccarat Rouge 540 EDP 2.4 oz,Designer fragrance,1,265.79,265.79,219.0,46.79
EB-00846,2025-11-21,2025-11-01,eBay,CA,C-01540,CP-BOTTLE-COLOR,"Car Perfume bottle, color collection",Car Perfume,1,9.99,9.99,2.55,7.44
EB-00846,2025-11-21,2025-11-01,eBay,CA,C-01540,CP-REFILL-20,"Car Perfume refill, 2 x 10 ml",Refills,2,10.99,21.98,4.2,17.78
EB-00847,2025-11-21,2025-11-01,eBay,WA,C-01688,CP-REFILL-30,"Car Perfume refill, 3 x 10 ml",Refills,1,14.99,14.99,3.15,11.84
EB-00848,2025-11-21,2025-11-01,eBay,NY,C-01693,DF-DIOR-SAUVAGE,Dior Sauvage EDT 3.4 oz,Designer fragrance,1,97.28,97.28,76.0,21.28
EB-00849,2025-11-21,2025-11-01,eBay,TX,C-01694,CP-BOTTLE-COLOR,"Car Perfume bottle, color collection",Car Perfume,1,9.99,9.99,2.55,7.44
EB-00849,2025-11-21,2025-11-01,eBay,TX,C-01694,CP-REFILL-30,"Car Perfume refill, 3 x 10 ml",Refills,2,14.99,29.98,6.3,23.68
EB-00850,2025-11-21,2025-11-01,eBay,CA,C-01695,DF-VAL-BIR,Valentino Born in Roma Uomo EDT 3.4 oz,Designer fragrance,1,99.5,99.5,76.0,23.5
EB-00851,2025-11-21,2025-11-01,eBay,FL,C-01427,DF-CREED-AVENTUS,Creed Aventus EDP 3.3 oz,Designer fragrance,1,286.33,286.33,244.0,42.33
SH-01419,2025-11-21,2025-11-01,Shopify,FL,C-01687,CP-BOTTLE-CLASSIC,"Car Perfume bottle, Onyx, Chrome or Gold",Car Perfume,1,7.99,7.99,2.35,5.64
SH-01419,2025-11-21,2025-11-01,Shopify,FL,C-01687,CP-REFILL-20,"Car Perfume refill, 2 x 10 ml",Refills,1,10.99,10.99,2.1,8.89
SH-01419,2025-11-21,2025-11-01,Shopify,FL,C-01687,CP-REFILL-10,"Car Perfume refill, 10 ml",Refills,1,5.99,5.99,1.05,4.94
SH-01420,2025-11-21,2025-11-01,Shopify,FL,C-01687,CP-BOTTLE-CLASSIC,"Car Perfume bottle, Onyx, Chrome or Gold",Car Perfume,1,7.99,7.99,2.35,5.64
SH-01420,2025-11-21,2025-11-01,Shopify,FL,C-01687,CP-REFILL-20,"Car Perfume refill, 2 x 10 ml",Refills,1,10.99,10.99,2.1,8.89
SH-01421,2025-11-21,2025-11-01,Shopify,WA,C-01689,DF-PDM-LAYTON,Parfums de Marly Layton EDP 4.2 oz,Designer fragrance,1,180.6,180.6,148.0,32.6
SH-01422,2025-11-21,2025-11-01,Shopify,CA,C-01690,CP-BOTTLE-COLOR,"Car Perfume bottle, color collection",Car Perfume,1,9.99,9.99,2.55,7.44
SH-01422,2025-11-21,2025-11-01,Shopify,CA,C-01690,CP-REFILL-10,"Car Perfume refill, 10 ml",Refills,1,5.99,5.99,1.05,4.94
SH-01423,2025-11-21,2025-11-01,Shopify,CA,C-01691,CP-REFILL-10,"Car Perfume refill, 10 ml",Refills,3,5.99,17.97,3.15,14.82
SH-01424,2025-11-21,2025-11-01,Shopify,TX,C-01692,DF-VERSACE-EROS,Versace Eros EDT 3.4 oz,Designer fragrance,1,63.27,63.27,46.0,17.27
SH-01424,2025-11-21,2025-11-01,Shopify,TX,C-01692,DF-CREED-AVENTUS,Creed Aventus EDP 3.3 oz,Designer fragrance,1,299.38,299.38,244.0,55.38
SH-01425,2025-11-21,2025-11-01,Shopify,NJ,C-00779,CP-REFILL-30,"Car Perfume refill, 3 x 10 ml",Refills,1,14.99,14.99,3.15,11.84
SH-01425,2025-11-21,2025-11-01,Shopify,NJ,C-00779,CP-REFILL-10,"Car Perfume refill, 10 ml",Refills,1,5.99,5.99,1.05,4.94
SH-01426,2025-11-21,2025-11-01,Shopify,CA,C-01696,DF-DIOR-SAUVAGE,Dior Sauvage EDT 3.4 oz,Designer fragrance,1,94.17,94.17,76.0,18.17
EB-00852,2025-11-22,2025-11-01,eBay,CA,C-00818,CP-BOTTLE-CLASSIC,"Car Perfume bottle, Onyx, Chrome or Gold",Car Perfume,1,7.99,7.99,2.35,5.64
EB-00852,2025-11-22,2025-11-01,eBay,CA,C-00818,CP-REFILL-10,"Car Perfume refill, 10 ml",Refills,1,5.99,5.99,1.05,4.94
EB-00852,2025-11-22,2025-11-01,eBay,CA,C-00818,CP-REFILL-20,"Car Perfume refill, 2 x 10 ml",Refills,1,10.99,10.99,2.1,8.89
EB-00853,2025-11-22,2025-11-01,eBay,CA,C-01703,CP-BOTTLE-COLOR,"Car Perfume bottle, color collection",Car Perfume,1,9.99,9.99,2.55,7.44
EB-00853,2025-11-22,2025-11-01,eBay,CA,C-01703,CP-REFILL-10,"Car Perfume refill, 10 ml",Refills,1,5.99,5.99,1.05,4.94
EB-00853,2025-11-22,2025-11-01,eBay,CA,C-01703,CP-REFILL-30,"Car Perfume refill, 3 x 10 ml",Refills,1,14.99,14.99,3.15,11.84
SH-01427,2025-11-22,2025-11-01,Shopify,CA,C-01697,CP-BOTTLE-CLASSIC,"Car Perfume bottle, Onyx, Chrome or Gold",Car Perfume,1,7.99,7.99,2.35,5.64
SH-01427,2025-11-22,2025-11-01,Shopify,CA,C-01697,CP-REFILL-10,"Car Perfume refill, 10 ml",Refills,1,5.99,5.99,1.05,4.94
SH-01427,2025-11-22,2025-11-01,Shopify,CA,C-01697,CP-REFILL-20,"Car Perfume refill, 2 x 10 ml",Refills,2,10.99,21.98,4.2,17.78
SH-01428,2025-11-22,2025-11-01,Shopify,CA,C-01698,CP-REFILL-10,"Car Perfume refill, 10 ml",Refills,2,5.99,11.98,2.1,9.88
SH-01429,2025-11-22,2025-11-01,Shopify,CA,C-01699,CP-BOTTLE-CLASSIC,"Car Perfume bottle, Onyx, Chrome or Gold",Car Perfume,1,7.99,7.99,2.35,5.64
SH-01429,2025-11-22,2025-11-01,Shopify,CA,C-01699,CP-REFILL-10,"Car Perfume refill, 10 ml",Refills,1,5.99,5.99,1.05,4.94
SH-01429,2025-11-22,2025-11-01,Shopify,CA,C-01699,CP-REFILL-30,"Car Perfume refill, 3 x 10 ml",Refills,1,14.99,14.99,3.15,11.84
SH-01430,2025-11-22,2025-11-01,Shopify,IL,C-01700,CP-BOTTLE-CLASSIC,"Car Perfume bottle, Onyx, Chrome or Gold",Car Perfume,1,7.99,7.99,2.35,5.64
SH-01430,2025-11-22,2025-11-01,Shopify,IL,C-01700,CP-REFILL-30,"Car Perfume refill, 3 x 10 ml",Refills,1,14.99,14.99,3.15,11.84
SH-01431,2025-11-22,2025-11-01,Shopify,CA,C-01701,CP-BOTTLE-CLASSIC,"Car Perfume bottle, Onyx, Chrome or Gold",Car Perfume,1,7.99,7.99,2.35,5.64
SH-01431,2025-11-22,2025-11-01,Shopify,CA,C-01701,CP-REFILL-10,"Car Perfume refill, 10 ml",Refills,1,5.99,5.99,1.05,4.94
SH-01432,2025-11-22,2025-11-01,Shopify,TX,C-01702,CP-REFILL-10,"Car Perfume refill, 10 ml",Refills,2,5.99,11.98,2.1,9.88
SH-01432,2025-11-22,2025-11-01,Shopify,TX,C-01702,CP-REFILL-30,"Car Perfume refill, 3 x 10 ml",Refills,1,14.99,14.99,3.15,11.84
SH-01433,2025-11-22,2025-11-01,Shopify,CA,C-01695,DF-INITIO-OUD,Initio Oud for Greatness EDP 3.0 oz,Designer fragrance,1,202.89,202.89,169.0,33.89
EB-00854,2025-11-23,2025-11-01,eBay,FL,C-01704,CP-REFILL-20,"Car Perfume refill, 2 x 10 ml",Refills,1,10.99,10.99,2.1,8.89
EB-00854,2025-11-23,2025-11-01,eBay,FL,C-01704,CP-REFILL-10,"Car Perfume refill, 10 ml",Refills,2,5.99,11.98,2.1,9.88
EB-00855,2025-11-23,2025-11-01,eBay,GA,C-00851,CP-BOTTLE-COLOR,"Car Perfume bottle, color collection",Car Perfume,1,9.99,9.99,2.55,7.44
EB-00856,2025-11-23,2025-11-01,eBay,WA,C-01707,DF-VERSACE-EROS,Versace Eros EDT 3.4 oz,Designer fragrance,1,60.37,60.37,46.0,14.37
EB-00857,2025-11-23,2025-11-01,eBay,GA,C-01709,DF-TF-OMBRE,Tom Ford Ombre Leather EDP 3.4 oz,Designer fragrance,1,118.83,118.83,93.0,25.83
SH-01434,2025-11-23,2025-11-01,Shopify,CA,C-01705,CP-REFILL-10,"Car Perfume refill, 10 ml",Refills,2,5.99,11.98,2.1,9.88
SH-01435,2025-11-23,2025-11-01,Shopify,CA,C-01582,CP-REFILL-10,"Car Perfume refill, 10 ml",Refills,2,5.99,11.98,2.1,9.88
SH-01436,2025-11-23,2025-11-01,Shopify,CA,C-01706,CP-BOTTLE-COLOR,"Car Perfume bottle, color collection",Car Perfume,1,9.99,9.99,2.55,7.44
SH-01436,2025-11-23,2025-11-01,Shopify,CA,C-01706,CP-REFILL-10,"Car Perfume refill, 10 ml",Refills,1,5.99,5.99,1.05,4.94
SH-01437,2025-11-23,2025-11-01,Shopify,CA,C-01708,CP-BOTTLE-COLOR,"Car Perfume bottle, color collection",Car Perfume,1,9.99,9.99,2.55,7.44
SH-01438,2025-11-23,2025-11-01,Shopify,TX,C-01096,CP-BOTTLE-COLOR,"Car Perfume bottle, color collection",Car Perfume,1,9.99,9.99,2.55,7.44
EB-00858,2025-11-24,2025-11-01,eBay,OH,C-01710,DF-JPG-ELIXIR,Jean Paul Gaultier Le Male Elixir 4.2 oz,Designer fragrance,1,112.05,112.05,87.0,25.05
EB-00859,2025-11-24,2025-11-01,eBay,CA,C-01708,CP-REFILL-30,"Car Perfume refill, 3 x 10 ml",Refills,1,14.99,14.99,3.15,11.84
EB-00860,2025-11-24,2025-11-01,eBay,CA,C-01711,DF-INITIO-OUD,Initio Oud for Greatness EDP 3.0 oz,Designer fragrance,1,207.45,207.45,169.0,38.45
EB-00861,2025-11-24,2025-11-01,eBay,WA,C-01712,DF-DIOR-SAUVAGE,Dior Sauvage EDT 3.4 oz,Designer fragrance,1,97.88,97.88,76.0,21.88
SH-01439,2025-11-24,2025-11-01,Shopify,TX,C-01713,CP-BOTTLE-CLASSIC,"Car Perfume bottle, Onyx, Chrome or Gold",Car Perfume,1,7.99,7.99,2.35,5.64
SH-01439,2025-11-24,2025-11-01,Shopify,TX,C-01713,CP-REFILL-10,"Car Perfume refill, 10 ml",Refills,2,5.99,11.98,2.1,9.88
SH-01439,2025-11-24,2025-11-01,Shopify,TX,C-01713,CP-REFILL-30,"Car Perfume refill, 3 x 10 ml",Refills,1,14.99,14.99,3.15,11.84
SH-01440,2025-11-24,2025-11-01,Shopify,CA,C-01714,CP-BOTTLE-COLOR,"Car Perfume bottle, color collection",Car Perfume,1,9.99,9.99,2.55,7.44
SH-01440,2025-11-24,2025-11-01,Shopify,CA,C-01714,CP-REFILL-10,"Car Perfume refill, 10 ml",Refills,1,5.99,5.99,1.05,4.94
SH-01441,2025-11-24,2025-11-01,Shopify,CA,C-01715,CP-BOTTLE-COLOR,"Car Perfume bottle, color collection",Car Perfume,1,9.99,9.99,2.55,7.44
SH-01442,2025-11-24,2025-11-01,Shopify,NV,C-01012,CP-BOTTLE-COLOR,"Car Perfume bottle, color collection",Car Perfume,1,9.99,9.99,2.55,7.44
SH-01442,2025-11-24,2025-11-01,Shopify,NV,C-01012,CP-REFILL-10,"Car Perfume refill, 10 ml",Refills,1,5.99,5.99,1.05,4.94
SH-01443,2025-11-24,2025-11-01,Shopify,CO,C-01716,DF-DIOR-SAUVAGE,Dior Sauvage EDT 3.4 oz,Designer fragrance,1,95.08,95.08,76.0,19.08
SH-01444,2025-11-24,2025-11-01,Shopify,NC,C-00699,DF-DIOR-SAUVAGE,Dior Sauvage EDT 3.4 oz,Designer fragrance,1,95.21,95.21,76.0,19.21
EB-00862,2025-11-25,2025-11-01,eBay,FL,C-00710,CP-BOTTLE-CLASSIC,"Car Perfume bottle, Onyx, Chrome or Gold",Car Perfume,1,7.99,7.99,2.35,5.64
EB-00863,2025-11-25,2025-11-01,eBay,CO,C-01717,DF-TF-OMBRE,Tom Ford Ombre Leather EDP 3.4 oz,Designer fragrance,1,114.24,114.24,93.0,21.24
EB-00864,2025-11-25,2025-11-01,eBay,FL,C-01720,DF-YSL-LIBRE,YSL Libre EDP 3.0 oz,Designer fragrance,1,107.48,107.48,82.0,25.48
EB-00865,2025-11-25,2025-11-01,eBay,MA,C-01721,CP-BOTTLE-CLASSIC,"Car Perfume bottle, Onyx, Chrome or Gold",Car Perfume,1,7.99,7.99,2.35,5.64
EB-00865,2025-11-25,2025-11-01,eBay,MA,C-01721,CP-REFILL-20,"Car Perfume refill, 2 x 10 ml",Refills,1,10.99,10.99,2.1,8.89
EB-00866,2025-11-25,2025-11-01,eBay,GA,C-01722,CP-REFILL-10,"Car Perfume refill, 10 ml",Refills,1,5.99,5.99,1.05,4.94
EB-00866,2025-11-25,2025-11-01,eBay,GA,C-01722,CP-REFILL-30,"Car Perfume refill, 3 x 10 ml",Refills,1,14.99,14.99,3.15,11.84
SH-01445,2025-11-25,2025-11-01,Shopify,NY,C-00739,CP-REFILL-10,"Car Perfume refill, 10 ml",Refills,2,5.99,11.98,2.1,9.88
SH-01445,2025-11-25,2025-11-01,Shopify,NY,C-00739,CP-REFILL-30,"Car Perfume refill, 3 x 10 ml",Refills,2,14.99,29.98,6.3,23.68
SH-01446,2025-11-25,2025-11-01,Shopify,TX,C-01702,CP-BOTTLE-CLASSIC,"Car Perfume bottle, Onyx, Chrome or Gold",Car Perfume,1,7.99,7.99,2.35,5.64
SH-01447,2025-11-25,2025-11-01,Shopify,TN,C-01718,CP-BOTTLE-CLASSIC,"Car Perfume bottle, Onyx, Chrome or Gold",Car Perfume,1,7.99,7.99,2.35,5.64
SH-01448,2025-11-25,2025-11-01,Shopify,VA,C-00488,CP-REFILL-10,"Car Perfume refill, 10 ml",Refills,1,5.99,5.99,1.05,4.94
SH-01449,2025-11-25,2025-11-01,Shopify,NY,C-01719,DF-CREED-AVENTUS,Creed Aventus EDP 3.3 oz,Designer fragrance,1,280.47,280.47,244.0,36.47
SH-01450,2025-11-25,2025-11-01,Shopify,CA,C-01706,CP-REFILL-10,"Car Perfume refill, 10 ml",Refills,3,5.99,17.97,3.15,14.82
SH-01451,2025-11-25,2025-11-01,Shopify,NY,C-01723,DF-INITIO-OUD,Initio Oud for Greatness EDP 3.0 oz,Designer fragrance,1,198.75,198.75,169.0,29.75
SH-01452,2025-11-25,2025-11-01,Shopify,CA,C-01724,DF-VAL-BIR,Valentino Born in Roma Uomo EDT 3.4 oz,Designer fragrance,1,100.86,100.86,76.0,24.86
EB-00867,2025-11-26,2025-11-01,eBay,NJ,C-01727,DF-DIOR-SAUVAGE,Dior Sauvage EDT 3.4 oz,Designer fragrance,1,93.63,93.63,76.0,17.63
SH-01453,2025-11-26,2025-11-01,Shopify,MD,C-01725,DF-DIOR-SAUVAGE,Dior Sauvage EDT 3.4 oz,Designer fragrance,1,100.02,100.02,76.0,24.02
SH-01454,2025-11-26,2025-11-01,Shopify,AZ,C-01563,CP-BOTTLE-CLASSIC,"Car Perfume bottle, Onyx, Chrome or Gold",Car Perfume,1,7.99,7.99,2.35,5.64
SH-01454,2025-11-26,2025-11-01,Shopify,AZ,C-01563,CP-REFILL-20,"Car Perfume refill, 2 x 10 ml",Refills,1,10.99,10.99,2.1,8.89
SH-01454,2025-11-26,2025-11-01,Shopify,AZ,C-01563,CP-REFILL-10,"Car Perfume refill, 10 ml",Refills,1,5.99,5.99,1.05,4.94
SH-01455,2025-11-26,2025-11-01,Shopify,CA,C-01726,CP-BOTTLE-CLASSIC,"Car Perfume bottle, Onyx, Chrome or Gold",Car Perfume,1,7.99,7.99,2.35,5.64
SH-01455,2025-11-26,2025-11-01,Shopify,CA,C-01726,CP-REFILL-20,"Car Perfume refill, 2 x 10 ml",Refills,1,10.99,10.99,2.1,8.89
SH-01456,2025-11-26,2025-11-01,Shopify,TX,C-01637,CP-REFILL-10,"Car Perfume refill, 10 ml",Refills,1,5.99,5.99,1.05,4.94
EB-00868,2025-11-27,2025-11-01,eBay,NJ,C-01729,DF-JPG-ELIXIR,Jean Paul Gaultier Le Male Elixir 4.2 oz,Designer fragrance,1,107.84,107.84,87.0,20.84
EB-00869,2025-11-27,2025-11-01,eBay,NV,C-01732,CP-BOTTLE-COLOR,"Car Perfume bottle, color collection",Car Perfume,1,9.99,9.99,2.55,7.44
SH-01457,2025-11-27,2025-11-01,Shopify,NY,C-01728,CP-REFILL-20,"Car Perfume refill, 2 x 10 ml",Refills,1,10.99,10.99,2.1,8.89
SH-01457,2025-11-27,2025-11-01,Shopify,NY,C-01728,CP-REFILL-10,"Car Perfume refill, 10 ml",Refills,1,5.99,5.99,1.05,4.94
SH-01458,2025-11-27,2025-11-01,Shopify,TX,C-01730,CP-BOTTLE-COLOR,"Car Perfume bottle, color collection",Car Perfume,1,9.99,9.99,2.55,7.44
SH-01458,2025-11-27,2025-11-01,Shopify,TX,C-01730,CP-REFILL-10,"Car Perfume refill, 10 ml",Refills,2,5.99,11.98,2.1,9.88
SH-01459,2025-11-27,2025-11-01,Shopify,CA,C-01731,CP-REFILL-10,"Car Perfume refill, 10 ml",Refills,1,5.99,5.99,1.05,4.94
SH-01460,2025-11-27,2025-11-01,Shopify,MI,C-01627,CP-BOTTLE-CLASSIC,"Car Perfume bottle, Onyx, Chrome or Gold",Car Perfume,1,7.99,7.99,2.35,5.64
SH-01461,2025-11-27,2025-11-01,Shopify,GA,C-00593,DF-XJ-ERBA,Xerjoff Erba Pura EDP 3.4 oz,Designer fragrance,1,165.18,165.18,133.0,32.18
EB-00870,2025-11-28,2025-11-01,eBay,GA,C-01735,DF-CREED-AVENTUS,Creed Aventus EDP 3.3 oz,Designer fragrance,1,288.96,288.96,244.0,44.96
EB-00871,2025-11-28,2025-11-01,eBay,OH,C-01710,DF-PDM-LAYTON,Parfums de Marly Layton EDP 4.2 oz,Designer fragrance,1,189.19,189.19,148.0,41.19
EB-00872,2025-11-28,2025-11-01,eBay,GA,C-01739,CP-BOTTLE-CLASSIC,"Car Perfume bottle, Onyx, Chrome or Gold",Car Perfume,1,7.99,7.99,2.35,5.64
SH-01462,2025-11-28,2025-11-01,Shopify,CA,C-01733,DF-CREED-AVENTUS,Creed Aventus EDP 3.3 oz,Designer fragrance,1,283.65,283.65,244.0,39.65
SH-01463,2025-11-28,2025-11-01,Shopify,NV,C-01482,CP-BOTTLE-COLOR,"Car Perfume bottle, color collection",Car Perfume,1,9.99,9.99,2.55,7.44
SH-01463,2025-11-28,2025-11-01,Shopify,NV,C-01482,CP-REFILL-20,"Car Perfume refill, 2 x 10 ml",Refills,1,10.99,10.99,2.1,8.89
SH-01463,2025-11-28,2025-11-01,Shopify,NV,C-01482,CP-REFILL-10,"Car Perfume refill, 10 ml",Refills,1,5.99,5.99,1.05,4.94
SH-01464,2025-11-28,2025-11-01,Shopify,TX,C-01734,CP-BOTTLE-COLOR,"Car Perfume bottle, color collection",Car Perfume,1,9.99,9.99,2.55,7.44
SH-01464,2025-11-28,2025-11-01,Shopify,TX,C-01734,CP-REFILL-20,"Car Perfume refill, 2 x 10 ml",Refills,1,10.99,10.99,2.1,8.89
SH-01465,2025-11-28,2025-11-01,Shopify,CA,C-01271,CP-REFILL-10,"Car Perfume refill, 10 ml",Refills,2,5.99,11.98,2.1,9.88
SH-01465,2025-11-28,2025-11-01,Shopify,CA,C-01271,CP-REFILL-20,"Car Perfume refill, 2 x 10 ml",Refills,1,10.99,10.99,2.1,8.89
SH-01466,2025-11-28,2025-11-01,Shopify,CA,C-01540,CP-BOTTLE-CLASSIC,"Car Perfume bottle, Onyx, Chrome or Gold",Car Perfume,1,7.99,7.99,2.35,5.64
SH-01467,2025-11-28,2025-11-01,Shopify,MA,C-01736,CP-REFILL-30,"Car Perfume refill, 3 x 10 ml",Refills,1,14.99,14.99,3.15,11.84
SH-01467,2025-11-28,2025-11-01,Shopify,MA,C-01736,CP-REFILL-20,"Car Perfume refill, 2 x 10 ml",Refills,1,10.99,10.99,2.1,8.89
SH-01468,2025-11-28,2025-11-01,Shopify,CA,C-01737,DF-PDM-LAYTON,Parfums de Marly Layton EDP 4.2 oz,Designer fragrance,1,175.29,175.29,148.0,27.29
SH-01469,2025-11-28,2025-11-01,Shopify,MD,C-01738,CP-REFILL-20,"Car Perfume refill, 2 x 10 ml",Refills,2,10.99,21.98,4.2,17.78
SH-01469,2025-11-28,2025-11-01,Shopify,MD,C-01738,CP-REFILL-10,"Car Perfume refill, 10 ml",Refills,1,5.99,5.99,1.05,4.94
SH-01469,2025-11-28,2025-11-01,Shopify,MD,C-01738,CP-REFILL-30,"Car Perfume refill, 3 x 10 ml",Refills,1,14.99,14.99,3.15,11.84
EB-00873,2025-11-29,2025-11-01,eBay,FL,C-01740,CP-BOTTLE-CLASSIC,"Car Perfume bottle, Onyx, Chrome or Gold",Car Perfume,1,7.99,7.99,2.35,5.64
EB-00874,2025-11-29,2025-11-01,eBay,GA,C-01735,DF-VAL-BIR,Valentino Born in Roma Uomo EDT 3.4 oz,Designer fragrance,1,98.39,98.39,76.0,22.39
EB-00875,2025-11-29,2025-11-01,eBay,NJ,C-01744,DF-PDM-DELINA,Parfums de Marly Delina EDP 2.5 oz,Designer fragrance,1,207.16,207.16,170.0,37.16
EB-00876,2025-11-29,2025-11-01,eBay,NY,C-01747,CP-BOTTLE-CLASSIC,"Car Perfume bottle, Onyx, Chrome or Gold",Car Perfume,1,7.99,7.99,2.35,5.64
SH-01470,2025-11-29,2025-11-01,Shopify,CA,C-01741,DF-VERSACE-EROS,Versace Eros EDT 3.4 oz,Designer fragrance,1,63.59,63.59,46.0,17.59
SH-01471,2025-11-29,2025-11-01,Shopify,CA,C-01422,CP-REFILL-10,"Car Perfume refill, 10 ml",Refills,3,5.99,17.97,3.15,14.82
SH-01471,2025-11-29,2025-11-01,Shopify,CA,C-01422,CP-REFILL-20,"Car Perfume refill, 2 x 10 ml",Refills,1,10.99,10.99,2.1,8.89
SH-01472,2025-11-29,2025-11-01,Shopify,WA,C-01742,CP-BOTTLE-COLOR,"Car Perfume bottle, color collection",Car Perfume,1,9.99,9.99,2.55,7.44
SH-01473,2025-11-29,2025-11-01,Shopify,CA,C-01743,CP-BOTTLE-COLOR,"Car Perfume bottle, color collection",Car Perfume,1,9.99,9.99,2.55,7.44
SH-01473,2025-11-29,2025-11-01,Shopify,CA,C-01743,CP-REFILL-10,"Car Perfume refill, 10 ml",Refills,1,5.99,5.99,1.05,4.94
SH-01474,2025-11-29,2025-11-01,Shopify,AZ,C-01745,CP-BOTTLE-COLOR,"Car Perfume bottle, color collection",Car Perfume,1,9.99,9.99,2.55,7.44
SH-01474,2025-11-29,2025-11-01,Shopify,AZ,C-01745,CP-REFILL-30,"Car Perfume refill, 3 x 10 ml",Refills,1,14.99,14.99,3.15,11.84
SH-01474,2025-11-29,2025-11-01,Shopify,AZ,C-01745,CP-REFILL-20,"Car Perfume refill, 2 x 10 ml",Refills,1,10.99,10.99,2.1,8.89
SH-01475,2025-11-29,2025-11-01,Shopify,NY,C-01746,CP-REFILL-10,"Car Perfume refill, 10 ml",Refills,2,5.99,11.98,2.1,9.88
SH-01476,2025-11-29,2025-11-01,Shopify,WA,C-01748,DF-JPG-ELIXIR,Jean Paul Gaultier Le Male Elixir 4.2 oz,Designer fragrance,1,112.22,112.22,87.0,25.22
SH-01476,2025-11-29,2025-11-01,Shopify,WA,C-01748,DF-DIOR-SAUVAGE,Dior Sauvage EDT 3.4 oz,Designer fragrance,1,98.33,98.33,76.0,22.33
EB-00877,2025-11-30,2025-11-01,eBay,FL,C-01749,DF-PDM-LAYTON,Parfums de Marly Layton EDP 4.2 oz,Designer fragrance,1,189.62,189.62,148.0,41.62
EB-00878,2025-11-30,2025-11-01,eBay,TX,C-01750,DF-JPG-ELIXIR,Jean Paul Gaultier Le Male Elixir 4.2 oz,Designer fragrance,1,107.86,107.86,87.0,20.86
EB-00879,2025-11-30,2025-11-01,eBay,NC,C-01752,CP-BOTTLE-CLASSIC,"Car Perfume bottle, Onyx, Chrome or Gold",Car Perfume,1,7.99,7.99,2.35,5.64
EB-00880,2025-11-30,2025-11-01,eBay,CA,C-01754,DF-MFK-BR540,Maison Francis Kurkdjian Baccarat Rouge 540 EDP 2.4 oz,Designer fragrance,1,268.09,268.09,219.0,49.09
EB-00880,2025-11-30,2025-11-01,eBay,CA,C-01754,DF-VERSACE-EROS,Versace Eros EDT 3.4 oz,Designer fragrance,1,61.81,61.81,46.0,15.81
EB-00881,2025-11-30,2025-11-01,eBay,CA,C-01757,DF-JPG-ELIXIR,Jean Paul Gaultier Le Male Elixir 4.2 oz,Designer fragrance,1,108.79,108.79,87.0,21.79
SH-01477,2025-11-30,2025-11-01,Shopify,WA,C-01751,CP-BOTTLE-CLASSIC,"Car Perfume bottle, Onyx, Chrome or Gold",Car Perfume,1,7.99,7.99,2.35,5.64
SH-01477,2025-11-30,2025-11-01,Shopify,WA,C-01751,CP-REFILL-10,"Car Perfume refill, 10 ml",Refills,2,5.99,11.98,2.1,9.88
SH-01477,2025-11-30,2025-11-01,Shopify,WA,C-01751,CP-REFILL-30,"Car Perfume refill, 3 x 10 ml",Refills,1,14.99,14.99,3.15,11.84
SH-01478,2025-11-30,2025-11-01,Shopify,PA,C-01753,DF-TF-OMBRE,Tom Ford Ombre Leather EDP 3.4 oz,Designer fragrance,1,117.42,117.42,93.0,24.42
SH-01479,2025-11-30,2025-11-01,Shopify,VA,C-01755,DF-VERSACE-EROS,Versace Eros EDT 3.4 oz,Designer fragrance,1,63.69,63.69,46.0,17.69
SH-01480,2025-11-30,2025-11-01,Shopify,CA,C-01701,CP-REFILL-30,"Car Perfume refill, 3 x 10 ml",Refills,1,14.99,14.99,3.15,11.84
SH-01480,2025-11-30,2025-11-01,Shopify,CA,C-01701,CP-REFILL-20,"Car Perfume refill, 2 x 10 ml",Refills,1,10.99,10.99,2.1,8.89
SH-01481,2025-11-30,2025-11-01,Shopify,CA,C-01756,DF-VERSACE-EROS,Versace Eros EDT 3.4 oz,Designer fragrance,1,60.87,60.87,46.0,14.87
EB-00882,2025-12-01,2025-12-01,eBay,OH,C-01488,CP-BOTTLE-CLASSIC,"Car Perfume bottle, Onyx, Chrome or Gold",Car Perfume,1,7.99,7.99,2.35,5.64
EB-00883,2025-12-01,2025-12-01,eBay,CA,C-01263,DF-PDM-LAYTON,Parfums de Marly Layton EDP 4.2 oz,Designer fragrance,1,184.26,184.26,148.0,36.26
SH-01482,2025-12-01,2025-12-01,Shopify,OR,C-01758,CP-REFILL-10,"Car Perfume refill, 10 ml",Refills,1,5.99,5.99,1.05,4.94
SH-01482,2025-12-01,2025-12-01,Shopify,OR,C-01758,CP-REFILL-30,"Car Perfume refill, 3 x 10 ml",Refills,2,14.99,29.98,6.3,23.68
SH-01483,2025-12-01,2025-12-01,Shopify,CA,C-01759,CP-BOTTLE-CLASSIC,"Car Perfume bottle, Onyx, Chrome or Gold",Car Perfume,1,7.99,7.99,2.35,5.64
SH-01484,2025-12-01,2025-12-01,Shopify,MD,C-01738,CP-BOTTLE-COLOR,"Car Perfume bottle, color collection",Car Perfume,1,9.99,9.99,2.55,7.44
SH-01485,2025-12-01,2025-12-01,Shopify,TN,C-01760,DF-PDM-LAYTON,Parfums de Marly Layton EDP 4.2 oz,Designer fragrance,1,179.24,179.24,148.0,31.24
EB-00884,2025-12-02,2025-12-01,eBay,CA,C-01762,DF-TF-OMBRE,Tom Ford Ombre Leather EDP 3.4 oz,Designer fragrance,1,111.91,111.91,93.0,18.91
EB-00885,2025-12-02,2025-12-01,eBay,AZ,C-01763,DF-JPG-ELIXIR,Jean Paul Gaultier Le Male Elixir 4.2 oz,Designer fragrance,1,115.2,115.2,87.0,28.2
EB-00886,2025-12-02,2025-12-01,eBay,FL,C-01764,DF-VAL-BIR,Valentino Born in Roma Uomo EDT 3.4 oz,Designer fragrance,1,94.67,94.67,76.0,18.67
EB-00887,2025-12-02,2025-12-01,eBay,VA,C-01765,CP-REFILL-20,"Car Perfume refill, 2 x 10 ml",Refills,1,10.99,10.99,2.1,8.89
EB-00887,2025-12-02,2025-12-01,eBay,VA,C-01765,CP-REFILL-30,"Car Perfume refill, 3 x 10 ml",Refills,1,14.99,14.99,3.15,11.84
EB-00888,2025-12-02,2025-12-01,eBay,NY,C-01766,CP-REFILL-10,"Car Perfume refill, 10 ml",Refills,1,5.99,5.99,1.05,4.94
EB-00888,2025-12-02,2025-12-01,eBay,NY,C-01766,CP-REFILL-30,"Car Perfume refill, 3 x 10 ml",Refills,2,14.99,29.98,6.3,23.68
EB-00889,2025-12-02,2025-12-01,eBay,CA,C-01136,DF-VERSACE-EROS,Versace Eros EDT 3.4 oz,Designer fragrance,1,58.53,58.53,46.0,12.53
EB-00890,2025-12-02,2025-12-01,eBay,CA,C-01769,DF-JPG-ELIXIR,Jean Paul Gaultier Le Male Elixir 4.2 oz,Designer fragrance,1,107.56,107.56,87.0,20.56
EB-00891,2025-12-02,2025-12-01,eBay,NC,C-01770,DF-PDM-LAYTON,Parfums de Marly Layton EDP 4.2 oz,Designer fragrance,1,177.15,177.15,148.0,29.15
EB-00892,2025-12-02,2025-12-01,eBay,CA,C-01771,CP-REFILL-30,"Car Perfume refill, 3 x 10 ml",Refills,1,14.99,14.99,3.15,11.84
SH-01486,2025-12-02,2025-12-01,Shopify,FL,C-01761,CP-REFILL-20,"Car Perfume refill, 2 x 10 ml",Refills,1,10.99,10.99,2.1,8.89
SH-01486,2025-12-02,2025-12-01,Shopify,FL,C-01761,CP-REFILL-30,"Car Perfume refill, 3 x 10 ml",Refills,2,14.99,29.98,6.3,23.68
SH-01487,2025-12-02,2025-12-01,Shopify,NY,C-01008,CP-BOTTLE-COLOR,"Car Perfume bottle, color collection",Car Perfume,1,9.99,9.99,2.55,7.44
SH-01487,2025-12-02,2025-12-01,Shopify,NY,C-01008,CP-REFILL-30,"Car Perfume refill, 3 x 10 ml",Refills,1,14.99,14.99,3.15,11.84
SH-01487,2025-12-02,2025-12-01,Shopify,NY,C-01008,CP-REFILL-20,"Car Perfume refill, 2 x 10 ml",Refills,1,10.99,10.99,2.1,8.89
SH-01488,2025-12-02,2025-12-01,Shopify,OH,C-01767,CP-REFILL-30,"Car Perfume refill, 3 x 10 ml",Refills,2,14.99,29.98,6.3,23.68
SH-01488,2025-12-02,2025-12-01,Shopify,OH,C-01767,CP-REFILL-10,"Car Perfume refill, 10 ml",Refills,2,5.99,11.98,2.1,9.88
SH-01489,2025-12-02,2025-12-01,Shopify,CA,C-01768,CP-BOTTLE-COLOR,"Car Perfume bottle, color collection",Car Perfume,1,9.99,9.99,2.55,7.44
SH-01489,2025-12-02,2025-12-01,Shopify,CA,C-01768,CP-REFILL-20,"Car Perfume refill, 2 x 10 ml",Refills,1,10.99,10.99,2.1,8.89
SH-01489,2025-12-02,2025-12-01,Shopify,CA,C-01768,CP-REFILL-10,"Car Perfume refill, 10 ml",Refills,1,5.99,5.99,1.05,4.94
EB-00893,2025-12-03,2025-12-01,eBay,GA,C-01709,DF-XJ-ERBA,Xerjoff Erba Pura EDP 3.4 oz,Designer fragrance,1,168.06,168.06,133.0,35.06
EB-00894,2025-12-03,2025-12-01,eBay,CA,C-01774,DF-PDM-LAYTON,Parfums de Marly Layton EDP 4.2 oz,Designer fragrance,1,174.01,174.01,148.0,26.01
EB-00895,2025-12-03,2025-12-01,eBay,TX,C-01506,CP-REFILL-10,"Car Perfume refill, 10 ml",Refills,1,5.99,5.99,1.05,4.94
EB-00896,2025-12-03,2025-12-01,eBay,CA,C-01777,CP-BOTTLE-CLASSIC,"Car Perfume bottle, Onyx, Chrome or Gold",Car Perfume,1,7.99,7.99,2.35,5.64
EB-00897,2025-12-03,2025-12-01,eBay,OR,C-01778,DF-PDM-DELINA,Parfums de Marly Delina EDP 2.5 oz,Designer fragrance,1,199.64,199.64,170.0,29.64
EB-00898,2025-12-03,2025-12-01,eBay,FL,C-01780,DF-VAL-BIR,Valentino Born in Roma Uomo EDT 3.4 oz,Designer fragrance,1,99.92,99.92,76.0,23.92
EB-00899,2025-12-03,2025-12-01,eBay,AZ,C-01557,CP-REFILL-20,"Car Perfume refill, 2 x 10 ml",Refills,1,10.99,10.99,2.1,8.89
EB-00900,2025-12-03,2025-12-01,eBay,CA,C-01781,CP-REFILL-20,"Car Perfume refill, 2 x 10 ml",Refills,1,10.99,10.99,2.1,8.89
SH-01490,2025-12-03,2025-12-01,Shopify,NJ,C-01772,CP-REFILL-10,"Car Perfume refill, 10 ml",Refills,1,5.99,5.99,1.05,4.94
SH-01491,2025-12-03,2025-12-01,Shopify,PA,C-01773,CP-REFILL-30,"Car Perfume refill, 3 x 10 ml",Refills,1,14.99,14.99,3.15,11.84
SH-01491,2025-12-03,2025-12-01,Shopify,PA,C-01773,CP-REFILL-10,"Car Perfume refill, 10 ml",Refills,1,5.99,5.99,1.05,4.94
SH-01492,2025-12-03,2025-12-01,Shopify,CA,C-01775,DF-PDM-DELINA,Parfums de Marly Delina EDP 2.5 oz,Designer fragrance,1,202.64,202.64,170.0,32.64
SH-01493,2025-12-03,2025-12-01,Shopify,TX,C-01776,CP-REFILL-10,"Car Perfume refill, 10 ml",Refills,1,5.99,5.99,1.05,4.94
SH-01494,2025-12-03,2025-12-01,Shopify,MI,C-01779,DF-DIOR-SAUVAGE,Dior Sauvage EDT 3.4 oz,Designer fragrance,1,95.52,95.52,76.0,19.52
EB-00901,2025-12-04,2025-12-01,eBay,CA,C-01783,CP-REFILL-30,"Car Perfume refill, 3 x 10 ml",Refills,1,14.99,14.99,3.15,11.84
EB-00902,2025-12-04,2025-12-01,eBay,FL,C-01784,DF-DIOR-SAUVAGE,Dior Sauvage EDT 3.4 oz,Designer fragrance,1,93.22,93.22,76.0,17.22
EB-00903,2025-12-04,2025-12-01,eBay,NY,C-01785,CP-REFILL-30,"Car Perfume refill, 3 x 10 ml",Refills,2,14.99,29.98,6.3,23.68
EB-00904,2025-12-04,2025-12-01,eBay,CA,C-01786,DF-VERSACE-EROS,Versace Eros EDT 3.4 oz,Designer fragrance,1,60.39,60.39,46.0,14.39
EB-00905,2025-12-04,2025-12-01,eBay,NV,C-01789,DF-DIOR-SAUVAGE,Dior Sauvage EDT 3.4 oz,Designer fragrance,1,96.39,96.39,76.0,20.39
EB-00906,2025-12-04,2025-12-01,eBay,TX,C-01791,DF-PDM-DELINA,Parfums de Marly Delina EDP 2.5 oz,Designer fragrance,1,209.92,209.92,170.0,39.92
SH-01495,2025-12-04,2025-12-01,Shopify,OH,C-01782,DF-YSL-LIBRE,YSL Libre EDP 3.0 oz,Designer fragrance,1,105.29,105.29,82.0,23.29
SH-01496,2025-12-04,2025-12-01,Shopify,TX,C-01787,CP-BOTTLE-CLASSIC,"Car Perfume bottle, Onyx, Chrome or Gold",Car Perfume,1,7.99,7.99,2.35,5.64
SH-01496,2025-12-04,2025-12-01,Shopify,TX,C-01787,CP-REFILL-30,"Car Perfume refill, 3 x 10 ml",Refills,1,14.99,14.99,3.15,11.84
SH-01497,2025-12-04,2025-12-01,Shopify,WA,C-01788,CP-BOTTLE-CLASSIC,"Car Perfume bottle, Onyx, Chrome or Gold",Car Perfume,1,7.99,7.99,2.35,5.64
SH-01498,2025-12-04,2025-12-01,Shopify,TX,C-01790,CP-REFILL-20,"Car Perfume refill, 2 x 10 ml",Refills,1,10.99,10.99,2.1,8.89
SH-01498,2025-12-04,2025-12-01,Shopify,TX,C-01790,CP-REFILL-30,"Car Perfume refill, 3 x 10 ml",Refills,1,14.99,14.99,3.15,11.84
SH-01498,2025-12-04,2025-12-01,Shopify,TX,C-01790,CP-REFILL-10,"Car Perfume refill, 10 ml",Refills,1,5.99,5.99,1.05,4.94
EB-00907,2025-12-05,2025-12-01,eBay,CA,C-01380,CP-REFILL-30,"Car Perfume refill, 3 x 10 ml",Refills,3,14.99,44.97,9.45,35.52
EB-00908,2025-12-05,2025-12-01,eBay,OR,C-01525,DF-PDM-LAYTON,Parfums de Marly Layton EDP 4.2 oz,Designer fragrance,1,176.75,176.75,148.0,28.75
EB-00909,2025-12-05,2025-12-01,eBay,CA,C-01690,CP-REFILL-20,"Car Perfume refill, 2 x 10 ml",Refills,1,10.99,10.99,2.1,8.89
EB-00909,2025-12-05,2025-12-01,eBay,CA,C-01690,CP-REFILL-10,"Car Perfume refill, 10 ml",Refills,1,5.99,5.99,1.05,4.94
SH-01499,2025-12-05,2025-12-01,Shopify,CA,C-01792,DF-PDM-LAYTON,Parfums de Marly Layton EDP 4.2 oz,Designer fragrance,1,183.24,183.24,148.0,35.24
SH-01500,2025-12-05,2025-12-01,Shopify,GA,C-01793,CP-REFILL-20,"Car Perfume refill, 2 x 10 ml",Refills,1,10.99,10.99,2.1,8.89
SH-01501,2025-12-05,2025-12-01,Shopify,OH,C-01794,CP-BOTTLE-COLOR,"Car Perfume bottle, color collection",Car Perfume,1,9.99,9.99,2.55,7.44
SH-01502,2025-12-05,2025-12-01,Shopify,TX,C-01485,CP-BOTTLE-CLASSIC,"Car Perfume bottle, Onyx, Chrome or Gold",Car Perfume,1,7.99,7.99,2.35,5.64
SH-01502,2025-12-05,2025-12-01,Shopify,TX,C-01485,CP-REFILL-10,"Car Perfume refill, 10 ml",Refills,1,5.99,5.99,1.05,4.94
SH-01503,2025-12-05,2025-12-01,Shopify,CA,C-01099,CP-BOTTLE-COLOR,"Car Perfume bottle, color collection",Car Perfume,1,9.99,9.99,2.55,7.44
EB-00910,2025-12-06,2025-12-01,eBay,NY,C-01795,DF-VERSACE-EROS,Versace Eros EDT 3.4 oz,Designer fragrance,1,59.08,59.08,46.0,13.08
EB-00910,2025-12-06,2025-12-01,eBay,NY,C-01795,DF-DIOR-SAUVAGE,Dior Sauvage EDT 3.4 oz,Designer fragrance,1,99.37,99.37,76.0,23.37
EB-00911,2025-12-06,2025-12-01,eBay,FL,C-01796,DF-VAL-BIR,Valentino Born in Roma Uomo EDT 3.4 oz,Designer fragrance,1,98.19,98.19,76.0,22.19
EB-00912,2025-12-06,2025-12-01,eBay,TX,C-01798,CP-BOTTLE-CLASSIC,"Car Perfume bottle, Onyx, Chrome or Gold",Car Perfume,1,7.99,7.99,2.35,5.64
EB-00913,2025-12-06,2025-12-01,eBay,NJ,C-01259,DF-VERSACE-EROS,Versace Eros EDT 3.4 oz,Designer fragrance,1,61.52,61.52,46.0,15.52
EB-00914,2025-12-06,2025-12-01,eBay,OH,C-01801,CP-BOTTLE-CLASSIC,"Car Perfume bottle, Onyx, Chrome or Gold",Car Perfume,1,7.99,7.99,2.35,5.64
EB-00915,2025-12-06,2025-12-01,eBay,TX,C-01802,CP-REFILL-10,"Car Perfume refill, 10 ml",Refills,1,5.99,5.99,1.05,4.94
EB-00915,2025-12-06,2025-12-01,eBay,TX,C-01802,CP-REFILL-30,"Car Perfume refill, 3 x 10 ml",Refills,1,14.99,14.99,3.15,11.84
SH-01504,2025-12-06,2025-12-01,Shopify,TX,C-01485,CP-BOTTLE-COLOR,"Car Perfume bottle, color collection",Car Perfume,1,9.99,9.99,2.55,7.44
SH-01504,2025-12-06,2025-12-01,Shopify,TX,C-01485,CP-REFILL-10,"Car Perfume refill, 10 ml",Refills,1,5.99,5.99,1.05,4.94
SH-01505,2025-12-06,2025-12-01,Shopify,CA,C-01741,DF-VAL-BIR,Valentino Born in Roma Uomo EDT 3.4 oz,Designer fragrance,1,95.32,95.32,76.0,19.32
SH-01505,2025-12-06,2025-12-01,Shopify,CA,C-01741,DF-JPG-ELIXIR,Jean Paul Gaultier Le Male Elixir 4.2 oz,Designer fragrance,1,106.09,106.09,87.0,19.09
SH-01506,2025-12-06,2025-12-01,Shopify,IL,C-01797,DF-DIOR-SAUVAGE,Dior Sauvage EDT 3.4 oz,Designer fragrance,1,100.43,100.43,76.0,24.43
SH-01507,2025-12-06,2025-12-01,Shopify,CA,C-01140,CP-REFILL-10,"Car Perfume refill, 10 ml",Refills,1,5.99,5.99,1.05,4.94
SH-01507,2025-12-06,2025-12-01,Shopify,CA,C-01140,CP-REFILL-20,"Car Perfume refill, 2 x 10 ml",Refills,1,10.99,10.99,2.1,8.89
SH-01508,2025-12-06,2025-12-01,Shopify,TX,C-01799,CP-BOTTLE-CLASSIC,"Car Perfume bottle, Onyx, Chrome or Gold",Car Perfume,1,7.99,7.99,2.35,5.64
SH-01508,2025-12-06,2025-12-01,Shopify,TX,C-01799,CP-REFILL-10,"Car Perfume refill, 10 ml",Refills,1,5.99,5.99,1.05,4.94
SH-01509,2025-12-06,2025-12-01,Shopify,IL,C-01797,DF-TF-OMBRE,Tom Ford Ombre Leather EDP 3.4 oz,Designer fragrance,1,113.82,113.82,93.0,20.82
SH-01510,2025-12-06,2025-12-01,Shopify,NY,C-01800,DF-PDM-DELINA,Parfums de Marly Delina EDP 2.5 oz,Designer fragrance,1,206.38,206.38,170.0,36.38
SH-01511,2025-12-06,2025-12-01,Shopify,AZ,C-01167,CP-REFILL-20,"Car Perfume refill, 2 x 10 ml",Refills,1,10.99,10.99,2.1,8.89
EB-00916,2025-12-07,2025-12-01,eBay,CA,C-01804,DF-YSL-LIBRE,YSL Libre EDP 3.0 oz,Designer fragrance,1,105.84,105.84,82.0,23.84
EB-00917,2025-12-07,2025-12-01,eBay,NY,C-01807,CP-REFILL-10,"Car Perfume refill, 10 ml",Refills,1,5.99,5.99,1.05,4.94
EB-00917,2025-12-07,2025-12-01,eBay,NY,C-01807,CP-REFILL-20,"Car Perfume refill, 2 x 10 ml",Refills,1,10.99,10.99,2.1,8.89
EB-00918,2025-12-07,2025-12-01,eBay,PA,C-01809,CP-BOTTLE-CLASSIC,"Car Perfume bottle, Onyx, Chrome or Gold",Car Perfume,1,7.99,7.99,2.35,5.64
EB-00918,2025-12-07,2025-12-01,eBay,PA,C-01809,CP-REFILL-10,"Car Perfume refill, 10 ml",Refills,1,5.99,5.99,1.05,4.94
EB-00918,2025-12-07,2025-12-01,eBay,PA,C-01809,CP-REFILL-20,"Car Perfume refill, 2 x 10 ml",Refills,1,10.99,10.99,2.1,8.89
EB-00919,2025-12-07,2025-12-01,eBay,NY,C-01810,CP-BOTTLE-CLASSIC,"Car Perfume bottle, Onyx, Chrome or Gold",Car Perfume,1,7.99,7.99,2.35,5.64
EB-00920,2025-12-07,2025-12-01,eBay,FL,C-01811,DF-YSL-LIBRE,YSL Libre EDP 3.0 oz,Designer fragrance,1,104.39,104.39,82.0,22.39
EB-00921,2025-12-07,2025-12-01,eBay,CA,C-01813,CP-REFILL-10,"Car Perfume refill, 10 ml",Refills,1,5.99,5.99,1.05,4.94
EB-00921,2025-12-07,2025-12-01,eBay,CA,C-01813,CP-REFILL-20,"Car Perfume refill, 2 x 10 ml",Refills,2,10.99,21.98,4.2,17.78
EB-00922,2025-12-07,2025-12-01,eBay,NV,C-01815,DF-DIOR-SAUVAGE,Dior Sauvage EDT 3.4 oz,Designer fragrance,1,99.18,99.18,76.0,23.18
SH-01512,2025-12-07,2025-12-01,Shopify,CA,C-01803,CP-BOTTLE-COLOR,"Car Perfume bottle, color collection",Car Perfume,1,9.99,9.99,2.55,7.44
SH-01512,2025-12-07,2025-12-01,Shopify,CA,C-01803,CP-REFILL-30,"Car Perfume refill, 3 x 10 ml",Refills,1,14.99,14.99,3.15,11.84
SH-01512,2025-12-07,2025-12-01,Shopify,CA,C-01803,CP-REFILL-10,"Car Perfume refill, 10 ml",Refills,1,5.99,5.99,1.05,4.94
SH-01513,2025-12-07,2025-12-01,Shopify,MI,C-01805,DF-PDM-DELINA,Parfums de Marly Delina EDP 2.5 oz,Designer fragrance,1,205.52,205.52,170.0,35.52
SH-01514,2025-12-07,2025-12-01,Shopify,NV,C-01806,CP-BOTTLE-COLOR,"Car Perfume bottle, color collection",Car Perfume,1,9.99,9.99,2.55,7.44
SH-01514,2025-12-07,2025-12-01,Shopify,NV,C-01806,CP-REFILL-20,"Car Perfume refill, 2 x 10 ml",Refills,1,10.99,10.99,2.1,8.89
SH-01515,2025-12-07,2025-12-01,Shopify,CA,C-00920,CP-BOTTLE-CLASSIC,"Car Perfume bottle, Onyx, Chrome or Gold",Car Perfume,1,7.99,7.99,2.35,5.64
SH-01515,2025-12-07,2025-12-01,Shopify,CA,C-00920,CP-REFILL-10,"Car Perfume refill, 10 ml",Refills,1,5.99,5.99,1.05,4.94
SH-01515,2025-12-07,2025-12-01,Shopify,CA,C-00920,CP-REFILL-30,"Car Perfume refill, 3 x 10 ml",Refills,1,14.99,14.99,3.15,11.84
SH-01516,2025-12-07,2025-12-01,Shopify,CA,C-01808,CP-REFILL-20,"Car Perfume refill, 2 x 10 ml",Refills,1,10.99,10.99,2.1,8.89
SH-01516,2025-12-07,2025-12-01,Shopify,CA,C-01808,CP-REFILL-10,"Car Perfume refill, 10 ml",Refills,1,5.99,5.99,1.05,4.94
SH-01517,2025-12-07,2025-12-01,Shopify,CO,C-00887,CP-REFILL-20,"Car Perfume refill, 2 x 10 ml",Refills,1,10.99,10.99,2.1,8.89
SH-01517,2025-12-07,2025-12-01,Shopify,CO,C-00887,CP-REFILL-10,"Car Perfume refill, 10 ml",Refills,1,5.99,5.99,1.05,4.94
SH-01518,2025-12-07,2025-12-01,Shopify,CA,C-01812,CP-REFILL-30,"Car Perfume refill, 3 x 10 ml",Refills,1,14.99,14.99,3.15,11.84
SH-01518,2025-12-07,2025-12-01,Shopify,CA,C-01812,CP-REFILL-10,"Car Perfume refill, 10 ml",Refills,3,5.99,17.97,3.15,14.82
SH-01519,2025-12-07,2025-12-01,Shopify,NY,C-01143,CP-BOTTLE-COLOR,"Car Perfume bottle, color collection",Car Perfume,1,9.99,9.99,2.55,7.44
SH-01519,2025-12-07,2025-12-01,Shopify,NY,C-01143,CP-REFILL-30,"Car Perfume refill, 3 x 10 ml",Refills,1,14.99,14.99,3.15,11.84
SH-01519,2025-12-07,2025-12-01,Shopify,NY,C-01143,CP-REFILL-10,"Car Perfume refill, 10 ml",Refills,1,5.99,5.99,1.05,4.94
SH-01520,2025-12-07,2025-12-01,Shopify,PA,C-01814,CP-BOTTLE-COLOR,"Car Perfume bottle, color collection",Car Perfume,1,9.99,9.99,2.55,7.44
SH-01521,2025-12-07,2025-12-01,Shopify,NV,C-00893,CP-BOTTLE-CLASSIC,"Car Perfume bottle, Onyx, Chrome or Gold",Car Perfume,1,7.99,7.99,2.35,5.64
SH-01521,2025-12-07,2025-12-01,Shopify,NV,C-00893,CP-REFILL-10,"Car Perfume refill, 10 ml",Refills,1,5.99,5.99,1.05,4.94
EB-00923,2025-12-08,2025-12-01,eBay,NY,C-01816,DF-INITIO-OUD,Initio Oud for Greatness EDP 3.0 oz,Designer fragrance,1,208.16,208.16,169.0,39.16
EB-00924,2025-12-08,2025-12-01,eBay,CA,C-01819,CP-REFILL-30,"Car Perfume refill, 3 x 10 ml",Refills,1,14.99,14.99,3.15,11.84
EB-00924,2025-12-08,2025-12-01,eBay,CA,C-01819,CP-REFILL-20,"Car Perfume refill, 2 x 10 ml",Refills,1,10.99,10.99,2.1,8.89
EB-00925,2025-12-08,2025-12-01,eBay,CO,C-01820,DF-PDM-LAYTON,Parfums de Marly Layton EDP 4.2 oz,Designer fragrance,1,177.7,177.7,148.0,29.7
EB-00926,2025-12-08,2025-12-01,eBay,NY,C-01824,DF-PDM-LAYTON,Parfums de Marly Layton EDP 4.2 oz,Designer fragrance,1,183.09,183.09,148.0,35.09
EB-00927,2025-12-08,2025-12-01,eBay,PA,C-00765,DF-MFK-BR540,Maison Francis Kurkdjian Baccarat Rouge 540 EDP 2.4 oz,Designer fragrance,1,253.36,253.36,219.0,34.36
EB-00928,2025-12-08,2025-12-01,eBay,CA,C-01825,CP-REFILL-10,"Car Perfume refill, 10 ml",Refills,2,5.99,11.98,2.1,9.88
SH-01522,2025-12-08,2025-12-01,Shopify,CA,C-01817,CP-BOTTLE-CLASSIC,"Car Perfume bottle, Onyx, Chrome or Gold",Car Perfume,1,7.99,7.99,2.35,5.64
SH-01523,2025-12-08,2025-12-01,Shopify,NV,C-01818,CP-BOTTLE-CLASSIC,"Car Perfume bottle, Onyx, Chrome or Gold",Car Perfume,1,7.99,7.99,2.35,5.64
SH-01523,2025-12-08,2025-12-01,Shopify,NV,C-01818,CP-REFILL-10,"Car Perfume refill, 10 ml",Refills,2,5.99,11.98,2.1,9.88
SH-01523,2025-12-08,2025-12-01,Shopify,NV,C-01818,CP-REFILL-20,"Car Perfume refill, 2 x 10 ml",Refills,1,10.99,10.99,2.1,8.89
SH-01524,2025-12-08,2025-12-01,Shopify,FL,C-00754,CP-BOTTLE-COLOR,"Car Perfume bottle, color collection",Car Perfume,1,9.99,9.99,2.55,7.44
SH-01525,2025-12-08,2025-12-01,Shopify,TX,C-00700,DF-VAL-BIR,Valentino Born in Roma Uomo EDT 3.4 oz,Designer fragrance,1,93.73,93.73,76.0,17.73
SH-01526,2025-12-08,2025-12-01,Shopify,NY,C-01821,CP-REFILL-10,"Car Perfume refill, 10 ml",Refills,1,5.99,5.99,1.05,4.94
SH-01526,2025-12-08,2025-12-01,Shopify,NY,C-01821,CP-REFILL-30,"Car Perfume refill, 3 x 10 ml",Refills,1,14.99,14.99,3.15,11.84
SH-01526,2025-12-08,2025-12-01,Shopify,NY,C-01821,CP-REFILL-20,"Car Perfume refill, 2 x 10 ml",Refills,1,10.99,10.99,2.1,8.89
SH-01527,2025-12-08,2025-12-01,Shopify,MD,C-01822,CP-BOTTLE-CLASSIC,"Car Perfume bottle, Onyx, Chrome or Gold",Car Perfume,1,7.99,7.99,2.35,5.64
SH-01527,2025-12-08,2025-12-01,Shopify,MD,C-01822,CP-REFILL-20,"Car Perfume refill, 2 x 10 ml",Refills,2,10.99,21.98,4.2,17.78
SH-01527,2025-12-08,2025-12-01,Shopify,MD,C-01822,CP-REFILL-10,"Car Perfume refill, 10 ml",Refills,1,5.99,5.99,1.05,4.94
SH-01528,2025-12-08,2025-12-01,Shopify,CA,C-01823,CP-BOTTLE-CLASSIC,"Car Perfume bottle, Onyx, Chrome or Gold",Car Perfume,1,7.99,7.99,2.35,5.64
EB-00929,2025-12-09,2025-12-01,eBay,TX,C-01826,DF-TF-OMBRE,Tom Ford Ombre Leather EDP 3.4 oz,Designer fragrance,1,111.59,111.59,93.0,18.59
EB-00930,2025-12-09,2025-12-01,eBay,FL,C-01827,DF-PDM-LAYTON,Parfums de Marly Layton EDP 4.2 oz,Designer fragrance,1,180.36,180.36,148.0,32.36
EB-00931,2025-12-09,2025-12-01,eBay,CO,C-01829,DF-YSL-LIBRE,YSL Libre EDP 3.0 oz,Designer fragrance,1,107.53,107.53,82.0,25.53
EB-00932,2025-12-09,2025-12-01,eBay,PA,C-01814,CP-REFILL-30,"Car Perfume refill, 3 x 10 ml",Refills,1,14.99,14.99,3.15,11.84
EB-00932,2025-12-09,2025-12-01,eBay,PA,C-01814,CP-REFILL-10,"Car Perfume refill, 10 ml",Refills,1,5.99,5.99,1.05,4.94
EB-00933,2025-12-09,2025-12-01,eBay,NY,C-01831,DF-YSL-LIBRE,YSL Libre EDP 3.0 oz,Designer fragrance,1,104.13,104.13,82.0,22.13
EB-00934,2025-12-09,2025-12-01,eBay,MA,C-01832,DF-VAL-BIR,Valentino Born in Roma Uomo EDT 3.4 oz,Designer fragrance,1,93.0,93.0,76.0,17.0
EB-00935,2025-12-09,2025-12-01,eBay,MA,C-01834,DF-CREED-AVENTUS,Creed Aventus EDP 3.3 oz,Designer fragrance,1,297.4,297.4,244.0,53.4
SH-01529,2025-12-09,2025-12-01,Shopify,FL,C-01828,CP-BOTTLE-COLOR,"Car Perfume bottle, color collection",Car Perfume,1,9.99,9.99,2.55,7.44
SH-01529,2025-12-09,2025-12-01,Shopify,FL,C-01828,CP-REFILL-20,"Car Perfume refill, 2 x 10 ml",Refills,1,10.99,10.99,2.1,8.89
SH-01530,2025-12-09,2025-12-01,Shopify,VA,C-01765,CP-REFILL-10,"Car Perfume refill, 10 ml",Refills,2,5.99,11.98,2.1,9.88
SH-01530,2025-12-09,2025-12-01,Shopify,VA,C-01765,CP-REFILL-30,"Car Perfume refill, 3 x 10 ml",Refills,2,14.99,29.98,6.3,23.68
SH-01531,2025-12-09,2025-12-01,Shopify,CA,C-01830,CP-BOTTLE-COLOR,"Car Perfume bottle, color collection",Car Perfume,1,9.99,9.99,2.55,7.44
SH-01531,2025-12-09,2025-12-01,Shopify,CA,C-01830,CP-REFILL-10,"Car Perfume refill, 10 ml",Refills,2,5.99,11.98,2.1,9.88
SH-01531,2025-12-09,2025-12-01,Shopify,CA,C-01830,CP-REFILL-20,"Car Perfume refill, 2 x 10 ml",Refills,1,10.99,10.99,2.1,8.89
SH-01532,2025-12-09,2025-12-01,Shopify,MA,C-01833,CP-BOTTLE-COLOR,"Car Perfume bottle, color collection",Car Perfume,1,9.99,9.99,2.55,7.44
SH-01532,2025-12-09,2025-12-01,Shopify,MA,C-01833,CP-REFILL-30,"Car Perfume refill, 3 x 10 ml",Refills,1,14.99,14.99,3.15,11.84
SH-01532,2025-12-09,2025-12-01,Shopify,MA,C-01833,CP-REFILL-10,"Car Perfume refill, 10 ml",Refills,2,5.99,11.98,2.1,9.88
SH-01533,2025-12-09,2025-12-01,Shopify,TX,C-01835,DF-VERSACE-EROS,Versace Eros EDT 3.4 oz,Designer fragrance,1,59.21,59.21,46.0,13.21
SH-01534,2025-12-09,2025-12-01,Shopify,OR,C-01836,CP-REFILL-20,"Car Perfume refill, 2 x 10 ml",Refills,2,10.99,21.98,4.2,17.78
EB-00936,2025-12-10,2025-12-01,eBay,CA,C-01775,DF-PDM-DELINA,Parfums de Marly Delina EDP 2.5 oz,Designer fragrance,1,212.37,212.37,170.0,42.37
EB-00937,2025-12-10,2025-12-01,eBay,CA,C-01843,CP-BOTTLE-COLOR,"Car Perfume bottle, color collection",Car Perfume,1,9.99,9.99,2.55,7.44
EB-00937,2025-12-10,2025-12-01,eBay,CA,C-01843,CP-REFILL-20,"Car Perfume refill, 2 x 10 ml",Refills,1,10.99,10.99,2.1,8.89
EB-00938,2025-12-10,2025-12-01,eBay,CA,C-01845,DF-YSL-LIBRE,YSL Libre EDP 3.0 oz,Designer fragrance,1,102.19,102.19,82.0,20.19
EB-00939,2025-12-10,2025-12-01,eBay,CA,C-01849,CP-REFILL-10,"Car Perfume refill, 10 ml",Refills,2,5.99,11.98,2.1,9.88
EB-00940,2025-12-10,2025-12-01,eBay,CO,C-01850,DF-VERSACE-EROS,Versace Eros EDT 3.4 oz,Designer fragrance,1,62.95,62.95,46.0,16.95
SH-01535,2025-12-10,2025-12-01,Shopify,CA,C-01837,DF-INITIO-OUD,Initio Oud for Greatness EDP 3.0 oz,Designer fragrance,1,202.33,202.33,169.0,33.33
SH-01536,2025-12-10,2025-12-01,Shopify,CA,C-01838,CP-BOTTLE-CLASSIC,"Car Perfume bottle, Onyx, Chrome or Gold",Car Perfume,1,7.99,7.99,2.35,5.64
SH-01537,2025-12-10,2025-12-01,Shopify,OH,C-01839,CP-BOTTLE-COLOR,"Car Perfume bottle, color collection",Car Perfume,1,9.99,9.99,2.55,7.44
SH-01538,2025-12-10,2025-12-01,Shopify,CA,C-01540,CP-REFILL-30,"Car Perfume refill, 3 x 10 ml",Refills,1,14.99,14.99,3.15,11.84
SH-01539,2025-12-10,2025-12-01,Shopify,CA,C-01840,CP-BOTTLE-CLASSIC,"Car Perfume bottle, Onyx, Chrome or Gold",Car Perfume,1,7.99,7.99,2.35,5.64
SH-01539,2025-12-10,2025-12-01,Shopify,CA,C-01840,CP-REFILL-10,"Car Perfume refill, 10 ml",Refills,1,5.99,5.99,1.05,4.94
SH-01540,2025-12-10,2025-12-01,Shopify,FL,C-01440,CP-REFILL-20,"Car Perfume refill, 2 x 10 ml",Refills,2,10.99,21.98,4.2,17.78
SH-01540,2025-12-10,2025-12-01,Shopify,FL,C-01440,CP-REFILL-30,"Car Perfume refill, 3 x 10 ml",Refills,2,14.99,29.98,6.3,23.68
SH-01541,2025-12-10,2025-12-01,Shopify,VA,C-01841,CP-BOTTLE-CLASSIC,"Car Perfume bottle, Onyx, Chrome or Gold",Car Perfume,1,7.99,7.99,2.35,5.64
SH-01541,2025-12-10,2025-12-01,Shopify,VA,C-01841,CP-REFILL-10,"Car Perfume refill, 10 ml",Refills,1,5.99,5.99,1.05,4.94
SH-01542,2025-12-10,2025-12-01,Shopify,CA,C-01842,DF-VERSACE-EROS,Versace Eros EDT 3.4 oz,Designer fragrance,1,61.22,61.22,46.0,15.22
SH-01543,2025-12-10,2025-12-01,Shopify,CA,C-01844,CP-BOTTLE-CLASSIC,"Car Perfume bottle, Onyx, Chrome or Gold",Car Perfume,1,7.99,7.99,2.35,5.64
SH-01544,2025-12-10,2025-12-01,Shopify,CA,C-01803,CP-REFILL-10,"Car Perfume refill, 10 ml",Refills,2,5.99,11.98,2.1,9.88
SH-01544,2025-12-10,2025-12-01,Shopify,CA,C-01803,CP-REFILL-30,"Car Perfume refill, 3 x 10 ml",Refills,1,14.99,14.99,3.15,11.84
SH-01545,2025-12-10,2025-12-01,Shopify,FL,C-01846,CP-REFILL-10,"Car Perfume refill, 10 ml",Refills,2,5.99,11.98,2.1,9.88
SH-01545,2025-12-10,2025-12-01,Shopify,FL,C-01846,CP-REFILL-30,"Car Perfume refill, 3 x 10 ml",Refills,1,14.99,14.99,3.15,11.84
SH-01546,2025-12-10,2025-12-01,Shopify,NY,C-00739,CP-BOTTLE-CLASSIC,"Car Perfume bottle, Onyx, Chrome or Gold",Car Perfume,1,7.99,7.99,2.35,5.64
SH-01546,2025-12-10,2025-12-01,Shopify,NY,C-00739,CP-REFILL-10,"Car Perfume refill, 10 ml",Refills,1,5.99,5.99,1.05,4.94
SH-01546,2025-12-10,2025-12-01,Shopify,NY,C-00739,CP-REFILL-20,"Car Perfume refill, 2 x 10 ml",Refills,1,10.99,10.99,2.1,8.89
SH-01547,2025-12-10,2025-12-01,Shopify,OR,C-01847,CP-BOTTLE-CLASSIC,"Car Perfume bottle, Onyx, Chrome or Gold",Car Perfume,1,7.99,7.99,2.35,5.64
SH-01548,2025-12-10,2025-12-01,Shopify,CA,C-01848,CP-BOTTLE-COLOR,"Car Perfume bottle, color collection",Car Perfume,1,9.99,9.99,2.55,7.44
SH-01548,2025-12-10,2025-12-01,Shopify,CA,C-01848,CP-REFILL-30,"Car Perfume refill, 3 x 10 ml",Refills,1,14.99,14.99,3.15,11.84
SH-01548,2025-12-10,2025-12-01,Shopify,CA,C-01848,CP-REFILL-10,"Car Perfume refill, 10 ml",Refills,1,5.99,5.99,1.05,4.94
EB-00941,2025-12-11,2025-12-01,eBay,CA,C-01856,DF-CREED-AVENTUS,Creed Aventus EDP 3.3 oz,Designer fragrance,1,278.43,278.43,244.0,34.43
EB-00942,2025-12-11,2025-12-01,eBay,CA,C-01859,CP-REFILL-10,"Car Perfume refill, 10 ml",Refills,1,5.99,5.99,1.05,4.94
EB-00942,2025-12-11,2025-12-01,eBay,CA,C-01859,CP-REFILL-30,"Car Perfume refill, 3 x 10 ml",Refills,1,14.99,14.99,3.15,11.84
EB-00942,2025-12-11,2025-12-01,eBay,CA,C-01859,CP-REFILL-20,"Car Perfume refill, 2 x 10 ml",Refills,1,10.99,10.99,2.1,8.89
EB-00943,2025-12-11,2025-12-01,eBay,PA,C-01860,DF-VERSACE-EROS,Versace Eros EDT 3.4 oz,Designer fragrance,1,60.45,60.45,46.0,14.45
EB-00944,2025-12-11,2025-12-01,eBay,FL,C-01862,DF-VERSACE-EROS,Versace Eros EDT 3.4 oz,Designer fragrance,1,61.88,61.88,46.0,15.88
EB-00945,2025-12-11,2025-12-01,eBay,CA,C-01865,CP-REFILL-10,"Car Perfume refill, 10 ml",Refills,3,5.99,17.97,3.15,14.82
EB-00945,2025-12-11,2025-12-01,eBay,CA,C-01865,CP-REFILL-30,"Car Perfume refill, 3 x 10 ml",Refills,1,14.99,14.99,3.15,11.84
EB-00946,2025-12-11,2025-12-01,eBay,MI,C-01866,DF-JPG-ELIXIR,Jean Paul Gaultier Le Male Elixir 4.2 oz,Designer fragrance,1,106.48,106.48,87.0,19.48
SH-01549,2025-12-11,2025-12-01,Shopify,CA,C-01851,DF-JPG-ELIXIR,Jean Paul Gaultier Le Male Elixir 4.2 oz,Designer fragrance,1,113.35,113.35,87.0,26.35
SH-01550,2025-12-11,2025-12-01,Shopify,MA,C-01852,CP-BOTTLE-COLOR,"Car Perfume bottle, color collection",Car Perfume,1,9.99,9.99,2.55,7.44
SH-01550,2025-12-11,2025-12-01,Shopify,MA,C-01852,CP-REFILL-10,"Car Perfume refill, 10 ml",Refills,1,5.99,5.99,1.05,4.94
SH-01551,2025-12-11,2025-12-01,Shopify,AZ,C-01853,CP-REFILL-10,"Car Perfume refill, 10 ml",Refills,2,5.99,11.98,2.1,9.88
SH-01551,2025-12-11,2025-12-01,Shopify,AZ,C-01853,CP-REFILL-30,"Car Perfume refill, 3 x 10 ml",Refills,1,14.99,14.99,3.15,11.84
SH-01551,2025-12-11,2025-12-01,Shopify,AZ,C-01853,CP-REFILL-20,"Car Perfume refill, 2 x 10 ml",Refills,1,10.99,10.99,2.1,8.89
SH-01552,2025-12-11,2025-12-01,Shopify,AZ,C-01854,CP-REFILL-10,"Car Perfume refill, 10 ml",Refills,1,5.99,5.99,1.05,4.94
SH-01552,2025-12-11,2025-12-01,Shopify,AZ,C-01854,CP-REFILL-30,"Car Perfume refill, 3 x 10 ml",Refills,2,14.99,29.98,6.3,23.68
SH-01552,2025-12-11,2025-12-01,Shopify,AZ,C-01854,CP-REFILL-20,"Car Perfume refill, 2 x 10 ml",Refills,1,10.99,10.99,2.1,8.89
SH-01553,2025-12-11,2025-12-01,Shopify,CA,C-01855,CP-BOTTLE-COLOR,"Car Perfume bottle, color collection",Car Perfume,1,9.99,9.99,2.55,7.44
SH-01554,2025-12-11,2025-12-01,Shopify,CA,C-01857,CP-BOTTLE-COLOR,"Car Perfume bottle, color collection",Car Perfume,1,9.99,9.99,2.55,7.44
SH-01554,2025-12-11,2025-12-01,Shopify,CA,C-01857,CP-REFILL-30,"Car Perfume refill, 3 x 10 ml",Refills,3,14.99,44.97,9.45,35.52
SH-01555,2025-12-11,2025-12-01,Shopify,CA,C-01858,DF-VERSACE-EROS,Versace Eros EDT 3.4 oz,Designer fragrance,1,60.16,60.16,46.0,14.16
SH-01556,2025-12-11,2025-12-01,Shopify,CA,C-00878,CP-BOTTLE-CLASSIC,"Car Perfume bottle, Onyx, Chrome or Gold",Car Perfume,1,7.99,7.99,2.35,5.64
SH-01556,2025-12-11,2025-12-01,Shopify,CA,C-00878,CP-REFILL-10,"Car Perfume refill, 10 ml",Refills,1,5.99,5.99,1.05,4.94
SH-01556,2025-12-11,2025-12-01,Shopify,CA,C-00878,CP-REFILL-20,"Car Perfume refill, 2 x 10 ml",Refills,1,10.99,10.99,2.1,8.89
SH-01557,2025-12-11,2025-12-01,Shopify,NV,C-01861,CP-BOTTLE-CLASSIC,"Car Perfume bottle, Onyx, Chrome or Gold",Car Perfume,1,7.99,7.99,2.35,5.64
SH-01558,2025-12-11,2025-12-01,Shopify,TX,C-01863,CP-BOTTLE-CLASSIC,"Car Perfume bottle, Onyx, Chrome or Gold",Car Perfume,1,7.99,7.99,2.35,5.64
SH-01558,2025-12-11,2025-12-01,Shopify,TX,C-01863,CP-REFILL-20,"Car Perfume refill, 2 x 10 ml",Refills,2,10.99,21.98,4.2,17.78
SH-01559,2025-12-11,2025-12-01,Shopify,PA,C-01864,CP-REFILL-20,"Car Perfume refill, 2 x 10 ml",Refills,1,10.99,10.99,2.1,8.89
SH-01559,2025-12-11,2025-12-01,Shopify,PA,C-01864,CP-REFILL-30,"Car Perfume refill, 3 x 10 ml",Refills,1,14.99,14.99,3.15,11.84
SH-01559,2025-12-11,2025-12-01,Shopify,PA,C-01864,CP-REFILL-10,"Car Perfume refill, 10 ml",Refills,2,5.99,11.98,2.1,9.88
EB-00947,2025-12-12,2025-12-01,eBay,CA,C-01869,CP-BOTTLE-CLASSIC,"Car Perfume bottle, Onyx, Chrome or Gold",Car Perfume,1,7.99,7.99,2.35,5.64
EB-00948,2025-12-12,2025-12-01,eBay,CA,C-01870,DF-PDM-LAYTON,Parfums de Marly Layton EDP 4.2 oz,Designer fragrance,1,189.33,189.33,148.0,41.33
EB-00949,2025-12-12,2025-12-01,eBay,NV,C-01789,DF-XJ-ERBA,Xerjoff Erba Pura EDP 3.4 oz,Designer fragrance,1,165.04,165.04,133.0,32.04
SH-01560,2025-12-12,2025-12-01,Shopify,TX,C-01802,CP-BOTTLE-CLASSIC,"Car Perfume bottle, Onyx, Chrome or Gold",Car Perfume,1,7.99,7.99,2.35,5.64
SH-01561,2025-12-12,2025-12-01,Shopify,CA,C-01843,CP-BOTTLE-CLASSIC,"Car Perfume bottle, Onyx, Chrome or Gold",Car Perfume,1,7.99,7.99,2.35,5.64
SH-01562,2025-12-12,2025-12-01,Shopify,CA,C-01867,CP-BOTTLE-CLASSIC,"Car Perfume bottle, Onyx, Chrome or Gold",Car Perfume,1,7.99,7.99,2.35,5.64
SH-01562,2025-12-12,2025-12-01,Shopify,CA,C-01867,CP-REFILL-10,"Car Perfume refill, 10 ml",Refills,1,5.99,5.99,1.05,4.94
SH-01563,2025-12-12,2025-12-01,Shopify,MI,C-01868,CP-BOTTLE-COLOR,"Car Perfume bottle, color collection",Car Perfume,1,9.99,9.99,2.55,7.44
SH-01563,2025-12-12,2025-12-01,Shopify,MI,C-01868,CP-REFILL-10,"Car Perfume refill, 10 ml",Refills,2,5.99,11.98,2.1,9.88
SH-01564,2025-12-12,2025-12-01,Shopify,FL,C-01871,CP-BOTTLE-CLASSIC,"Car Perfume bottle, Onyx, Chrome or Gold",Car Perfume,1,7.99,7.99,2.35,5.64
SH-01565,2025-12-12,2025-12-01,Shopify,WA,C-01872,DF-JPG-ELIXIR,Jean Paul Gaultier Le Male Elixir 4.2 oz,Designer fragrance,1,107.64,107.64,87.0,20.64
EB-00950,2025-12-13,2025-12-01,eBay,CA,C-01873,DF-YSL-LIBRE,YSL Libre EDP 3.0 oz,Designer fragrance,1,106.46,106.46,82.0,24.46
EB-00951,2025-12-13,2025-12-01,eBay,AZ,C-01874,DF-PDM-LAYTON,Parfums de Marly Layton EDP 4.2 oz,Designer fragrance,1,177.78,177.78,148.0,29.78
EB-00952,2025-12-13,2025-12-01,eBay,NJ,C-01875,DF-DIOR-SAUVAGE,Dior Sauvage EDT 3.4 oz,Designer fragrance,1,93.54,93.54,76.0,17.54
EB-00953,2025-12-13,2025-12-01,eBay,CA,C-01876,DF-JPG-ELIXIR,Jean Paul Gaultier Le Male Elixir 4.2 oz,Designer fragrance,1,112.37,112.37,87.0,25.37
EB-00954,2025-12-13,2025-12-01,eBay,CA,C-01878,CP-BOTTLE-CLASSIC,"Car Perfume bottle, Onyx, Chrome or Gold",Car Perfume,1,7.99,7.99,2.35,5.64
EB-00955,2025-12-13,2025-12-01,eBay,CA,C-01882,DF-INITIO-OUD,Initio Oud for Greatness EDP 3.0 oz,Designer fragrance,1,210.44,210.44,169.0,41.44
EB-00956,2025-12-13,2025-12-01,eBay,GA,C-01883,DF-VERSACE-EROS,Versace Eros EDT 3.4 oz,Designer fragrance,1,63.63,63.63,46.0,17.63
EB-00957,2025-12-13,2025-12-01,eBay,CA,C-01886,DF-VAL-BIR,Valentino Born in Roma Uomo EDT 3.4 oz,Designer fragrance,1,93.87,93.87,76.0,17.87
EB-00958,2025-12-13,2025-12-01,eBay,NC,C-01887,DF-CREED-AVENTUS,Creed Aventus EDP 3.3 oz,Designer fragrance,1,295.97,295.97,244.0,51.97
SH-01566,2025-12-13,2025-12-01,Shopify,NC,C-00934,CP-REFILL-30,"Car Perfume refill, 3 x 10 ml",Refills,1,14.99,14.99,3.15,11.84
SH-01567,2025-12-13,2025-12-01,Shopify,CA,C-01877,DF-VERSACE-EROS,Versace Eros EDT 3.4 oz,Designer fragrance,1,58.91,58.91,46.0,12.91
SH-01567,2025-12-13,2025-12-01,Shopify,CA,C-01877,DF-XJ-ERBA,Xerjoff Erba Pura EDP 3.4 oz,Designer fragrance,1,157.65,157.65,133.0,24.65
SH-01568,2025-12-13,2025-12-01,Shopify,FL,C-01879,CP-REFILL-30,"Car Perfume refill, 3 x 10 ml",Refills,1,14.99,14.99,3.15,11.84
SH-01569,2025-12-13,2025-12-01,Shopify,TX,C-01880,CP-REFILL-10,"Car Perfume refill, 10 ml",Refills,1,5.99,5.99,1.05,4.94
SH-01570,2025-12-13,2025-12-01,Shopify,NJ,C-01881,CP-BOTTLE-COLOR,"Car Perfume bottle, color collection",Car Perfume,1,9.99,9.99,2.55,7.44
SH-01571,2025-12-13,2025-12-01,Shopify,CA,C-01884,CP-BOTTLE-CLASSIC,"Car Perfume bottle, Onyx, Chrome or Gold",Car Perfume,1,7.99,7.99,2.35,5.64
SH-01571,2025-12-13,2025-12-01,Shopify,CA,C-01884,CP-REFILL-20,"Car Perfume refill, 2 x 10 ml",Refills,1,10.99,10.99,2.1,8.89
SH-01572,2025-12-13,2025-12-01,Shopify,GA,C-01885,DF-CREED-AVENTUS,Creed Aventus EDP 3.3 oz,Designer fragrance,1,281.99,281.99,244.0,37.99
EB-00959,2025-12-14,2025-12-01,eBay,CA,C-01888,DF-VERSACE-EROS,Versace Eros EDT 3.4 oz,Designer fragrance,1,61.42,61.42,46.0,15.42
EB-00960,2025-12-14,2025-12-01,eBay,TX,C-01891,CP-REFILL-10,"Car Perfume refill, 10 ml",Refills,1,5.99,5.99,1.05,4.94
EB-00961,2025-12-14,2025-12-01,eBay,TX,C-01892,DF-DIOR-SAUVAGE,Dior Sauvage EDT 3.4 oz,Designer fragrance,1,93.72,93.72,76.0,17.72
EB-00962,2025-12-14,2025-12-01,eBay,CA,C-01895,DF-PDM-LAYTON,Parfums de Marly Layton EDP 4.2 oz,Designer fragrance,1,177.76,177.76,148.0,29.76
EB-00963,2025-12-14,2025-12-01,eBay,CA,C-01898,DF-CREED-AVENTUS,Creed Aventus EDP 3.3 oz,Designer fragrance,1,291.26,291.26,244.0,47.26
SH-01573,2025-12-14,2025-12-01,Shopify,GA,C-01889,DF-VAL-BIR,Valentino Born in Roma Uomo EDT 3.4 oz,Designer fragrance,1,99.27,99.27,76.0,23.27
SH-01574,2025-12-14,2025-12-01,Shopify,FL,C-01890,CP-BOTTLE-CLASSIC,"Car Perfume bottle, Onyx, Chrome or Gold",Car Perfume,1,7.99,7.99,2.35,5.64
SH-01574,2025-12-14,2025-12-01,Shopify,FL,C-01890,CP-REFILL-20,"Car Perfume refill, 2 x 10 ml",Refills,1,10.99,10.99,2.1,8.89
SH-01574,2025-12-14,2025-12-01,Shopify,FL,C-01890,CP-REFILL-10,"Car Perfume refill, 10 ml",Refills,1,5.99,5.99,1.05,4.94
SH-01575,2025-12-14,2025-12-01,Shopify,CA,C-01893,CP-REFILL-10,"Car Perfume refill, 10 ml",Refills,3,5.99,17.97,3.15,14.82
SH-01576,2025-12-14,2025-12-01,Shopify,CA,C-01894,DF-INITIO-OUD,Initio Oud for Greatness EDP 3.0 oz,Designer fragrance,1,210.36,210.36,169.0,41.36
SH-01577,2025-12-14,2025-12-01,Shopify,TX,C-01896,CP-REFILL-20,"Car Perfume refill, 2 x 10 ml",Refills,1,10.99,10.99,2.1,8.89
SH-01577,2025-12-14,2025-12-01,Shopify,TX,C-01896,CP-REFILL-10,"Car Perfume refill, 10 ml",Refills,1,5.99,5.99,1.05,4.94
SH-01578,2025-12-14,2025-12-01,Shopify,CA,C-01897,DF-TF-OMBRE,Tom Ford Ombre Leather EDP 3.4 oz,Designer fragrance,1,112.14,112.14,93.0,19.14
SH-01579,2025-12-14,2025-12-01,Shopify,NJ,C-01881,CP-BOTTLE-CLASSIC,"Car Perfume bottle, Onyx, Chrome or Gold",Car Perfume,1,7.99,7.99,2.35,5.64
SH-01579,2025-12-14,2025-12-01,Shopify,NJ,C-01881,CP-REFILL-10,"Car Perfume refill, 10 ml",Refills,1,5.99,5.99,1.05,4.94
SH-01580,2025-12-14,2025-12-01,Shopify,CA,C-01899,CP-REFILL-20,"Car Perfume refill, 2 x 10 ml",Refills,1,10.99,10.99,2.1,8.89
SH-01581,2025-12-14,2025-12-01,Shopify,CA,C-01900,DF-YSL-LIBRE,YSL Libre EDP 3.0 oz,Designer fragrance,1,102.38,102.38,82.0,20.38
SH-01582,2025-12-14,2025-12-01,Shopify,CO,C-01901,CP-BOTTLE-CLASSIC,"Car Perfume bottle, Onyx, Chrome or Gold",Car Perfume,1,7.99,7.99,2.35,5.64
EB-00964,2025-12-15,2025-12-01,eBay,CA,C-01902,DF-PDM-LAYTON,Parfums de Marly Layton EDP 4.2 oz,Designer fragrance,1,187.31,187.31,148.0,39.31
EB-00965,2025-12-15,2025-12-01,eBay,FL,C-01904,DF-DIOR-SAUVAGE,Dior Sauvage EDT 3.4 oz,Designer fragrance,1,97.4,97.4,76.0,21.4
EB-00966,2025-12-15,2025-12-01,eBay,MA,C-01832,DF-VAL-BIR,Valentino Born in Roma Uomo EDT 3.4 oz,Designer fragrance,1,97.37,97.37,76.0,21.37
EB-00967,2025-12-15,2025-12-01,eBay,NY,C-01824,DF-VERSACE-EROS,Versace Eros EDT 3.4 oz,Designer fragrance,1,60.84,60.84,46.0,14.84
EB-00968,2025-12-15,2025-12-01,eBay,GA,C-01885,DF-PDM-LAYTON,Parfums de Marly Layton EDP 4.2 oz,Designer fragrance,1,176.45,176.45,148.0,28.45
EB-00969,2025-12-15,2025-12-01,eBay,OR,C-01913,DF-YSL-LIBRE,YSL Libre EDP 3.0 oz,Designer fragrance,1,100.61,100.61,82.0,18.61
SH-01583,2025-12-15,2025-12-01,Shopify,OR,C-01758,CP-REFILL-30,"Car Perfume refill, 3 x 10 ml",Refills,1,14.99,14.99,3.15,11.84
SH-01584,2025-12-15,2025-12-01,Shopify,NY,C-01903,DF-JPG-ELIXIR,Jean Paul Gaultier Le Male Elixir 4.2 oz,Designer fragrance,1,110.85,110.85,87.0,23.85
SH-01585,2025-12-15,2025-12-01,Shopify,GA,C-01905,CP-BOTTLE-CLASSIC,"Car Perfume bottle, Onyx, Chrome or Gold",Car Perfume,1,7.99,7.99,2.35,5.64
SH-01585,2025-12-15,2025-12-01,Shopify,GA,C-01905,CP-REFILL-10,"Car Perfume refill, 10 ml",Refills,1,5.99,5.99,1.05,4.94
SH-01586,2025-12-15,2025-12-01,Shopify,NY,C-00817,CP-REFILL-10,"Car Perfume refill, 10 ml",Refills,1,5.99,5.99,1.05,4.94
SH-01587,2025-12-15,2025-12-01,Shopify,GA,C-01906,DF-TF-OMBRE,Tom Ford Ombre Leather EDP 3.4 oz,Designer fragrance,1,116.63,116.63,93.0,23.63
SH-01588,2025-12-15,2025-12-01,Shopify,CA,C-01907,CP-REFILL-10,"Car Perfume refill, 10 ml",Refills,2,5.99,11.98,2.1,9.88
SH-01588,2025-12-15,2025-12-01,Shopify,CA,C-01907,CP-REFILL-20,"Car Perfume refill, 2 x 10 ml",Refills,1,10.99,10.99,2.1,8.89
SH-01588,2025-12-15,2025-12-01,Shopify,CA,C-01907,CP-REFILL-30,"Car Perfume refill, 3 x 10 ml",Refills,1,14.99,14.99,3.15,11.84
SH-01589,2025-12-15,2025-12-01,Shopify,CA,C-01908,CP-BOTTLE-CLASSIC,"Car Perfume bottle, Onyx, Chrome or Gold",Car Perfume,1,7.99,7.99,2.35,5.64
SH-01590,2025-12-15,2025-12-01,Shopify,CA,C-01909,DF-JPG-ELIXIR,Jean Paul Gaultier Le Male Elixir 4.2 oz,Designer fragrance,1,114.08,114.08,87.0,27.08
SH-01591,2025-12-15,2025-12-01,Shopify,TX,C-01910,CP-REFILL-10,"Car Perfume refill, 10 ml",Refills,3,5.99,17.97,3.15,14.82
SH-01591,2025-12-15,2025-12-01,Shopify,TX,C-01910,CP-REFILL-20,"Car Perfume refill, 2 x 10 ml",Refills,1,10.99,10.99,2.1,8.89
SH-01592,2025-12-15,2025-12-01,Shopify,OR,C-01911,CP-BOTTLE-COLOR,"Car Perfume bottle, color collection",Car Perfume,1,9.99,9.99,2.55,7.44
SH-01593,2025-12-15,2025-12-01,Shopify,WA,C-01912,CP-REFILL-10,"Car Perfume refill, 10 ml",Refills,1,5.99,5.99,1.05,4.94
SH-01593,2025-12-15,2025-12-01,Shopify,WA,C-01912,CP-REFILL-30,"Car Perfume refill, 3 x 10 ml",Refills,1,14.99,14.99,3.15,11.84
SH-01594,2025-12-15,2025-12-01,Shopify,IL,C-01914,CP-REFILL-30,"Car Perfume refill, 3 x 10 ml",Refills,1,14.99,14.99,3.15,11.84
EB-00970,2025-12-16,2025-12-01,eBay,CA,C-01915,DF-DIOR-SAUVAGE,Dior Sauvage EDT 3.4 oz,Designer fragrance,1,97.7,97.7,76.0,21.7
EB-00971,2025-12-16,2025-12-01,eBay,IL,C-01916,DF-DIOR-SAUVAGE,Dior Sauvage EDT 3.4 oz,Designer fragrance,1,98.45,98.45,76.0,22.45
EB-00972,2025-12-16,2025-12-01,eBay,CA,C-01917,CP-BOTTLE-CLASSIC,"Car Perfume bottle, Onyx, Chrome or Gold",Car Perfume,1,7.99,7.99,2.35,5.64
EB-00973,2025-12-16,2025-12-01,eBay,FL,C-01920,DF-PDM-LAYTON,Parfums de Marly Layton EDP 4.2 oz,Designer fragrance,1,187.84,187.84,148.0,39.84
EB-00974,2025-12-16,2025-12-01,eBay,FL,C-01923,DF-DIOR-SAUVAGE,Dior Sauvage EDT 3.4 oz,Designer fragrance,1,98.85,98.85,76.0,22.85
EB-00975,2025-12-16,2025-12-01,eBay,CA,C-01925,CP-BOTTLE-CLASSIC,"Car Perfume bottle, Onyx, Chrome or Gold",Car Perfume,1,7.99,7.99,2.35,5.64
SH-01595,2025-12-16,2025-12-01,Shopify,IL,C-01607,CP-REFILL-10,"Car Perfume refill, 10 ml",Refills,2,5.99,11.98,2.1,9.88
SH-01595,2025-12-16,2025-12-01,Shopify,IL,C-01607,CP-REFILL-20,"Car Perfume refill, 2 x 10 ml",Refills,2,10.99,21.98,4.2,17.78
SH-01596,2025-12-16,2025-12-01,Shopify,MA,C-01918,DF-VAL-BIR,Valentino Born in Roma Uomo EDT 3.4 oz,Designer fragrance,1,98.91,98.91,76.0,22.91
SH-01597,2025-12-16,2025-12-01,Shopify,AZ,C-01919,CP-BOTTLE-CLASSIC,"Car Perfume bottle, Onyx, Chrome or Gold",Car Perfume,1,7.99,7.99,2.35,5.64
SH-01598,2025-12-16,2025-12-01,Shopify,MD,C-01921,CP-REFILL-10,"Car Perfume refill, 10 ml",Refills,3,5.99,17.97,3.15,14.82
SH-01598,2025-12-16,2025-12-01,Shopify,MD,C-01921,CP-REFILL-30,"Car Perfume refill, 3 x 10 ml",Refills,1,14.99,14.99,3.15,11.84
SH-01599,2025-12-16,2025-12-01,Shopify,CA,C-01922,DF-PDM-LAYTON,Parfums de Marly Layton EDP 4.2 oz,Designer fragrance,1,182.67,182.67,148.0,34.67
SH-01600,2025-12-16,2025-12-01,Shopify,VA,C-01924,DF-JPG-ELIXIR,Jean Paul Gaultier Le Male Elixir 4.2 oz,Designer fragrance,1,108.57,108.57,87.0,21.57
SH-01601,2025-12-16,2025-12-01,Shopify,CA,C-01731,CP-REFILL-10,"Car Perfume refill, 10 ml",Refills,2,5.99,11.98,2.1,9.88
SH-01601,2025-12-16,2025-12-01,Shopify,CA,C-01731,CP-REFILL-20,"Car Perfume refill, 2 x 10 ml",Refills,1,10.99,10.99,2.1,8.89
EB-00976,2025-12-17,2025-12-01,eBay,TX,C-01926,DF-INITIO-OUD,Initio Oud for Greatness EDP 3.0 oz,Designer fragrance,1,206.27,206.27,169.0,37.27
EB-00976,2025-12-17,2025-12-01,eBay,TX,C-01926,DF-CREED-AVENTUS,Creed Aventus EDP 3.3 oz,Designer fragrance,1,297.12,297.12,244.0,53.12
EB-00977,2025-12-17,2025-12-01,eBay,NC,C-01927,DF-TF-OMBRE,Tom Ford Ombre Leather EDP 3.4 oz,Designer fragrance,1,121.0,121.0,93.0,28.0
EB-00978,2025-12-17,2025-12-01,eBay,TX,C-01928,DF-VERSACE-EROS,Versace Eros EDT 3.4 oz,Designer fragrance,1,58.54,58.54,46.0,12.54
EB-00979,2025-12-17,2025-12-01,eBay,NC,C-01931,DF-VERSACE-EROS,Versace Eros EDT 3.4 oz,Designer fragrance,1,59.6,59.6,46.0,13.6
EB-00980,2025-12-17,2025-12-01,eBay,CA,C-01932,CP-BOTTLE-COLOR,"Car Perfume bottle, color collection",Car Perfume,1,9.99,9.99,2.55,7.44
SH-01602,2025-12-17,2025-12-01,Shopify,CA,C-01149,CP-REFILL-10,"Car Perfume refill, 10 ml",Refills,2,5.99,11.98,2.1,9.88
SH-01603,2025-12-17,2025-12-01,Shopify,CA,C-01142,CP-BOTTLE-CLASSIC,"Car Perfume bottle, Onyx, Chrome or Gold",Car Perfume,1,7.99,7.99,2.35,5.64
SH-01603,2025-12-17,2025-12-01,Shopify,CA,C-01142,CP-REFILL-10,"Car Perfume refill, 10 ml",Refills,1,5.99,5.99,1.05,4.94
SH-01604,2025-12-17,2025-12-01,Shopify,CA,C-01843,CP-BOTTLE-COLOR,"Car Perfume bottle, color collection",Car Perfume,1,9.99,9.99,2.55,7.44
SH-01604,2025-12-17,2025-12-01,Shopify,CA,C-01843,CP-REFILL-10,"Car Perfume refill, 10 ml",Refills,1,5.99,5.99,1.05,4.94
SH-01605,2025-12-17,2025-12-01,Shopify,WA,C-01462,CP-BOTTLE-COLOR,"Car Perfume bottle, color collection",Car Perfume,1,9.99,9.99,2.55,7.44
SH-01606,2025-12-17,2025-12-01,Shopify,CA,C-01929,DF-VERSACE-EROS,Versace Eros EDT 3.4 oz,Designer fragrance,1,60.66,60.66,46.0,14.66
SH-01607,2025-12-17,2025-12-01,Shopify,TX,C-01930,CP-REFILL-20,"Car Perfume refill, 2 x 10 ml",Refills,2,10.99,21.98,4.2,17.78
SH-01607,2025-12-17,2025-12-01,Shopify,TX,C-01930,CP-REFILL-10,"Car Perfume refill, 10 ml",Refills,2,5.99,11.98,2.1,9.88
SH-01608,2025-12-17,2025-12-01,Shopify,AZ,C-01561,CP-REFILL-10,"Car Perfume refill, 10 ml",Refills,1,5.99,5.99,1.05,4.94
EB-00981,2025-12-18,2025-12-01,eBay,FL,C-01933,CP-REFILL-10,"Car Perfume refill, 10 ml",Refills,2,5.99,11.98,2.1,9.88
EB-00981,2025-12-18,2025-12-01,eBay,FL,C-01933,CP-REFILL-20,"Car Perfume refill, 2 x 10 ml",Refills,1,10.99,10.99,2.1,8.89
EB-00982,2025-12-18,2025-12-01,eBay,CA,C-01934,DF-PDM-LAYTON,Parfums de Marly Layton EDP 4.2 oz,Designer fragrance,1,179.17,179.17,148.0,31.17
EB-00983,2025-12-18,2025-12-01,eBay,TX,C-01935,DF-VAL-BIR,Valentino Born in Roma Uomo EDT 3.4 oz,Designer fragrance,1,99.38,99.38,76.0,23.38
EB-00984,2025-12-18,2025-12-01,eBay,CA,C-01491,DF-PDM-LAYTON,Parfums de Marly Layton EDP 4.2 oz,Designer fragrance,1,187.49,187.49,148.0,39.49
EB-00985,2025-12-18,2025-12-01,eBay,VA,C-01939,DF-PDM-LAYTON,Parfums de Marly Layton EDP 4.2 oz,Designer fragrance,1,178.36,178.36,148.0,30.36
EB-00986,2025-12-18,2025-12-01,eBay,NC,C-01397,DF-YSL-LIBRE,YSL Libre EDP 3.0 oz,Designer fragrance,1,105.79,105.79,82.0,23.79
SH-01609,2025-12-18,2025-12-01,Shopify,TX,C-01799,CP-REFILL-10,"Car Perfume refill, 10 ml",Refills,1,5.99,5.99,1.05,4.94
SH-01609,2025-12-18,2025-12-01,Shopify,TX,C-01799,CP-REFILL-20,"Car Perfume refill, 2 x 10 ml",Refills,2,10.99,21.98,4.2,17.78
SH-01610,2025-12-18,2025-12-01,Shopify,TX,C-01880,CP-REFILL-10,"Car Perfume refill, 10 ml",Refills,2,5.99,11.98,2.1,9.88
SH-01611,2025-12-18,2025-12-01,Shopify,NC,C-01936,DF-PDM-LAYTON,Parfums de Marly Layton EDP 4.2 oz,Designer fragrance,1,183.33,183.33,148.0,35.33
SH-01612,2025-12-18,2025-12-01,Shopify,CA,C-01937,DF-DIOR-SAUVAGE,Dior Sauvage EDT 3.4 oz,Designer fragrance,1,92.88,92.88,76.0,16.88
SH-01613,2025-12-18,2025-12-01,Shopify,WA,C-01938,CP-BOTTLE-COLOR,"Car Perfume bottle, color collection",Car Perfume,1,9.99,9.99,2.55,7.44
SH-01613,2025-12-18,2025-12-01,Shopify,WA,C-01938,CP-REFILL-10,"Car Perfume refill, 10 ml",Refills,1,5.99,5.99,1.05,4.94
SH-01613,2025-12-18,2025-12-01,Shopify,WA,C-01938,CP-REFILL-30,"Car Perfume refill, 3 x 10 ml",Refills,1,14.99,14.99,3.15,11.84
EB-00987,2025-12-19,2025-12-01,eBay,CA,C-01941,DF-DIOR-SAUVAGE,Dior Sauvage EDT 3.4 oz,Designer fragrance,1,96.26,96.26,76.0,20.26
EB-00988,2025-12-19,2025-12-01,eBay,FL,C-00839,DF-XJ-ERBA,Xerjoff Erba Pura EDP 3.4 oz,Designer fragrance,1,157.83,157.83,133.0,24.83
SH-01614,2025-12-19,2025-12-01,Shopify,TX,C-01940,CP-REFILL-20,"Car Perfume refill, 2 x 10 ml",Refills,1,10.99,10.99,2.1,8.89
SH-01615,2025-12-19,2025-12-01,Shopify,CA,C-01857,CP-BOTTLE-COLOR,"Car Perfume bottle, color collection",Car Perfume,1,9.99,9.99,2.55,7.44
SH-01615,2025-12-19,2025-12-01,Shopify,CA,C-01857,CP-REFILL-30,"Car Perfume refill, 3 x 10 ml",Refills,1,14.99,14.99,3.15,11.84
EB-00989,2025-12-20,2025-12-01,eBay,FL,C-01942,DF-JPG-ELIXIR,Jean Paul Gaultier Le Male Elixir 4.2 oz,Designer fragrance,1,111.97,111.97,87.0,24.97
EB-00990,2025-12-20,2025-12-01,eBay,CA,C-01944,DF-JPG-ELIXIR,Jean Paul Gaultier Le Male Elixir 4.2 oz,Designer fragrance,1,114.54,114.54,87.0,27.54
EB-00991,2025-12-20,2025-12-01,eBay,NV,C-01946,DF-INITIO-OUD,Initio Oud for Greatness EDP 3.0 oz,Designer fragrance,1,203.43,203.43,169.0,34.43
SH-01616,2025-12-20,2025-12-01,Shopify,TX,C-01943,DF-VERSACE-EROS,Versace Eros EDT 3.4 oz,Designer fragrance,1,59.99,59.99,46.0,13.99
SH-01617,2025-12-20,2025-12-01,Shopify,CA,C-01945,CP-BOTTLE-COLOR,"Car Perfume bottle, color collection",Car Perfume,1,9.99,9.99,2.55,7.44
SH-01618,2025-12-20,2025-12-01,Shopify,CA,C-01893,CP-BOTTLE-CLASSIC,"Car Perfume bottle, Onyx, Chrome or Gold",Car Perfume,1,7.99,7.99,2.35,5.64
SH-01618,2025-12-20,2025-12-01,Shopify,CA,C-01893,CP-REFILL-20,"Car Perfume refill, 2 x 10 ml",Refills,1,10.99,10.99,2.1,8.89
SH-01619,2025-12-20,2025-12-01,Shopify,WA,C-00043,CP-BOTTLE-COLOR,"Car Perfume bottle, color collection",Car Perfume,1,9.99,9.99,2.55,7.44
SH-01619,2025-12-20,2025-12-01,Shopify,WA,C-00043,CP-REFILL-10,"Car Perfume refill, 10 ml",Refills,1,5.99,5.99,1.05,4.94
EB-00992,2025-12-21,2025-12-01,eBay,NV,C-01947,DF-PDM-DELINA,Parfums de Marly Delina EDP 2.5 oz,Designer fragrance,1,215.75,215.75,170.0,45.75
EB-00993,2025-12-21,2025-12-01,eBay,CA,C-01949,CP-BOTTLE-COLOR,"Car Perfume bottle, color collection",Car Perfume,1,9.99,9.99,2.55,7.44
EB-00993,2025-12-21,2025-12-01,eBay,CA,C-01949,CP-REFILL-20,"Car Perfume refill, 2 x 10 ml",Refills,1,10.99,10.99,2.1,8.89
EB-00994,2025-12-21,2025-12-01,eBay,NV,C-01950,DF-YSL-LIBRE,YSL Libre EDP 3.0 oz,Designer fragrance,1,104.85,104.85,82.0,22.85
EB-00995,2025-12-21,2025-12-01,eBay,MA,C-01951,CP-BOTTLE-CLASSIC,"Car Perfume bottle, Onyx, Chrome or Gold",Car Perfume,1,7.99,7.99,2.35,5.64
EB-00995,2025-12-21,2025-12-01,eBay,MA,C-01951,CP-REFILL-10,"Car Perfume refill, 10 ml",Refills,1,5.99,5.99,1.05,4.94
SH-01620,2025-12-21,2025-12-01,Shopify,CA,C-01948,CP-BOTTLE-CLASSIC,"Car Perfume bottle, Onyx, Chrome or Gold",Car Perfume,1,7.99,7.99,2.35,5.64
SH-01621,2025-12-21,2025-12-01,Shopify,TX,C-01952,CP-REFILL-10,"Car Perfume refill, 10 ml",Refills,1,5.99,5.99,1.05,4.94
SH-01622,2025-12-21,2025-12-01,Shopify,NY,C-01008,CP-BOTTLE-COLOR,"Car Perfume bottle, color collection",Car Perfume,1,9.99,9.99,2.55,7.44
SH-01623,2025-12-21,2025-12-01,Shopify,OH,C-01953,DF-CREED-AVENTUS,Creed Aventus EDP 3.3 oz,Designer fragrance,1,290.98,290.98,244.0,46.98
SH-01624,2025-12-21,2025-12-01,Shopify,TX,C-01954,CP-BOTTLE-COLOR,"Car Perfume bottle, color collection",Car Perfume,1,9.99,9.99,2.55,7.44
EB-00996,2025-12-22,2025-12-01,eBay,MD,C-01956,DF-PDM-LAYTON,Parfums de Marly Layton EDP 4.2 oz,Designer fragrance,1,185.06,185.06,148.0,37.06
EB-00997,2025-12-22,2025-12-01,eBay,FL,C-01961,DF-INITIO-OUD,Initio Oud for Greatness EDP 3.0 oz,Designer fragrance,1,201.57,201.57,169.0,32.57
EB-00998,2025-12-22,2025-12-01,eBay,FL,C-01962,CP-BOTTLE-CLASSIC,"Car Perfume bottle, Onyx, Chrome or Gold",Car Perfume,1,7.99,7.99,2.35,5.64
EB-00998,2025-12-22,2025-12-01,eBay,FL,C-01962,CP-REFILL-30,"Car Perfume refill, 3 x 10 ml",Refills,1,14.99,14.99,3.15,11.84
EB-00998,2025-12-22,2025-12-01,eBay,FL,C-01962,CP-REFILL-10,"Car Perfume refill, 10 ml",Refills,2,5.99,11.98,2.1,9.88
SH-01625,2025-12-22,2025-12-01,Shopify,OR,C-01955,DF-YSL-LIBRE,YSL Libre EDP 3.0 oz,Designer fragrance,1,108.05,108.05,82.0,26.05
SH-01626,2025-12-22,2025-12-01,Shopify,CA,C-01957,CP-BOTTLE-CLASSIC,"Car Perfume bottle, Onyx, Chrome or Gold",Car Perfume,1,7.99,7.99,2.35,5.64
SH-01626,2025-12-22,2025-12-01,Shopify,CA,C-01957,CP-REFILL-10,"Car Perfume refill, 10 ml",Refills,1,5.99,5.99,1.05,4.94
SH-01627,2025-12-22,2025-12-01,Shopify,MD,C-01958,CP-REFILL-10,"Car Perfume refill, 10 ml",Refills,1,5.99,5.99,1.05,4.94
SH-01628,2025-12-22,2025-12-01,Shopify,CA,C-01959,DF-YSL-LIBRE,YSL Libre EDP 3.0 oz,Designer fragrance,1,108.07,108.07,82.0,26.07
SH-01629,2025-12-22,2025-12-01,Shopify,MI,C-01960,CP-BOTTLE-CLASSIC,"Car Perfume bottle, Onyx, Chrome or Gold",Car Perfume,1,7.99,7.99,2.35,5.64
SH-01629,2025-12-22,2025-12-01,Shopify,MI,C-01960,CP-REFILL-30,"Car Perfume refill, 3 x 10 ml",Refills,1,14.99,14.99,3.15,11.84
SH-01629,2025-12-22,2025-12-01,Shopify,MI,C-01960,CP-REFILL-10,"Car Perfume refill, 10 ml",Refills,1,5.99,5.99,1.05,4.94
SH-01630,2025-12-22,2025-12-01,Shopify,GA,C-01555,DF-VERSACE-EROS,Versace Eros EDT 3.4 oz,Designer fragrance,1,63.8,63.8,46.0,17.8
SH-01631,2025-12-22,2025-12-01,Shopify,CA,C-01963,CP-BOTTLE-CLASSIC,"Car Perfume bottle, Onyx, Chrome or Gold",Car Perfume,1,7.99,7.99,2.35,5.64
SH-01631,2025-12-22,2025-12-01,Shopify,CA,C-01963,CP-REFILL-20,"Car Perfume refill, 2 x 10 ml",Refills,1,10.99,10.99,2.1,8.89
SH-01631,2025-12-22,2025-12-01,Shopify,CA,C-01963,CP-REFILL-10,"Car Perfume refill, 10 ml",Refills,1,5.99,5.99,1.05,4.94
EB-00999,2025-12-23,2025-12-01,eBay,CA,C-01964,DF-VERSACE-EROS,Versace Eros EDT 3.4 oz,Designer fragrance,1,58.53,58.53,46.0,12.53
EB-01000,2025-12-23,2025-12-01,eBay,NY,C-01967,DF-VAL-BIR,Valentino Born in Roma Uomo EDT 3.4 oz,Designer fragrance,1,100.02,100.02,76.0,24.02
EB-01001,2025-12-23,2025-12-01,eBay,FL,C-01970,DF-JPG-ELIXIR,Jean Paul Gaultier Le Male Elixir 4.2 oz,Designer fragrance,1,114.2,114.2,87.0,27.2
EB-01002,2025-12-23,2025-12-01,eBay,CA,C-01526,DF-VAL-BIR,Valentino Born in Roma Uomo EDT 3.4 oz,Designer fragrance,1,93.24,93.24,76.0,17.24
SH-01632,2025-12-23,2025-12-01,Shopify,CA,C-01965,CP-BOTTLE-CLASSIC,"Car Perfume bottle, Onyx, Chrome or Gold",Car Perfume,1,7.99,7.99,2.35,5.64
SH-01632,2025-12-23,2025-12-01,Shopify,CA,C-01965,CP-REFILL-30,"Car Perfume refill, 3 x 10 ml",Refills,1,14.99,14.99,3.15,11.84
SH-01633,2025-12-23,2025-12-01,Shopify,PA,C-01966,DF-VERSACE-EROS,Versace Eros EDT 3.4 oz,Designer fragrance,1,59.76,59.76,46.0,13.76
SH-01634,2025-12-23,2025-12-01,Shopify,FL,C-01490,DF-DIOR-SAUVAGE,Dior Sauvage EDT 3.4 oz,Designer fragrance,1,92.8,92.8,76.0,16.8
SH-01635,2025-12-23,2025-12-01,Shopify,PA,C-01968,DF-PDM-LAYTON,Parfums de Marly Layton EDP 4.2 oz,Designer fragrance,1,178.91,178.91,148.0,30.91
SH-01636,2025-12-23,2025-12-01,Shopify,GA,C-01969,DF-YSL-LIBRE,YSL Libre EDP 3.0 oz,Designer fragrance,1,104.64,104.64,82.0,22.64
SH-01637,2025-12-23,2025-12-01,Shopify,CA,C-01971,CP-REFILL-20,"Car Perfume refill, 2 x 10 ml",Refills,1,10.99,10.99,2.1,8.89
SH-01638,2025-12-23,2025-12-01,Shopify,NV,C-01972,CP-BOTTLE-CLASSIC,"Car Perfume bottle, Onyx, Chrome or Gold",Car Perfume,1,7.99,7.99,2.35,5.64
SH-01638,2025-12-23,2025-12-01,Shopify,NV,C-01972,CP-REFILL-20,"Car Perfume refill, 2 x 10 ml",Refills,2,10.99,21.98,4.2,17.78
EB-01003,2025-12-24,2025-12-01,eBay,NJ,C-01973,DF-VAL-BIR,Valentino Born in Roma Uomo EDT 3.4 oz,Designer fragrance,1,99.72,99.72,76.0,23.72
EB-01003,2025-12-24,2025-12-01,eBay,NJ,C-01973,DF-MFK-BR540,Maison Francis Kurkdjian Baccarat Rouge 540 EDP 2.4 oz,Designer fragrance,1,258.9,258.9,219.0,39.9
EB-01004,2025-12-24,2025-12-01,eBay,CA,C-01974,DF-DIOR-SAUVAGE,Dior Sauvage EDT 3.4 oz,Designer fragrance,1,97.97,97.97,76.0,21.97
EB-01005,2025-12-24,2025-12-01,eBay,WA,C-01977,DF-XJ-ERBA,Xerjoff Erba Pura EDP 3.4 oz,Designer fragrance,1,168.14,168.14,133.0,35.14
EB-01006,2025-12-24,2025-12-01,eBay,OH,C-01980,DF-DIOR-SAUVAGE,Dior Sauvage EDT 3.4 oz,Designer fragrance,1,94.65,94.65,76.0,18.65
EB-01007,2025-12-24,2025-12-01,eBay,TN,C-01983,DF-YSL-LIBRE,YSL Libre EDP 3.0 oz,Designer fragrance,1,101.72,101.72,82.0,19.72
EB-01008,2025-12-24,2025-12-01,eBay,MD,C-01984,DF-VAL-BIR,Valentino Born in Roma Uomo EDT 3.4 oz,Designer fragrance,1,98.62,98.62,76.0,22.62
EB-01009,2025-12-24,2025-12-01,eBay,MA,C-01985,DF-YSL-LIBRE,YSL Libre EDP 3.0 oz,Designer fragrance,1,104.25,104.25,82.0,22.25
SH-01639,2025-12-24,2025-12-01,Shopify,TX,C-01975,CP-BOTTLE-CLASSIC,"Car Perfume bottle, Onyx, Chrome or Gold",Car Perfume,1,7.99,7.99,2.35,5.64
SH-01639,2025-12-24,2025-12-01,Shopify,TX,C-01975,CP-REFILL-10,"Car Perfume refill, 10 ml",Refills,1,5.99,5.99,1.05,4.94
SH-01640,2025-12-24,2025-12-01,Shopify,CA,C-01108,CP-BOTTLE-CLASSIC,"Car Perfume bottle, Onyx, Chrome or Gold",Car Perfume,1,7.99,7.99,2.35,5.64
SH-01640,2025-12-24,2025-12-01,Shopify,CA,C-01108,CP-REFILL-30,"Car Perfume refill, 3 x 10 ml",Refills,1,14.99,14.99,3.15,11.84
SH-01641,2025-12-24,2025-12-01,Shopify,TN,C-01976,DF-DIOR-SAUVAGE,Dior Sauvage EDT 3.4 oz,Designer fragrance,1,95.04,95.04,76.0,19.04
SH-01641,2025-12-24,2025-12-01,Shopify,TN,C-01976,DF-JPG-ELIXIR,Jean Paul Gaultier Le Male Elixir 4.2 oz,Designer fragrance,1,112.42,112.42,87.0,25.42
SH-01642,2025-12-24,2025-12-01,Shopify,MI,C-01978,CP-REFILL-30,"Car Perfume refill, 3 x 10 ml",Refills,1,14.99,14.99,3.15,11.84
SH-01643,2025-12-24,2025-12-01,Shopify,AZ,C-01979,CP-BOTTLE-CLASSIC,"Car Perfume bottle, Onyx, Chrome or Gold",Car Perfume,1,7.99,7.99,2.35,5.64
SH-01643,2025-12-24,2025-12-01,Shopify,AZ,C-01979,CP-REFILL-10,"Car Perfume refill, 10 ml",Refills,1,5.99,5.99,1.05,4.94
SH-01644,2025-12-24,2025-12-01,Shopify,CA,C-00165,CP-REFILL-20,"Car Perfume refill, 2 x 10 ml",Refills,1,10.99,10.99,2.1,8.89
SH-01644,2025-12-24,2025-12-01,Shopify,CA,C-00165,CP-REFILL-10,"Car Perfume refill, 10 ml",Refills,2,5.99,11.98,2.1,9.88
SH-01644,2025-12-24,2025-12-01,Shopify,CA,C-00165,CP-REFILL-30,"Car Perfume refill, 3 x 10 ml",Refills,1,14.99,14.99,3.15,11.84
SH-01645,2025-12-24,2025-12-01,Shopify,CA,C-01981,CP-BOTTLE-CLASSIC,"Car Perfume bottle, Onyx, Chrome or Gold",Car Perfume,1,7.99,7.99,2.35,5.64
SH-01645,2025-12-24,2025-12-01,Shopify,CA,C-01981,CP-REFILL-10,"Car Perfume refill, 10 ml",Refills,2,5.99,11.98,2.1,9.88
SH-01646,2025-12-24,2025-12-01,Shopify,OH,C-01982,CP-REFILL-10,"Car Perfume refill, 10 ml",Refills,1,5.99,5.99,1.05,4.94
SH-01647,2025-12-24,2025-12-01,Shopify,CA,C-01865,CP-REFILL-10,"Car Perfume refill, 10 ml",Refills,1,5.99,5.99,1.05,4.94
SH-01648,2025-12-24,2025-12-01,Shopify,FL,C-01986,CP-BOTTLE-CLASSIC,"Car Perfume bottle, Onyx, Chrome or Gold",Car Perfume,1,7.99,7.99,2.35,5.64
SH-01648,2025-12-24,2025-12-01,Shopify,FL,C-01986,CP-REFILL-30,"Car Perfume refill, 3 x 10 ml",Refills,1,14.99,14.99,3.15,11.84
EB-01010,2025-12-25,2025-12-01,eBay,CA,C-01989,CP-REFILL-10,"Car Perfume refill, 10 ml",Refills,1,5.99,5.99,1.05,4.94
EB-01010,2025-12-25,2025-12-01,eBay,CA,C-01989,CP-REFILL-20,"Car Perfume refill, 2 x 10 ml",Refills,1,10.99,10.99,2.1,8.89
EB-01011,2025-12-25,2025-12-01,eBay,OH,C-01991,DF-PDM-LAYTON,Parfums de Marly Layton EDP 4.2 oz,Designer fragrance,1,174.2,174.2,148.0,26.2
EB-01012,2025-12-25,2025-12-01,eBay,CA,C-01992,CP-BOTTLE-COLOR,"Car Perfume bottle, color collection",Car Perfume,1,9.99,9.99,2.55,7.44
EB-01013,2025-12-25,2025-12-01,eBay,WA,C-01993,CP-BOTTLE-CLASSIC,"Car Perfume bottle, Onyx, Chrome or Gold",Car Perfume,1,7.99,7.99,2.35,5.64
EB-01013,2025-12-25,2025-12-01,eBay,WA,C-01993,CP-REFILL-20,"Car Perfume refill, 2 x 10 ml",Refills,3,10.99,32.97,6.3,26.67
EB-01014,2025-12-25,2025-12-01,eBay,OR,C-01996,DF-VERSACE-EROS,Versace Eros EDT 3.4 oz,Designer fragrance,1,61.9,61.9,46.0,15.9
EB-01015,2025-12-25,2025-12-01,eBay,TX,C-01997,DF-JPG-ELIXIR,Jean Paul Gaultier Le Male Elixir 4.2 oz,Designer fragrance,1,105.46,105.46,87.0,18.46
EB-01016,2025-12-25,2025-12-01,eBay,AZ,C-01999,DF-TF-OMBRE,Tom Ford Ombre Leather EDP 3.4 oz,Designer fragrance,1,111.19,111.19,93.0,18.19
EB-01017,2025-12-25,2025-12-01,eBay,CA,C-02000,DF-TF-OMBRE,Tom Ford Ombre Leather EDP 3.4 oz,Designer fragrance,1,115.91,115.91,93.0,22.91
SH-01649,2025-12-25,2025-12-01,Shopify,CA,C-01622,CP-BOTTLE-CLASSIC,"Car Perfume bottle, Onyx, Chrome or Gold",Car Perfume,1,7.99,7.99,2.35,5.64
SH-01649,2025-12-25,2025-12-01,Shopify,CA,C-01622,CP-REFILL-10,"Car Perfume refill, 10 ml",Refills,1,5.99,5.99,1.05,4.94
SH-01650,2025-12-25,2025-12-01,Shopify,MI,C-01987,CP-BOTTLE-CLASSIC,"Car Perfume bottle, Onyx, Chrome or Gold",Car Perfume,1,7.99,7.99,2.35,5.64
SH-01650,2025-12-25,2025-12-01,Shopify,MI,C-01987,CP-REFILL-30,"Car Perfume refill, 3 x 10 ml",Refills,1,14.99,14.99,3.15,11.84
SH-01651,2025-12-25,2025-12-01,Shopify,FL,C-01988,CP-REFILL-20,"Car Perfume refill, 2 x 10 ml",Refills,2,10.99,21.98,4.2,17.78
SH-01652,2025-12-25,2025-12-01,Shopify,OH,C-01990,CP-BOTTLE-CLASSIC,"Car Perfume bottle, Onyx, Chrome or Gold",Car Perfume,1,7.99,7.99,2.35,5.64
SH-01653,2025-12-25,2025-12-01,Shopify,OR,C-01836,CP-REFILL-30,"Car Perfume refill, 3 x 10 ml",Refills,1,14.99,14.99,3.15,11.84
SH-01654,2025-12-25,2025-12-01,Shopify,CO,C-01994,CP-BOTTLE-COLOR,"Car Perfume bottle, color collection",Car Perfume,1,9.99,9.99,2.55,7.44
SH-01654,2025-12-25,2025-12-01,Shopify,CO,C-01994,CP-REFILL-20,"Car Perfume refill, 2 x 10 ml",Refills,1,10.99,10.99,2.1,8.89
SH-01654,2025-12-25,2025-12-01,Shopify,CO,C-01994,CP-REFILL-30,"Car Perfume refill, 3 x 10 ml",Refills,1,14.99,14.99,3.15,11.84
SH-01655,2025-12-25,2025-12-01,Shopify,NJ,C-01995,DF-DIOR-SAUVAGE,Dior Sauvage EDT 3.4 oz,Designer fragrance,1,98.99,98.99,76.0,22.99
SH-01656,2025-12-25,2025-12-01,Shopify,CA,C-01591,CP-BOTTLE-CLASSIC,"Car Perfume bottle, Onyx, Chrome or Gold",Car Perfume,1,7.99,7.99,2.35,5.64
SH-01656,2025-12-25,2025-12-01,Shopify,CA,C-01591,CP-REFILL-10,"Car Perfume refill, 10 ml",Refills,2,5.99,11.98,2.1,9.88
SH-01657,2025-12-25,2025-12-01,Shopify,NV,C-01998,CP-BOTTLE-COLOR,"Car Perfume bottle, color collection",Car Perfume,1,9.99,9.99,2.55,7.44
EB-01018,2025-12-26,2025-12-01,eBay,MD,C-02003,DF-CREED-AVENTUS,Creed Aventus EDP 3.3 oz,Designer fragrance,1,300.62,300.62,244.0,56.62
EB-01019,2025-12-26,2025-12-01,eBay,CA,C-02004,DF-PDM-LAYTON,Parfums de Marly Layton EDP 4.2 oz,Designer fragrance,1,183.89,183.89,148.0,35.89
EB-01020,2025-12-26,2025-12-01,eBay,NV,C-02007,DF-DIOR-SAUVAGE,Dior Sauvage EDT 3.4 oz,Designer fragrance,1,99.99,99.99,76.0,23.99
EB-01021,2025-12-26,2025-12-01,eBay,PA,C-02009,DF-VERSACE-EROS,Versace Eros EDT 3.4 oz,Designer fragrance,1,62.22,62.22,46.0,16.22
EB-01022,2025-12-26,2025-12-01,eBay,TX,C-02010,DF-VERSACE-EROS,Versace Eros EDT 3.4 oz,Designer fragrance,1,59.87,59.87,46.0,13.87
EB-01023,2025-12-26,2025-12-01,eBay,CA,C-02011,CP-REFILL-10,"Car Perfume refill, 10 ml",Refills,1,5.99,5.99,1.05,4.94
EB-01023,2025-12-26,2025-12-01,eBay,CA,C-02011,CP-REFILL-30,"Car Perfume refill, 3 x 10 ml",Refills,1,14.99,14.99,3.15,11.84
SH-01658,2025-12-26,2025-12-01,Shopify,NJ,C-02001,CP-REFILL-10,"Car Perfume refill, 10 ml",Refills,1,5.99,5.99,1.05,4.94
SH-01659,2025-12-26,2025-12-01,Shopify,PA,C-01207,CP-REFILL-30,"Car Perfume refill, 3 x 10 ml",Refills,3,14.99,44.97,9.45,35.52
SH-01659,2025-12-26,2025-12-01,Shopify,PA,C-01207,CP-REFILL-10,"Car Perfume refill, 10 ml",Refills,1,5.99,5.99,1.05,4.94
SH-01660,2025-12-26,2025-12-01,Shopify,CA,C-02002,CP-REFILL-10,"Car Perfume refill, 10 ml",Refills,2,5.99,11.98,2.1,9.88
SH-01660,2025-12-26,2025-12-01,Shopify,CA,C-02002,CP-REFILL-20,"Car Perfume refill, 2 x 10 ml",Refills,2,10.99,21.98,4.2,17.78
SH-01661,2025-12-26,2025-12-01,Shopify,CA,C-01641,CP-REFILL-20,"Car Perfume refill, 2 x 10 ml",Refills,2,10.99,21.98,4.2,17.78
SH-01661,2025-12-26,2025-12-01,Shopify,CA,C-01641,CP-REFILL-10,"Car Perfume refill, 10 ml",Refills,1,5.99,5.99,1.05,4.94
SH-01661,2025-12-26,2025-12-01,Shopify,CA,C-01641,CP-REFILL-30,"Car Perfume refill, 3 x 10 ml",Refills,1,14.99,14.99,3.15,11.84
SH-01662,2025-12-26,2025-12-01,Shopify,OH,C-01990,CP-BOTTLE-COLOR,"Car Perfume bottle, color collection",Car Perfume,1,9.99,9.99,2.55,7.44
SH-01662,2025-12-26,2025-12-01,Shopify,OH,C-01990,CP-REFILL-30,"Car Perfume refill, 3 x 10 ml",Refills,1,14.99,14.99,3.15,11.84
SH-01663,2025-12-26,2025-12-01,Shopify,CA,C-01244,CP-REFILL-10,"Car Perfume refill, 10 ml",Refills,1,5.99,5.99,1.05,4.94
SH-01663,2025-12-26,2025-12-01,Shopify,CA,C-01244,CP-REFILL-20,"Car Perfume refill, 2 x 10 ml",Refills,3,10.99,32.97,6.3,26.67
SH-01664,2025-12-26,2025-12-01,Shopify,IL,C-02005,DF-VERSACE-EROS,Versace Eros EDT 3.4 oz,Designer fragrance,1,59.17,59.17,46.0,13.17
SH-01665,2025-12-26,2025-12-01,Shopify,NY,C-02006,CP-BOTTLE-CLASSIC,"Car Perfume bottle, Onyx, Chrome or Gold",Car Perfume,1,7.99,7.99,2.35,5.64
SH-01666,2025-12-26,2025-12-01,Shopify,FL,C-02008,CP-BOTTLE-CLASSIC,"Car Perfume bottle, Onyx, Chrome or Gold",Car Perfume,1,7.99,7.99,2.35,5.64
SH-01667,2025-12-26,2025-12-01,Shopify,OR,C-01836,CP-REFILL-10,"Car Perfume refill, 10 ml",Refills,1,5.99,5.99,1.05,4.94
SH-01668,2025-12-26,2025-12-01,Shopify,CA,C-01577,CP-BOTTLE-COLOR,"Car Perfume bottle, color collection",Car Perfume,1,9.99,9.99,2.55,7.44
SH-01669,2025-12-26,2025-12-01,Shopify,VA,C-02012,CP-REFILL-10,"Car Perfume refill, 10 ml",Refills,1,5.99,5.99,1.05,4.94
SH-01669,2025-12-26,2025-12-01,Shopify,VA,C-02012,CP-REFILL-30,"Car Perfume refill, 3 x 10 ml",Refills,1,14.99,14.99,3.15,11.84
SH-01670,2025-12-26,2025-12-01,Shopify,OH,C-02013,CP-BOTTLE-CLASSIC,"Car Perfume bottle, Onyx, Chrome or Gold",Car Perfume,1,7.99,7.99,2.35,5.64
SH-01670,2025-12-26,2025-12-01,Shopify,OH,C-02013,CP-REFILL-20,"Car Perfume refill, 2 x 10 ml",Refills,1,10.99,10.99,2.1,8.89
SH-01670,2025-12-26,2025-12-01,Shopify,OH,C-02013,CP-REFILL-10,"Car Perfume refill, 10 ml",Refills,1,5.99,5.99,1.05,4.94
SH-01671,2025-12-26,2025-12-01,Shopify,TX,C-02014,CP-REFILL-30,"Car Perfume refill, 3 x 10 ml",Refills,1,14.99,14.99,3.15,11.84
SH-01671,2025-12-26,2025-12-01,Shopify,TX,C-02014,CP-REFILL-10,"Car Perfume refill, 10 ml",Refills,1,5.99,5.99,1.05,4.94
SH-01671,2025-12-26,2025-12-01,Shopify,TX,C-02014,CP-REFILL-20,"Car Perfume refill, 2 x 10 ml",Refills,1,10.99,10.99,2.1,8.89
EB-01024,2025-12-27,2025-12-01,eBay,IL,C-02020,DF-JPG-ELIXIR,Jean Paul Gaultier Le Male Elixir 4.2 oz,Designer fragrance,1,113.17,113.17,87.0,26.17
EB-01025,2025-12-27,2025-12-01,eBay,NC,C-02022,DF-VAL-BIR,Valentino Born in Roma Uomo EDT 3.4 oz,Designer fragrance,1,93.2,93.2,76.0,17.2
EB-01026,2025-12-27,2025-12-01,eBay,OH,C-01794,CP-REFILL-10,"Car Perfume refill, 10 ml",Refills,2,5.99,11.98,2.1,9.88
EB-01026,2025-12-27,2025-12-01,eBay,OH,C-01794,CP-REFILL-20,"Car Perfume refill, 2 x 10 ml",Refills,1,10.99,10.99,2.1,8.89
EB-01026,2025-12-27,2025-12-01,eBay,OH,C-01794,CP-REFILL-30,"Car Perfume refill, 3 x 10 ml",Refills,1,14.99,14.99,3.15,11.84
SH-01672,2025-12-27,2025-12-01,Shopify,NJ,C-02015,CP-REFILL-10,"Car Perfume refill, 10 ml",Refills,4,5.99,23.96,4.2,19.76
SH-01673,2025-12-27,2025-12-01,Shopify,OR,C-02016,CP-REFILL-10,"Car Perfume refill, 10 ml",Refills,1,5.99,5.99,1.05,4.94
SH-01674,2025-12-27,2025-12-01,Shopify,CA,C-02017,DF-TF-OMBRE,Tom Ford Ombre Leather EDP 3.4 oz,Designer fragrance,1,119.22,119.22,93.0,26.22
SH-01675,2025-12-27,2025-12-01,Shopify,NJ,C-01201,CP-BOTTLE-COLOR,"Car Perfume bottle, color collection",Car Perfume,1,9.99,9.99,2.55,7.44
SH-01675,2025-12-27,2025-12-01,Shopify,NJ,C-01201,CP-REFILL-20,"Car Perfume refill, 2 x 10 ml",Refills,1,10.99,10.99,2.1,8.89
SH-01676,2025-12-27,2025-12-01,Shopify,WA,C-02018,CP-REFILL-10,"Car Perfume refill, 10 ml",Refills,2,5.99,11.98,2.1,9.88
SH-01676,2025-12-27,2025-12-01,Shopify,WA,C-02018,CP-REFILL-20,"Car Perfume refill, 2 x 10 ml",Refills,2,10.99,21.98,4.2,17.78
SH-01677,2025-12-27,2025-12-01,Shopify,AZ,C-02019,CP-REFILL-10,"Car Perfume refill, 10 ml",Refills,1,5.99,5.99,1.05,4.94
SH-01678,2025-12-27,2025-12-01,Shopify,CA,C-02021,DF-YSL-LIBRE,YSL Libre EDP 3.0 oz,Designer fragrance,1,100.01,100.01,82.0,18.01
SH-01679,2025-12-27,2025-12-01,Shopify,CA,C-02023,CP-BOTTLE-COLOR,"Car Perfume bottle, color collection",Car Perfume,1,9.99,9.99,2.55,7.44
SH-01679,2025-12-27,2025-12-01,Shopify,CA,C-02023,CP-REFILL-20,"Car Perfume refill, 2 x 10 ml",Refills,1,10.99,10.99,2.1,8.89
SH-01680,2025-12-27,2025-12-01,Shopify,TX,C-01954,CP-REFILL-30,"Car Perfume refill, 3 x 10 ml",Refills,1,14.99,14.99,3.15,11.84
SH-01680,2025-12-27,2025-12-01,Shopify,TX,C-01954,CP-REFILL-10,"Car Perfume refill, 10 ml",Refills,3,5.99,17.97,3.15,14.82
EB-01027,2025-12-28,2025-12-01,eBay,CA,C-02024,CP-BOTTLE-COLOR,"Car Perfume bottle, color collection",Car Perfume,1,9.99,9.99,2.55,7.44
EB-01028,2025-12-28,2025-12-01,eBay,PA,C-02026,DF-VAL-BIR,Valentino Born in Roma Uomo EDT 3.4 oz,Designer fragrance,1,94.01,94.01,76.0,18.01
EB-01029,2025-12-28,2025-12-01,eBay,CA,C-02028,DF-PDM-LAYTON,Parfums de Marly Layton EDP 4.2 oz,Designer fragrance,1,174.99,174.99,148.0,26.99
EB-01030,2025-12-28,2025-12-01,eBay,MI,C-02029,DF-VERSACE-EROS,Versace Eros EDT 3.4 oz,Designer fragrance,1,61.88,61.88,46.0,15.88
EB-01031,2025-12-28,2025-12-01,eBay,NY,C-02030,DF-VERSACE-EROS,Versace Eros EDT 3.4 oz,Designer fragrance,1,59.05,59.05,46.0,13.05
SH-01681,2025-12-28,2025-12-01,Shopify,CA,C-02025,CP-REFILL-30,"Car Perfume refill, 3 x 10 ml",Refills,1,14.99,14.99,3.15,11.84
SH-01681,2025-12-28,2025-12-01,Shopify,CA,C-02025,CP-REFILL-10,"Car Perfume refill, 10 ml",Refills,2,5.99,11.98,2.1,9.88
SH-01681,2025-12-28,2025-12-01,Shopify,CA,C-02025,CP-REFILL-20,"Car Perfume refill, 2 x 10 ml",Refills,1,10.99,10.99,2.1,8.89
SH-01682,2025-12-28,2025-12-01,Shopify,FL,C-02027,CP-REFILL-30,"Car Perfume refill, 3 x 10 ml",Refills,3,14.99,44.97,9.45,35.52
SH-01683,2025-12-28,2025-12-01,Shopify,OH,C-01264,CP-REFILL-10,"Car Perfume refill, 10 ml",Refills,1,5.99,5.99,1.05,4.94
SH-01683,2025-12-28,2025-12-01,Shopify,OH,C-01264,CP-REFILL-20,"Car Perfume refill, 2 x 10 ml",Refills,1,10.99,10.99,2.1,8.89
SH-01684,2025-12-28,2025-12-01,Shopify,OH,C-01264,CP-BOTTLE-CLASSIC,"Car Perfume bottle, Onyx, Chrome or Gold",Car Perfume,1,7.99,7.99,2.35,5.64
SH-01684,2025-12-28,2025-12-01,Shopify,OH,C-01264,CP-REFILL-20,"Car Perfume refill, 2 x 10 ml",Refills,1,10.99,10.99,2.1,8.89
SH-01684,2025-12-28,2025-12-01,Shopify,OH,C-01264,CP-REFILL-10,"Car Perfume refill, 10 ml",Refills,1,5.99,5.99,1.05,4.94
SH-01685,2025-12-28,2025-12-01,Shopify,FL,C-02031,DF-INITIO-OUD,Initio Oud for Greatness EDP 3.0 oz,Designer fragrance,1,204.08,204.08,169.0,35.08
EB-01032,2025-12-29,2025-12-01,eBay,CA,C-02034,CP-BOTTLE-COLOR,"Car Perfume bottle, color collection",Car Perfume,1,9.99,9.99,2.55,7.44
EB-01032,2025-12-29,2025-12-01,eBay,CA,C-02034,CP-REFILL-30,"Car Perfume refill, 3 x 10 ml",Refills,1,14.99,14.99,3.15,11.84
EB-01032,2025-12-29,2025-12-01,eBay,CA,C-02034,CP-REFILL-10,"Car Perfume refill, 10 ml",Refills,1,5.99,5.99,1.05,4.94
EB-01033,2025-12-29,2025-12-01,eBay,CA,C-02036,DF-DIOR-SAUVAGE,Dior Sauvage EDT 3.4 oz,Designer fragrance,1,98.49,98.49,76.0,22.49
SH-01686,2025-12-29,2025-12-01,Shopify,CA,C-02032,CP-REFILL-20,"Car Perfume refill, 2 x 10 ml",Refills,1,10.99,10.99,2.1,8.89
SH-01686,2025-12-29,2025-12-01,Shopify,CA,C-02032,CP-REFILL-30,"Car Perfume refill, 3 x 10 ml",Refills,1,14.99,14.99,3.15,11.84
SH-01687,2025-12-29,2025-12-01,Shopify,VA,C-02033,CP-REFILL-20,"Car Perfume refill, 2 x 10 ml",Refills,1,10.99,10.99,2.1,8.89
SH-01688,2025-12-29,2025-12-01,Shopify,FL,C-01146,CP-BOTTLE-COLOR,"Car Perfume bottle, color collection",Car Perfume,1,9.99,9.99,2.55,7.44
SH-01688,2025-12-29,2025-12-01,Shopify,FL,C-01146,CP-REFILL-30,"Car Perfume refill, 3 x 10 ml",Refills,1,14.99,14.99,3.15,11.84
SH-01688,2025-12-29,2025-12-01,Shopify,FL,C-01146,CP-REFILL-20,"Car Perfume refill, 2 x 10 ml",Refills,1,10.99,10.99,2.1,8.89
SH-01689,2025-12-29,2025-12-01,Shopify,CA,C-02035,CP-REFILL-30,"Car Perfume refill, 3 x 10 ml",Refills,1,14.99,14.99,3.15,11.84
SH-01689,2025-12-29,2025-12-01,Shopify,CA,C-02035,CP-REFILL-10,"Car Perfume refill, 10 ml",Refills,1,5.99,5.99,1.05,4.94
SH-01689,2025-12-29,2025-12-01,Shopify,CA,C-02035,CP-REFILL-20,"Car Perfume refill, 2 x 10 ml",Refills,1,10.99,10.99,2.1,8.89
EB-01034,2025-12-30,2025-12-01,eBay,CA,C-02039,DF-JPG-ELIXIR,Jean Paul Gaultier Le Male Elixir 4.2 oz,Designer fragrance,1,109.28,109.28,87.0,22.28
EB-01035,2025-12-30,2025-12-01,eBay,CA,C-02041,DF-PDM-LAYTON,Parfums de Marly Layton EDP 4.2 oz,Designer fragrance,1,183.66,183.66,148.0,35.66
EB-01036,2025-12-30,2025-12-01,eBay,IL,C-02043,CP-BOTTLE-CLASSIC,"Car Perfume bottle, Onyx, Chrome or Gold",Car Perfume,1,7.99,7.99,2.35,5.64
EB-01036,2025-12-30,2025-12-01,eBay,IL,C-02043,CP-REFILL-30,"Car Perfume refill, 3 x 10 ml",Refills,1,14.99,14.99,3.15,11.84
EB-01037,2025-12-30,2025-12-01,eBay,FL,C-02044,CP-BOTTLE-COLOR,"Car Perfume bottle, color collection",Car Perfume,1,9.99,9.99,2.55,7.44
EB-01037,2025-12-30,2025-12-01,eBay,FL,C-02044,CP-REFILL-30,"Car Perfume refill, 3 x 10 ml",Refills,1,14.99,14.99,3.15,11.84
SH-01690,2025-12-30,2025-12-01,Shopify,WA,C-02037,DF-XJ-ERBA,Xerjoff Erba Pura EDP 3.4 oz,Designer fragrance,1,162.27,162.27,133.0,29.27
SH-01691,2025-12-30,2025-12-01,Shopify,CA,C-02038,CP-REFILL-10,"Car Perfume refill, 10 ml",Refills,1,5.99,5.99,1.05,4.94
SH-01692,2025-12-30,2025-12-01,Shopify,CA,C-02040,CP-REFILL-10,"Car Perfume refill, 10 ml",Refills,1,5.99,5.99,1.05,4.94
SH-01693,2025-12-30,2025-12-01,Shopify,AZ,C-01979,CP-BOTTLE-CLASSIC,"Car Perfume bottle, Onyx, Chrome or Gold",Car Perfume,1,7.99,7.99,2.35,5.64
SH-01693,2025-12-30,2025-12-01,Shopify,AZ,C-01979,CP-REFILL-20,"Car Perfume refill, 2 x 10 ml",Refills,1,10.99,10.99,2.1,8.89
SH-01694,2025-12-30,2025-12-01,Shopify,NJ,C-02042,CP-BOTTLE-CLASSIC,"Car Perfume bottle, Onyx, Chrome or Gold",Car Perfume,1,7.99,7.99,2.35,5.64
SH-01695,2025-12-30,2025-12-01,Shopify,CA,C-01823,CP-BOTTLE-CLASSIC,"Car Perfume bottle, Onyx, Chrome or Gold",Car Perfume,1,7.99,7.99,2.35,5.64
SH-01695,2025-12-30,2025-12-01,Shopify,CA,C-01823,CP-REFILL-10,"Car Perfume refill, 10 ml",Refills,1,5.99,5.99,1.05,4.94
SH-01695,2025-12-30,2025-12-01,Shopify,CA,C-01823,CP-REFILL-30,"Car Perfume refill, 3 x 10 ml",Refills,1,14.99,14.99,3.15,11.84
SH-01696,2025-12-30,2025-12-01,Shopify,WA,C-01486,CP-BOTTLE-COLOR,"Car Perfume bottle, color collection",Car Perfume,1,9.99,9.99,2.55,7.44
SH-01697,2025-12-30,2025-12-01,Shopify,CA,C-01565,CP-REFILL-30,"Car Perfume refill, 3 x 10 ml",Refills,1,14.99,14.99,3.15,11.84
EB-01038,2025-12-31,2025-12-01,eBay,CA,C-02047,DF-CREED-AVENTUS,Creed Aventus EDP 3.3 oz,Designer fragrance,1,296.11,296.11,244.0,52.11
EB-01039,2025-12-31,2025-12-01,eBay,AZ,C-02049,CP-REFILL-10,"Car Perfume refill, 10 ml",Refills,1,5.99,5.99,1.05,4.94
EB-01039,2025-12-31,2025-12-01,eBay,AZ,C-02049,CP-REFILL-30,"Car Perfume refill, 3 x 10 ml",Refills,2,14.99,29.98,6.3,23.68
EB-01040,2025-12-31,2025-12-01,eBay,CA,C-02051,DF-VERSACE-EROS,Versace Eros EDT 3.4 oz,Designer fragrance,1,62.49,62.49,46.0,16.49
EB-01041,2025-12-31,2025-12-01,eBay,NJ,C-02052,DF-VAL-BIR,Valentino Born in Roma Uomo EDT 3.4 oz,Designer fragrance,1,97.49,97.49,76.0,21.49
EB-01042,2025-12-31,2025-12-01,eBay,CA,C-02053,DF-PDM-LAYTON,Parfums de Marly Layton EDP 4.2 oz,Designer fragrance,1,187.58,187.58,148.0,39.58
EB-01043,2025-12-31,2025-12-01,eBay,NY,C-02054,DF-VERSACE-EROS,Versace Eros EDT 3.4 oz,Designer fragrance,1,58.65,58.65,46.0,12.65
EB-01044,2025-12-31,2025-12-01,eBay,VA,C-02057,DF-MFK-BR540,Maison Francis Kurkdjian Baccarat Rouge 540 EDP 2.4 oz,Designer fragrance,1,254.7,254.7,219.0,35.7
SH-01698,2025-12-31,2025-12-01,Shopify,CA,C-02045,CP-BOTTLE-COLOR,"Car Perfume bottle, color collection",Car Perfume,1,9.99,9.99,2.55,7.44
SH-01698,2025-12-31,2025-12-01,Shopify,CA,C-02045,CP-REFILL-20,"Car Perfume refill, 2 x 10 ml",Refills,1,10.99,10.99,2.1,8.89
SH-01699,2025-12-31,2025-12-01,Shopify,FL,C-01065,CP-BOTTLE-COLOR,"Car Perfume bottle, color collection",Car Perfume,1,9.99,9.99,2.55,7.44
SH-01699,2025-12-31,2025-12-01,Shopify,FL,C-01065,CP-REFILL-10,"Car Perfume refill, 10 ml",Refills,1,5.99,5.99,1.05,4.94
SH-01700,2025-12-31,2025-12-01,Shopify,GA,C-02046,CP-REFILL-10,"Car Perfume refill, 10 ml",Refills,1,5.99,5.99,1.05,4.94
SH-01700,2025-12-31,2025-12-01,Shopify,GA,C-02046,CP-REFILL-30,"Car Perfume refill, 3 x 10 ml",Refills,1,14.99,14.99,3.15,11.84
SH-01700,2025-12-31,2025-12-01,Shopify,GA,C-02046,CP-REFILL-20,"Car Perfume refill, 2 x 10 ml",Refills,2,10.99,21.98,4.2,17.78
SH-01701,2025-12-31,2025-12-01,Shopify,CA,C-01857,CP-BOTTLE-CLASSIC,"Car Perfume bottle, Onyx, Chrome or Gold",Car Perfume,1,7.99,7.99,2.35,5.64
SH-01702,2025-12-31,2025-12-01,Shopify,WA,C-02048,CP-BOTTLE-CLASSIC,"Car Perfume bottle, Onyx, Chrome or Gold",Car Perfume,1,7.99,7.99,2.35,5.64
SH-01703,2025-12-31,2025-12-01,Shopify,NC,C-02050,CP-BOTTLE-COLOR,"Car Perfume bottle, color collection",Car Perfume,1,9.99,9.99,2.55,7.44
SH-01704,2025-12-31,2025-12-01,Shopify,NC,C-01752,CP-BOTTLE-COLOR,"Car Perfume bottle, color collection",Car Perfume,1,9.99,9.99,2.55,7.44
SH-01704,2025-12-31,2025-12-01,Shopify,NC,C-01752,CP-REFILL-20,"Car Perfume refill, 2 x 10 ml",Refills,1,10.99,10.99,2.1,8.89
SH-01705,2025-12-31,2025-12-01,Shopify,GA,C-02055,CP-REFILL-20,"Car Perfume refill, 2 x 10 ml",Refills,2,10.99,21.98,4.2,17.78
SH-01705,2025-12-31,2025-12-01,Shopify,GA,C-02055,CP-REFILL-10,"Car Perfume refill, 10 ml",Refills,1,5.99,5.99,1.05,4.94
SH-01706,2025-12-31,2025-12-01,Shopify,AZ,C-01224,CP-REFILL-10,"Car Perfume refill, 10 ml",Refills,1,5.99,5.99,1.05,4.94
SH-01707,2025-12-31,2025-12-01,Shopify,GA,C-02056,DF-VERSACE-EROS,Versace Eros EDT 3.4 oz,Designer fragrance,1,58.79,58.79,46.0,12.79
SH-01708,2025-12-31,2025-12-01,Shopify,FL,C-02058,DF-PDM-DELINA,Parfums de Marly Delina EDP 2.5 oz,Designer fragrance,1,205.82,205.82,170.0,35.82
